gid,role,role_score,cluster_id,priority_score,rank,evidence,depth,is_seed,censored,seeds_upstream,seeds_direct,in_degree,out_degree,in_tx,out_tx,in_sum_kzt,out_sum_kzt,retention,fast_out_share,sync_in_max,co_senders,routes_mid,routes_any,pagerank,betweenness,hub_in,hub_out,clusters_touched,peer_in_degree,peer_out_degree,peer_volume,peer_betweenness,depth_outliers
100000003115284100,consolidator,0.8584,0,0.8853,1,Признаки консолидации: деньги от 9 seed (2 напрямую); получает от 8 плательщ. (2.2 млн ₸); платит 2 получат. (517 тыс ₸); отдаёт дальше 24% полученного; 99% уходит ≤2 дн. после поступления,1,False,False,9,2,8,2,15,4,2160500.0,517000.0,0.7607,0.9865,7,0,2,4,0.00152864,0.0001278,8,2,6,0.9936,0.7834,0.9873,0.896,"in_degree,volume"
100000006889963100,consolidator,0.7465,1,0.8062,2,Признаки консолидации: деньги от 9 seed (2 напрямую); получает от 4 плательщ. (1.4 млн ₸); платит 1 получат. (443 тыс ₸); отдаёт дальше 31% полученного; по обороту выше 96% узлов 1-го колена,1,False,False,9,2,4,1,6,3,1431000.0,443475.8,0.6901,1.0,4,0,1,3,0.00042726,2.516e-05,4,0,3,0.9236,0.6476,0.9639,0.8089,volume
100000007908818100,coordinator,0.9474,27,0.7451,3,Связующий узел между хабами: связан с 4+1 хабами (вход+выход); деньги от 8 seed (2 напрямую); получает от 4 плательщ. (727 тыс ₸); платит 6 получат. (302 тыс ₸); отдаёт дальше 42% полученного,1,False,False,8,2,4,6,4,13,727475.0,302000.0,0.5849,0.0497,2,0,0,2,0.00047538,0.00017754,4,1,3,0.9236,0.9342,0.9257,0.9151,
100000004156082100,distributor,0.9101,4,0.7299,4,Признаки веерной раздачи: деньги от 3 seed (1 напрямую); получает от 5 плательщ. (377 тыс ₸); платит 26 получат. (2.3 млн ₸); отдаёт в 6.1 раза больше видимого входа; повтор. маршрутов: 10,1,False,False,3,1,5,26,7,29,377366.11,2319556.0,0.0,0.959,2,1,10,10,0.00086697,0.00204004,2,9,1,0.9703,0.9979,0.9894,0.9894,"in_degree,out_degree,volume,betweenness"
100000008603629100,distributor,0.9936,2,0.7195,5,Признаки веерной раздачи: получает от 19 плательщ. (1.8 млн ₸); платит 61 получат. (5.0 млн ₸); отдаёт в 2.7 раза больше видимого входа; по числу плательщиков больше всех узлов 2-го колена,2,False,False,1,0,19,61,45,74,1817300.0,4986156.0,0.0,0.9888,4,7,35,38,0.00119181,0.00576053,17,24,7,1.0,0.9935,0.9913,0.9978,"in_degree,out_degree,volume,betweenness"
100000008686313100,transit,0.8272,2,0.7173,6,Признаки транзита: деньги от 3 seed (1 напрямую); получает от 6 плательщ. (1.9 млн ₸); платит 7 получат. (334 тыс ₸); отдаёт дальше 17% полученного; по числу плательщиков выше 98% узлов 1-го колена,1,False,False,3,1,6,7,16,13,1912716.0,333800.0,0.8255,1.0,2,14,6,15,0.00046763,0.00198483,6,5,4,0.983,0.9512,0.9766,0.9851,"in_degree,out_degree,volume,betweenness"
100000008165763100,transit,0.8339,3,0.7171,7,Признаки транзита: деньги от 3 seed (1 напрямую); получает от 15 плательщ. (1.2 млн ₸); платит 17 получат. (1.3 млн ₸); отдаёт в 1.1 раза больше видимого входа; 68% уходит ≤2 дн. после поступления,1,False,False,3,1,15,17,26,17,1165815.0,1267858.0,0.0,0.6806,4,6,4,4,0.00091024,0.00034529,13,7,7,1.0,0.9894,0.9809,0.9512,"in_degree,out_degree,volume,betweenness"
100000004015047100,consolidator,0.7079,13,0.691,8,Признаки консолидации: деньги от 6 seed (3 напрямую); получает от 9 плательщ. (919 тыс ₸); платит 1 получат. (69 тыс ₸); отдаёт дальше 8% полученного; 64% уходит ≤2 дн. после поступления,1,False,False,6,3,9,1,18,7,919104.0,69195.0,0.9247,0.6363,2,0,0,0,0.0022786,2.289e-05,6,1,3,0.9958,0.6476,0.9193,0.7983,in_degree
100000000437046100,distributor,0.9651,2,0.6909,9,Признаки веерной раздачи: получает от 9 плательщ. (1.1 млн ₸); платит 42 получат. (7.6 млн ₸); отдаёт в 6.9 раза больше видимого входа; по числу плательщиков выше 98% узлов 2-го колена,2,False,False,1,0,9,42,20,73,1107200.0,7606224.0,0.0,0.8675,3,15,22,28,0.00079249,0.00219715,9,20,8,0.987,0.9913,0.9935,0.9826,"in_degree,out_degree,volume,betweenness"
100000003635170100,transit,0.8551,1,0.6837,10,Признаки транзита: деньги от 4 seed (1 напрямую); получает от 3 плательщ. (268 тыс ₸); платит 4 получат. (254 тыс ₸); отдаёт дальше 94% полученного; 100% уходит ≤2 дн. после поступления,1,False,False,4,1,3,4,13,10,268500.0,253500.0,0.0559,1.0,2,1,1,1,0.00114819,0.00018804,2,1,0,0.8429,0.9002,0.8514,0.9214,
100000008477350100,distributor,0.8849,2,0.6614,11,Признаки веерной раздачи: деньги от 2 seed; получает от 11 плательщ. (610 тыс ₸); платит 39 получат. (3.4 млн ₸); отдаёт в 5.5 раза больше видимого входа; 57% уходит ≤2 дн. после поступления,2,False,False,2,0,11,39,14,44,610100.0,3374866.0,0.0,0.5699,2,8,2,4,0.00103424,0.00251719,10,18,6,0.9957,0.9892,0.9696,0.9848,"in_degree,out_degree,volume,betweenness"
100000008512552100,transit,0.979,10,0.6536,12,Признаки транзита: получает от 4 плательщ. (394 тыс ₸); платит 6 получат. (1.3 млн ₸); отдаёт в 3.3 раза больше видимого входа; 100% уходит ≤2 дн. после поступления; повтор. маршрутов: 7,2,False,False,1,0,4,6,9,11,394360.0,1302275.0,0.0,1.0,2,2,3,7,0.00042588,0.00043073,3,1,1,0.9262,0.9111,0.9328,0.9479,
100000002957787100,distributor,0.9107,3,0.6536,13,Признаки веерной раздачи: получает от 4 плательщ. (85 тыс ₸); платит 34 получат. (1.3 млн ₸); отдаёт в 15.0 раза больше видимого входа; по числу получателей выше 98% узлов 2-го колена,2,False,False,1,0,4,34,7,41,84956.0,1276153.96,0.0,0.7551,2,5,13,14,0.00061383,0.00427665,3,13,9,0.9262,0.9848,0.9111,0.9935,"out_degree,betweenness"
100000004400305100,distributor,0.9443,30,0.6515,14,Признаки веерной раздачи: деньги от 2 seed; получает от 7 плательщ. (223 тыс ₸); платит 82 получат. (5.8 млн ₸); отдаёт в 26.2 раза больше видимого входа; 79% уходит ≤2 дн. после поступления,2,False,False,2,0,7,82,9,101,222800.0,5830181.0,0.0,0.7857,2,8,1,5,0.00038582,0.00260915,7,33,10,0.9761,0.9957,0.9892,0.987,"in_degree,out_degree,volume,betweenness"
100000007055802100,consolidator,0.6007,2,0.6512,15,Признаки консолидации: деньги от 3 seed (1 напрямую); получает от 6 плательщ. (2.0 млн ₸); платит 1 получат. (605 тыс ₸); отдаёт дальше 30% полученного; 100% уходит ≤2 дн. после поступления,1,False,False,3,1,6,1,34,7,2024999.0,605000.0,0.7012,1.0,4,4,4,14,0.00118192,4.36e-06,6,1,3,0.983,0.6476,0.9851,0.7431,"in_degree,volume"
100000004299488100,consolidator,0.5698,2,0.6503,16,Признаки консолидации: деньги от 3 seed (1 напрямую); получает от 6 плательщ. (1.7 млн ₸); платит 2 получат. (345 тыс ₸); отдаёт дальше 20% полученного; 94% уходит ≤2 дн. после поступления,1,False,False,3,1,6,2,22,14,1749000.0,344999.0,0.8027,0.942,3,4,3,12,0.00146212,2.081e-05,6,1,2,0.983,0.7834,0.9724,0.7941,"in_degree,volume"
100000000331309100,distributor,0.8396,23,0.648,17,Признаки веерной раздачи: деньги от 3 seed; получает от 5 плательщ. (985 тыс ₸); платит 99 получат. (23.0 млн ₸); отдаёт в 23.4 раза больше видимого входа; 36% уходит ≤2 дн. после поступления,2,False,False,3,0,5,99,8,126,984635.0,23001375.0,0.0,0.3584,3,17,4,7,0.00087569,0.00455723,4,42,10,0.9479,0.9978,1.0,0.9957,"out_degree,volume,betweenness"
100000007442518100,transit,0.7753,16,0.6438,18,Признаки транзита: деньги от 3 seed (1 напрямую); получает от 5 плательщ. (510 тыс ₸); платит 9 получат. (4.4 млн ₸); отдаёт в 8.7 раза больше видимого входа; 90% уходит ≤2 дн. после поступления,1,False,False,3,1,5,9,8,12,510000.0,4419999.0,0.0,0.8993,1,0,0,2,0.00064877,0.00025224,5,1,4,0.9703,0.966,1.0,0.9342,"in_degree,out_degree,volume"
100000003701161100,transit,0.764,14,0.6426,19,Признаки транзита: деньги от 2 seed (1 напрямую); получает от 4 плательщ. (1.5 млн ₸); платит 3 получат. (349 тыс ₸); отдаёт дальше 23% полученного; по обороту выше 96% узлов 1-го колена,1,False,False,2,1,4,3,13,7,1527103.0,349000.0,0.7715,1.0,2,0,2,2,0.00164882,0.00021301,4,2,1,0.9236,0.8556,0.966,0.9278,volume
100000004403675100,transit,0.7398,15,0.637,20,Признаки транзита: деньги от 3 seed (2 напрямую); получает от 4 плательщ. (183 тыс ₸); платит 5 получат. (265 тыс ₸); отдаёт в 1.4 раза больше видимого входа; 54% уходит ≤2 дн. после поступления,1,False,False,3,2,4,5,8,6,182980.0,264699.0,0.0,0.5402,1,0,2,2,0.00074007,0.00278767,4,3,4,0.9236,0.9236,0.811,1.0,betweenness
100000008346837100,distributor,0.85,3,0.6273,21,Признаки веерной раздачи: деньги от 3 seed; получает от 9 плательщ. (254 тыс ₸); платит 25 получат. (1.3 млн ₸); отдаёт в 4.9 раза больше видимого входа; 85% уходит ≤2 дн. после поступления,2,False,False,3,0,9,25,12,26,254359.0,1258643.0,0.0,0.8516,4,2,0,0,0.00054741,0.00898116,5,9,6,0.987,0.9805,0.9219,1.0,"in_degree,out_degree,betweenness"
100000007129492100,consolidator,0.4968,1,0.6247,22,Признаки консолидации: деньги от 8 seed (2 напрямую); получает от 2 плательщ. (51 тыс ₸); платит 1 получат. (37 тыс ₸); отдаёт дальше 73% полученного; 100% уходит ≤2 дн. после поступления,1,False,False,8,2,2,1,2,1,50990.0,37000.0,0.2744,1.0,1,0,0,2,0.00029452,2.516e-05,2,0,1,0.6624,0.6476,0.5265,0.8089,
100000002398779100,consolidator,0.7292,3,0.6245,23,Признаки консолидации: деньги от 2 seed; получает от 13 плательщ. (1.1 млн ₸); платит 1 получат. (66 тыс ₸); отдаёт дальше 6% полученного; по числу плательщиков больше всех узлов 2-го колена,2,False,False,2,0,13,1,28,3,1095690.0,66000.0,0.9398,1.0,7,1,3,3,0.0016005,1.278e-05,10,0,2,0.9978,0.5835,0.9024,0.7267,in_degree
100000005704413100,distributor,0.835,13,0.6071,24,Признаки веерной раздачи: деньги от 2 seed; получает от 3 плательщ. (98 тыс ₸); платит 32 получат. (1.4 млн ₸); отдаёт в 13.9 раза больше видимого входа; 45% уходит ≤2 дн. после поступления,3,False,False,2,0,3,32,4,35,97834.67,1363593.0,0.0,0.4452,2,1,8,8,0.00059969,0.00256276,1,3,2,0.953,0.9987,0.9632,0.9975,"in_degree,out_degree,volume,betweenness"
100000002957306100,consolidator,0.5937,1,0.6047,25,Признаки консолидации: деньги от 8 seed (2 напрямую); получает от 2 плательщ. (398 тыс ₸); повтор. маршрутов: 6; исходящих ≥5 тыс ₸ нет,1,False,False,8,2,2,0,2,0,398490.0,0.0,1.0,0.0,1,0,0,6,0.00035519,0.0,2,0,1,0.6624,0.0,0.7919,0.0,
100000005933757100,distributor,0.8935,13,0.6047,26,Признаки веерной раздачи: получает от 4 плательщ. (1.2 млн ₸); платит 34 получат. (3.0 млн ₸); отдаёт в 2.4 раза больше видимого входа; по числу получателей выше 98% узлов 2-го колена,2,False,False,1,0,4,34,6,46,1246000.0,3002628.0,0.0,0.6113,2,1,2,2,0.00099799,0.00389279,1,7,6,0.9262,0.9848,0.9718,0.9913,"out_degree,volume,betweenness"
100000008489922100,distributor,0.8104,11,0.6047,27,Признаки веерной раздачи: деньги от 2 seed; получает от 3 плательщ. (262 тыс ₸); платит 36 получат. (3.8 млн ₸); отдаёт в 14.5 раза больше видимого входа; 27% уходит ≤2 дн. после поступления,3,False,False,2,0,3,36,5,41,262010.0,3789900.0,0.0,0.2691,2,9,0,3,0.0005859,0.00087219,2,6,2,0.953,1.0,0.9975,0.9911,"in_degree,out_degree,volume,betweenness"
100000001857829100,distributor,0.709,27,0.6046,28,Признаки веерной раздачи: получает от 6 плательщ. (889 тыс ₸); платит 16 получат. (2.4 млн ₸); отдаёт в 2.7 раза больше видимого входа; по числу плательщиков выше 96% узлов 2-го колена,2,False,False,1,0,6,16,9,16,888535.0,2390993.0,0.0,0.8155,3,8,0,3,0.00062048,0.0019596,5,6,4,0.961,0.9631,0.9653,0.9783,"in_degree,out_degree,volume,betweenness"
100000004820260100,transit,0.813,4,0.601,29,Признаки транзита: деньги от 2 seed; получает от 1 плательщ. (234 тыс ₸); платит 3 получат. (215 тыс ₸); отдаёт дальше 92% полученного; 100% уходит ≤2 дн. после поступления; повтор. маршрутов: 3,2,False,False,2,0,1,3,12,10,234200.0,215350.0,0.0805,1.0,1,2,2,3,0.00140146,1.962e-05,1,1,0,0.0,0.8395,0.8048,0.7636,
100000005339662100,consolidator,0.451,4,0.6009,30,Признаки консолидации: деньги от 3 seed (1 напрямую); получает от 4 плательщ. (203 тыс ₸); платит 4 получат. (295 тыс ₸); отдаёт в 1.5 раза больше видимого входа; 77% уходит ≤2 дн. после поступления,1,False,False,3,1,4,4,9,15,202939.0,295160.0,0.0,0.7669,2,1,1,3,0.00165674,0.00013962,3,3,1,0.9236,0.9002,0.8429,0.9045,
100000003366154100,transit,0.7856,9,0.5983,31,Признаки транзита: деньги от 4 seed (1 напрямую); получает от 1 плательщ. (125 тыс ₸); платит 3 получат. (289 тыс ₸); отдаёт в 2.3 раза больше видимого входа; 100% уходит ≤2 дн. после поступления,1,False,False,4,1,1,3,1,3,125000.0,289170.0,0.0,1.0,1,0,0,1,0.0003106,6.147e-05,1,1,0,0.0,0.8556,0.8004,0.8556,
100000000661912100,consolidator,0.4579,2,0.5968,32,Признаки консолидации: деньги от 2 seed (1 напрямую); получает от 5 плательщ. (393 тыс ₸); платит 2 получат. (431 тыс ₸); отдаёт в 1.1 раза больше видимого входа; 75% уходит ≤2 дн. после поступления,1,False,False,2,1,5,2,9,8,393036.0,430700.0,0.0,0.7516,2,0,1,3,0.00174916,0.00133369,4,0,2,0.9703,0.7834,0.9023,0.9809,"in_degree,betweenness"
100000004070318100,distributor,0.6521,3,0.5958,33,Признаки веерной раздачи: деньги от 2 seed (1 напрямую); получает от 4 плательщ. (207 тыс ₸); платит 19 получат. (552 тыс ₸); отдаёт в 2.7 раза больше видимого входа; повтор. маршрутов: 4,1,False,False,2,1,4,19,6,37,207246.55,551860.0,0.0,0.5406,2,27,0,4,0.00031412,0.00207327,4,15,6,0.9236,0.9915,0.896,0.9915,"out_degree,betweenness"
100000006518161100,consolidator,0.4687,4,0.5904,34,Признаки консолидации: деньги от 3 seed (1 напрямую); получает от 3 плательщ. (594 тыс ₸); платит 2 получат. (596 тыс ₸); отдаёт в 1.0 раза больше видимого входа; 71% уходит ≤2 дн. после поступления,1,False,False,3,1,3,2,13,13,594200.0,595899.0,0.0,0.7147,2,0,2,7,0.00081081,5.786e-05,3,1,0,0.8429,0.7834,0.9342,0.8514,
100000001609499100,coordinator,0.8484,3,0.5871,35,Связующий узел между хабами: связан с 3+2 хабами (вход+выход); деньги от 2 seed (1 напрямую); получает от 3 плательщ. (263 тыс ₸); платит 2 получат. (21 тыс ₸); отдаёт дальше 8% полученного,1,False,False,2,1,3,2,3,2,263113.0,21000.0,0.9202,0.4762,1,8,0,1,0.00032091,0.00018422,3,2,2,0.8429,0.7834,0.7367,0.9172,
100000003004487100,transit,0.7827,18,0.5863,36,Признаки транзита: деньги от 2 seed (1 напрямую); получает от 4 плательщ. (184 тыс ₸); платит 2 получат. (265 тыс ₸); отдаёт в 1.4 раза больше видимого входа; 92% уходит ≤2 дн. после поступления,1,False,False,2,1,4,2,9,3,183702.8,265015.0,0.0,0.9245,2,2,0,1,0.00035087,0.0001928,4,1,2,0.9236,0.7834,0.8132,0.9236,
100000008730846100,consolidator,0.4821,0,0.5852,37,Признаки консолидации: получает от 7 плательщ. (155 тыс ₸); платит 3 получат. (363 тыс ₸); отдаёт в 2.3 раза больше видимого входа; по числу плательщиков выше 97% узлов 2-го колена,2,False,False,1,0,7,3,11,4,155042.0,363370.0,0.0,1.0,4,6,3,3,0.00053606,0.00014091,7,1,2,0.9761,0.8395,0.833,0.9111,in_degree
100000008748914100,distributor,0.5863,9,0.5844,38,Признаки веерной раздачи: получает от 2 плательщ. (180 тыс ₸); платит 13 получат. (4.5 млн ₸); отдаёт в 24.8 раза больше видимого входа; по числу получателей выше 97% узлов 1-го колена,1,False,False,1,1,2,13,9,21,180000.0,4471847.0,0.0,0.4959,1,11,4,25,0.00079083,0.00064061,0,7,5,0.6624,0.9788,0.9958,0.9682,"out_degree,volume,betweenness"
100000008304139100,distributor,0.701,3,0.5828,39,Признаки веерной раздачи: деньги от 2 seed (1 напрямую); получает от 4 плательщ. (189 тыс ₸); платит 24 получат. (1.7 млн ₸); отдаёт в 8.9 раза больше видимого входа; повтор. маршрутов: 69,1,False,False,2,1,4,24,4,43,189329.75,1692997.0,0.0,0.2819,1,25,0,69,0.00031362,0.0013103,4,13,6,0.9236,0.9958,0.9682,0.9788,"out_degree,volume,betweenness"
100000005910114100,distributor,0.6488,3,0.5818,40,Признаки веерной раздачи: деньги от 3 seed; получает от 3 плательщ. (326 тыс ₸); платит 19 получат. (1.5 млн ₸); отдаёт в 4.5 раза больше видимого входа; 42% уходит ≤2 дн. после поступления,3,False,False,3,0,3,19,3,56,326144.0,1469993.0,0.0,0.4222,1,32,0,49,0.00036165,0.00584221,3,14,4,0.953,0.9962,0.9759,1.0,"in_degree,out_degree,volume,betweenness"
100000005782781100,transit,0.8316,3,0.5767,41,Признаки транзита: получает от 6 плательщ. (172 тыс ₸); платит 10 получат. (1.3 млн ₸); отдаёт в 7.4 раза больше видимого входа; по числу плательщиков выше 96% узлов 2-го колена,2,False,False,1,0,6,10,10,10,171888.0,1263597.0,0.0,1.0,3,2,0,0,0.00048751,0.00056832,6,3,2,0.961,0.9414,0.9176,0.9544,"in_degree,betweenness"
100000004071080100,consolidator,0.5199,2,0.5739,42,Признаки консолидации: деньги от 2 seed (1 напрямую); получает от 9 плательщ. (239 тыс ₸); платит 2 получат. (46 тыс ₸); отдаёт дальше 19% полученного; 87% уходит ≤2 дн. после поступления,1,False,False,2,1,9,2,16,5,238600.0,46500.0,0.8051,0.871,2,0,2,6,0.001369,2.814e-05,8,0,3,0.9958,0.7834,0.7389,0.8132,in_degree
100000001530983100,distributor,0.4548,9,0.5717,43,Признаки веерной раздачи: деньги от 4 seed (2 напрямую); получает от 4 плательщ. (564 тыс ₸); платит 11 получат. (1.8 млн ₸); отдаёт в 3.2 раза больше видимого входа; повтор. маршрутов: 3,1,False,False,4,2,4,11,4,17,564158.0,1829538.0,0.0,0.1565,1,0,0,3,0.00035609,0.00033207,4,3,3,0.9236,0.9745,0.9788,0.9469,"out_degree,volume"
100000008547948100,distributor,0.7342,11,0.5698,44,Признаки веерной раздачи: деньги от 2 seed; получает от 6 плательщ. (213 тыс ₸); платит 26 получат. (5.2 млн ₸); отдаёт в 24.4 раза больше видимого входа; 22% уходит ≤2 дн. после поступления,2,False,False,2,0,6,26,7,31,212665.0,5185600.0,0.0,0.2163,4,11,2,2,0.0004277,0.00113221,5,8,2,0.961,0.9826,0.9848,0.9696,"in_degree,out_degree,volume,betweenness"
100000003923946100,transit,0.7801,13,0.565,45,Признаки транзита: деньги от 2 seed (1 напрямую); получает от 1 плательщ. (282 тыс ₸); платит 4 получат. (675 тыс ₸); отдаёт в 2.4 раза больше видимого входа; 100% уходит ≤2 дн. после поступления,1,False,False,2,1,1,4,3,4,282000.0,675000.0,0.0,1.0,1,1,2,2,0.00038942,1.98e-06,0,2,0,0.0,0.9002,0.9172,0.7261,
100000002894076100,consolidator,0.6773,17,0.564,46,Признаки консолидации: деньги от 7 seed (2 напрямую); получает от 4 плательщ. (1.1 млн ₸); до 3 плательщ. в один день; исходящих ≥5 тыс ₸ нет,1,False,False,7,2,4,0,6,0,1122782.0,0.0,1.0,0.0,3,0,0,0,0.00038268,0.0,4,0,2,0.9236,0.0,0.9278,0.0,
100000004759121100,consolidator,0.5013,2,0.5627,47,Признаки консолидации: деньги от 3 seed (1 напрямую); получает от 6 плательщ. (710 тыс ₸); платит 2 получат. (312 тыс ₸); отдаёт дальше 44% полученного; 52% уходит ≤2 дн. после поступления,1,False,False,3,1,6,2,10,6,710000.0,312000.0,0.5606,0.5192,1,0,0,2,0.00141518,7.708e-05,6,1,3,0.983,0.7834,0.9236,0.8641,in_degree
100000004351795100,distributor,0.559,3,0.5601,48,Признаки веерной раздачи: деньги от 2 seed (1 напрямую); получает от 3 плательщ. (118 тыс ₸); платит 14 получат. (1.7 млн ₸); отдаёт в 14.5 раза больше видимого входа; повтор. маршрутов: 18,1,False,False,2,1,3,14,3,37,118333.0,1715161.0,0.0,0.3791,1,16,0,18,0.00031352,0.00242852,3,9,4,0.8429,0.9809,0.9575,0.9936,"out_degree,volume,betweenness"
100000004330371100,transit,0.5882,4,0.5575,49,Признаки транзита: получает от 2 плательщ. (264 тыс ₸); платит 2 получат. (91 тыс ₸); отдаёт дальше 34% полученного; 65% уходит ≤2 дн. после поступления; повтор. маршрутов: 2,1,False,False,1,1,2,2,12,6,264171.0,90681.0,0.6567,0.6495,2,2,1,2,0.00125427,0.00033467,1,1,0,0.6624,0.7834,0.7749,0.949,
100000008736940100,transit,0.5958,7,0.5563,50,Признаки транзита: получает от 3 плательщ. (451 тыс ₸); платит 3 получат. (182 тыс ₸); отдаёт дальше 40% полученного; 100% уходит ≤2 дн. после поступления; повтор. маршрутов: 3,1,False,False,1,1,3,3,13,6,451090.0,182100.0,0.5963,1.0,2,2,1,3,0.00241416,7.9e-07,3,3,0,0.8429,0.8556,0.879,0.7028,
100000003528285100,transit,0.6308,2,0.5559,51,Признаки транзита: деньги от 2 seed; получает от 4 плательщ. (119 тыс ₸); платит 4 получат. (548 тыс ₸); отдаёт в 4.6 раза больше видимого входа; по числу плательщиков выше 98% узлов 3-го колена,3,False,False,2,0,4,4,5,6,118870.0,548000.0,0.0,0.6204,1,13,0,14,0.00040428,0.00011505,3,1,2,0.9873,0.9404,0.8985,0.9581,"in_degree,betweenness"
100000005140601100,transit,0.7176,2,0.5527,52,Признаки транзита: получает от 3 плательщ. (53 тыс ₸); платит 2 получат. (195 тыс ₸); отдаёт в 3.7 раза больше видимого входа; 97% уходит ≤2 дн. после поступления; повтор. маршрутов: 3,2,False,False,1,0,3,2,4,5,52685.0,195300.0,0.0,0.9744,2,0,0,3,0.00270573,1.962e-05,2,1,0,0.8503,0.7614,0.7223,0.7636,
100000008547844100,distributor,0.6537,11,0.5522,53,Признаки веерной раздачи: деньги от 3 seed; получает от 3 плательщ. (178 тыс ₸); платит 19 получат. (2.0 млн ₸); отдаёт в 11.5 раза больше видимого входа; 41% уходит ≤2 дн. после поступления,2,False,False,3,0,3,19,3,21,177600.0,2042199.0,0.0,0.4073,1,8,0,2,0.00034434,0.00178761,2,7,1,0.8503,0.9696,0.9523,0.9761,"out_degree,volume,betweenness"
100000001697501100,distributor,0.8415,35,0.5511,54,Признаки веерной раздачи: получает от 3 плательщ. (124 тыс ₸); платит 38 получат. (1.5 млн ₸); отдаёт в 12.0 раза больше видимого входа; по числу получателей больше всех узлов 1-го колена,1,False,False,1,1,3,38,3,55,123700.0,1482606.0,0.0,0.4582,1,1,0,1,0.0005916,0.00020548,2,2,1,0.8429,1.0,0.9533,0.9257,"out_degree,volume"
100000008748408100,distributor,0.7966,21,0.5504,55,Признаки веерной раздачи: получает от 1 плательщ. (360 тыс ₸); платит 21 получат. (1.5 млн ₸); отдаёт в 4.2 раза больше видимого входа; по числу получателей выше 99% узлов 1-го колена,1,False,False,1,1,1,21,2,22,360000.0,1499960.0,0.0,0.8743,1,0,6,6,0.00033405,7.13e-06,1,4,2,0.0,0.9936,0.9597,0.7473,"out_degree,volume"
100000008739887100,transit,0.7619,2,0.5492,56,Признаки транзита: деньги от 2 seed; получает от 2 плательщ. (214 тыс ₸); платит 2 получат. (307 тыс ₸); отдаёт в 1.4 раза больше видимого входа; 100% уходит ≤2 дн. после поступления,3,False,False,2,0,2,2,3,2,214000.0,307000.0,0.0,1.0,1,0,0,2,0.0003333,3.844e-05,2,0,0,0.8414,0.8363,0.8731,0.8731,
100000003242289100,distributor,0.7042,10,0.5488,57,Признаки веерной раздачи: получает от 3 плательщ. (551 тыс ₸); платит 23 получат. (2.4 млн ₸); отдаёт в 4.3 раза больше видимого входа; по числу получателей выше 97% узлов 2-го колена,2,False,False,1,0,3,23,8,26,550791.0,2377741.0,0.0,0.3309,2,3,4,6,0.00043972,0.00100135,3,6,5,0.8503,0.9761,0.961,0.9653,"out_degree,volume,betweenness"
100000004679953100,transit,0.4789,2,0.5484,58,Признаки транзита: деньги от 2 seed (1 напрямую); получает от 3 плательщ. (344 тыс ₸); платит 3 получат. (34 тыс ₸); отдаёт дальше 10% полученного; по посредничеству выше 95% узлов 1-го колена,1,False,False,2,1,3,3,3,3,343538.0,34100.0,0.9007,0.6246,2,3,0,3,0.00033427,0.00035422,3,3,4,0.8429,0.8556,0.7834,0.9533,betweenness
100000001660397100,transit,0.7204,3,0.5482,59,Признаки транзита: получает от 2 плательщ. (49 тыс ₸); платит 3 получат. (49 тыс ₸); отдаёт в 1.0 раза больше видимого входа; по посредничеству выше 96% узлов 1-го колена; повтор. маршрутов: 3,1,False,False,1,1,2,3,2,4,48600.0,49000.0,0.0,0.7551,1,5,0,3,0.00029515,0.0005033,2,3,2,0.6624,0.8556,0.552,0.966,betweenness
100000002578405100,distributor,0.909,34,0.5472,60,Признаки веерной раздачи: получает от 2 плательщ. (1.2 млн ₸); платит 116 получат. (3.1 млн ₸); отдаёт в 2.6 раза больше видимого входа; по числу получателей больше всех узлов 2-го колена,2,False,False,1,0,2,116,7,120,1200351.0,3108352.0,0.0,0.6693,1,0,1,1,0.00057001,0.000171,1,2,1,0.731,1.0,0.9761,0.9197,"out_degree,volume"
100000008517538100,distributor,0.6572,11,0.5471,61,Признаки веерной раздачи: деньги от 2 seed; получает от 3 плательщ. (156 тыс ₸); платит 17 получат. (1.4 млн ₸); отдаёт в 9.3 раза больше видимого входа; 59% уходит ≤2 дн. после поступления,3,False,False,2,0,3,17,6,18,155500.0,1439000.0,0.0,0.5921,1,7,3,3,0.00030702,0.00024581,3,3,1,0.953,0.9949,0.9683,0.9746,"in_degree,out_degree,volume,betweenness"
100000002267998100,transit,0.6638,14,0.5469,62,Признаки транзита: деньги от 2 seed; получает от 2 плательщ. (420 тыс ₸); платит 3 получат. (1.1 млн ₸); отдаёт в 2.7 раза больше видимого входа; 74% уходит ≤2 дн. после поступления,2,False,False,2,0,2,3,4,12,420000.0,1115000.0,0.0,0.7354,1,1,0,2,0.00158483,5.885e-05,2,2,0,0.731,0.8395,0.9241,0.8547,
100000008710791100,distributor,0.806,11,0.5467,63,Признаки веерной раздачи: получает от 3 плательщ. (182 тыс ₸); платит 23 получат. (5.5 млн ₸); отдаёт в 30.4 раза больше видимого входа; по числу получателей выше 97% узлов 2-го колена,2,False,False,1,0,3,23,3,25,181510.0,5521511.0,0.0,0.7007,1,11,0,1,0.00033426,0.00031461,3,5,0,0.8503,0.9761,0.987,0.9436,"out_degree,volume"
100000004077081100,transit,0.6606,3,0.5464,64,Признаки транзита: деньги от 3 seed; получает от 1 плательщ. (140 тыс ₸); платит 4 получат. (615 тыс ₸); отдаёт в 4.4 раза больше видимого входа; по посредничеству выше 96% узлов 3-го колена,3,False,False,3,0,1,4,1,6,140000.0,615000.0,0.0,0.6829,1,13,0,13,0.00029011,0.00011599,1,3,2,0.0,0.9404,0.9074,0.9632,betweenness
100000008003034100,coordinator,0.989,4,0.5458,65,Связующий узел между хабами: связан с 1+3 хабами (вход+выход); получает от 1 плательщ. (12 тыс ₸); платит 4 получат. (135 тыс ₸); отдаёт в 11.1 раза больше видимого входа; повтор. маршрутов: 1,1,False,False,1,1,1,4,1,4,12201.0,135000.0,0.0,0.3593,1,3,0,1,0.00028688,0.00199314,1,3,3,0.0,0.9002,0.6115,0.9873,betweenness
100000001924185100,consolidator,0.5534,1,0.5456,66,Признаки консолидации: деньги от 8 seed (2 напрямую); получает от 2 плательщ. (151 тыс ₸); повтор. маршрутов: 2; исходящих ≥5 тыс ₸ нет,1,False,False,8,2,2,0,2,0,151000.0,0.0,1.0,0.0,1,0,0,2,0.00031022,0.0,2,0,1,0.6624,0.0,0.6157,0.0,
100000007511163100,coordinator,0.7384,4,0.5432,67,Связующий узел между хабами: связан с 2+2 хабами (вход+выход); получает от 2 плательщ. (64 тыс ₸); платит 3 получат. (82 тыс ₸); отдаёт в 1.3 раза больше видимого входа; повтор. маршрутов: 2,1,False,False,1,1,2,3,2,3,63666.0,82052.0,0.0,0.5972,1,1,0,2,0.0003396,0.00013646,2,2,1,0.6624,0.8556,0.6072,0.9023,
100000003718221100,transit,0.6781,14,0.5429,68,Признаки транзита: деньги от 2 seed; получает от 2 плательщ. (350 тыс ₸); платит 4 получат. (424 тыс ₸); отдаёт в 1.2 раза больше видимого входа; 80% уходит ≤2 дн. после поступления,2,False,False,2,0,2,4,6,8,350000.0,423500.0,0.0,0.8028,1,1,0,2,0.00104347,3.923e-05,2,2,0,0.731,0.8915,0.872,0.8243,
100000005473151100,transit,0.6165,17,0.5419,69,Признаки транзита: деньги от 2 seed (1 напрямую); получает от 3 плательщ. (1.2 млн ₸); платит 4 получат. (225 тыс ₸); отдаёт дальше 18% полученного; 91% уходит ≤2 дн. после поступления,1,False,False,2,1,3,4,4,6,1220000.0,225000.0,0.8156,0.9111,2,0,0,0,0.00046827,0.0002416,3,1,1,0.8429,0.9002,0.949,0.9321,
100000008258083100,transit,0.6166,16,0.5401,70,Признаки транзита: получает от 2 плательщ. (3.1 млн ₸); платит 2 получат. (2.0 млн ₸); отдаёт дальше 65% полученного; по обороту выше 98% узлов 2-го колена; 76% уходит ≤2 дн. после поступления,2,False,False,1,0,2,2,13,6,3149500.0,2045650.0,0.3505,0.7647,1,0,0,3,0.00105004,7.767e-05,2,1,0,0.731,0.7614,0.9826,0.8698,volume
100000001049200100,coordinator,0.783,4,0.5375,71,Связующий узел между хабами: связан с 2+3 хабами (вход+выход); деньги от 2 seed (1 напрямую); получает от 2 плательщ. (77 тыс ₸); платит 4 получат. (36 тыс ₸); отдаёт дальше 47% полученного,1,False,False,2,1,2,4,2,5,76624.0,36000.0,0.5302,0.0,1,2,0,6,0.00029829,0.00115965,2,3,1,0.6624,0.9002,0.5754,0.9766,betweenness
100000002781227100,transit,0.7225,11,0.5366,72,Признаки транзита: получает от 2 плательщ. (191 тыс ₸); платит 3 получат. (212 тыс ₸); отдаёт в 1.1 раза больше видимого входа; 81% уходит ≤2 дн. после поступления,1,False,False,1,1,2,3,8,10,191167.62,212420.0,0.0,0.8117,1,0,0,0,0.00232659,0.00013296,1,3,0,0.6624,0.8556,0.7983,0.8981,
100000005584222100,transit,0.6127,3,0.5356,73,Признаки транзита: получает от 2 плательщ. (193 тыс ₸); платит 2 получат. (109 тыс ₸); отдаёт дальше 56% полученного; 86% уходит ≤2 дн. после поступления; повтор. маршрутов: 2,1,False,False,1,1,2,2,6,3,192717.0,108587.0,0.4365,0.8619,1,0,0,2,0.00087592,3.864e-05,1,0,0,0.6624,0.7834,0.7516,0.8217,
100000005578559100,distributor,0.6777,13,0.5338,74,Признаки веерной раздачи: получает от 2 плательщ. (131 тыс ₸); платит 21 получат. (893 тыс ₸); отдаёт в 6.8 раза больше видимого входа; по числу получателей выше 97% узлов 2-го колена,2,False,False,1,0,2,21,2,23,131000.0,893163.67,0.0,0.455,1,3,0,8,0.00039102,0.00096675,1,3,2,0.731,0.9718,0.8937,0.9631,"out_degree,betweenness"
100000001072022100,consolidator,0.5546,9,0.5315,75,Признаки консолидации: деньги от 5 seed (1 напрямую); получает от 3 плательщ. (1.7 млн ₸); по обороту выше 95% узлов 1-го колена; повтор. маршрутов: 4; исходящих ≥5 тыс ₸ нет,1,False,False,5,1,3,0,6,0,1684000.0,0.0,1.0,0.0,2,0,0,4,0.00050213,0.0,3,0,1,0.8429,0.0,0.9554,0.0,volume
100000006707582100,distributor,0.6857,31,0.5298,76,Признаки веерной раздачи: получает от 2 плательщ. (40 тыс ₸); платит 14 получат. (961 тыс ₸); отдаёт в 24.3 раза больше видимого входа; по числу получателей выше 98% узлов 1-го колена,1,False,False,1,1,2,14,2,15,39520.0,961138.0,0.0,0.948,1,0,0,0,0.00053806,0.00036347,1,6,5,0.6624,0.9809,0.9214,0.9575,"out_degree,betweenness"
100000007777377100,transit,0.663,9,0.5275,77,Признаки транзита: деньги от 2 seed; получает от 1 плательщ. (456 тыс ₸); платит 2 получат. (10 тыс ₸); отдаёт дальше 2% полученного; 100% уходит ≤2 дн. после поступления; повтор. маршрутов: 1,2,False,False,2,0,1,2,7,2,456290.0,10000.0,0.9781,1.0,1,1,1,1,0.00036115,0.00013593,1,1,0,0.0,0.7614,0.8134,0.9046,
100000005660203100,transit,0.5881,4,0.527,78,Признаки транзита: деньги от 2 seed; получает от 1 плательщ. (573 тыс ₸); платит 2 получат. (41 тыс ₸); отдаёт дальше 7% полученного; 100% уходит ≤2 дн. после поступления; повтор. маршрутов: 2,2,False,False,2,0,1,2,12,5,572899.0,41000.0,0.9284,1.0,1,1,1,2,0.00094925,1.942e-05,1,1,0,0.0,0.7614,0.8525,0.7549,
100000008169544100,coordinator,0.7304,4,0.5265,79,Связующий узел между хабами: связан с 1+3 хабами (вход+выход); получает от 1 плательщ. (137 тыс ₸); платит 4 получат. (43 тыс ₸); отдаёт дальше 31% полученного; 29% уходит ≤2 дн. после поступления,1,False,False,1,1,1,4,2,7,137104.0,42800.0,0.6878,0.2874,1,2,0,3,0.00030031,0.00011831,1,3,1,0.0,0.9002,0.6518,0.8875,
100000008546855100,consolidator,0.4524,2,0.5264,80,Признаки консолидации: получает от 6 плательщ. (72 тыс ₸); платит 2 получат. (10 тыс ₸); отдаёт дальше 14% полученного; по числу плательщиков выше 96% узлов 2-го колена; до 5 плательщ. в один день,2,False,False,1,0,6,2,8,2,71790.0,10000.0,0.8607,1.0,5,0,2,3,0.00142698,5.885e-05,4,0,1,0.961,0.7614,0.4729,0.8547,in_degree
100000002224132100,transit,0.6165,5,0.5257,81,Признаки транзита: деньги от 2 seed; получает от 5 плательщ. (4.0 млн ₸); платит 4 получат. (12.1 млн ₸); отдаёт в 3.1 раза больше видимого входа; по обороту больше всех узлов 2-го колена,2,False,False,2,0,5,4,10,25,3951020.0,12115000.0,0.0,0.7268,2,2,1,2,0.00599573,6.24e-06,2,2,0,0.9479,0.8915,0.9978,0.7223,volume
100000004847758100,distributor,0.51,3,0.5247,82,Признаки веерной раздачи: деньги от 2 seed (1 напрямую); получает от 4 плательщ. (115 тыс ₸); платит 15 получат. (489 тыс ₸); отдаёт в 4.2 раза больше видимого входа; повтор. маршрутов: 21,1,False,False,2,1,4,15,4,23,115171.0,488800.0,0.0,0.2578,1,16,0,21,0.00030474,0.00135859,4,9,4,0.9236,0.9851,0.8705,0.983,"out_degree,betweenness"
100000003178549100,coordinator,0.9584,10,0.5228,83,Связующий узел между хабами: связан с 2+3 хабами (вход+выход); получает от 2 плательщ. (250 тыс ₸); платит 4 получат. (89 тыс ₸); отдаёт дальше 36% полученного; повтор. маршрутов: 1,3,False,False,1,0,2,4,2,4,250000.0,89080.0,0.6437,0.0,1,3,0,1,0.00035216,0.00027212,2,3,4,0.8414,0.9404,0.7843,0.9759,betweenness
100000002941114100,consolidator,0.4246,1,0.5221,84,Признаки консолидации: деньги от 4 seed (1 напрямую); получает от 2 плательщ. (129 тыс ₸); платит 1 получат. (15 тыс ₸); отдаёт дальше 12% полученного; 100% уходит ≤2 дн. после поступления,1,False,False,4,1,2,1,15,1,128510.0,15000.0,0.8833,1.0,2,0,0,0,0.00181463,2.061e-05,1,0,0,0.6624,0.6476,0.603,0.7919,
100000005287097100,distributor,0.4185,4,0.5207,85,Признаки веерной раздачи: деньги от 3 seed (1 напрямую); получает от 2 плательщ. (127 тыс ₸); платит 9 получат. (697 тыс ₸); отдаёт в 5.5 раза больше видимого входа; повтор. маршрутов: 59,1,False,False,3,1,2,9,5,42,127173.0,697300.0,0.0,0.2442,1,7,0,59,0.00030271,0.00078322,2,6,1,0.6624,0.966,0.9066,0.9724,"out_degree,betweenness"
100000003265158100,consolidator,0.3835,29,0.5204,86,Признаки консолидации: деньги от 3 seed (2 напрямую); получает от 3 плательщ. (146 тыс ₸); платит 2 получат. (154 тыс ₸); отдаёт в 1.1 раза больше видимого входа; 100% уходит ≤2 дн. после поступления,1,False,False,3,2,3,2,3,4,146100.4,154200.0,0.0,1.0,1,1,0,0,0.00038467,0.00017655,3,2,2,0.8429,0.7834,0.7495,0.913,
100000005514161100,consolidator,0.5518,4,0.5176,87,Признаки консолидации: деньги от 5 seed (1 напрямую); получает от 4 плательщ. (402 тыс ₸); платит 1 получат. (50 тыс ₸); отдаёт дальше 12% полученного,1,False,False,5,1,4,1,7,1,401500.0,50000.0,0.8755,0.0,2,0,0,0,0.00080614,4.042e-05,3,0,2,0.9236,0.6476,0.8195,0.8301,
100000008213966100,transit,0.7053,12,0.5149,88,Признаки транзита: получает от 3 плательщ. (187 тыс ₸); платит 1 получат. (437 тыс ₸); отдаёт в 2.3 раза больше видимого входа; 85% уходит ≤2 дн. после поступления; повтор. маршрутов: 1,2,False,False,1,0,3,1,7,8,187004.0,436900.0,0.0,0.8499,1,0,0,1,0.00193355,4.32e-05,2,1,1,0.8503,0.5835,0.8547,0.8351,
100000008443341100,transit,0.6573,29,0.5122,89,Признаки транзита: получает от 2 плательщ. (34 тыс ₸); платит 3 получат. (50 тыс ₸); отдаёт в 1.4 раза больше видимого входа; по посредничеству выше 95% узлов 1-го колена; повтор. маршрутов: 2,1,False,False,1,1,2,3,2,4,34500.0,50000.0,0.0,0.62,1,2,0,2,0.00066897,0.0003601,1,1,2,0.6624,0.8556,0.5117,0.9554,betweenness
100000008751429100,transit,0.5376,7,0.512,90,Признаки транзита: получает от 3 плательщ. (386 тыс ₸); платит 1 получат. (73 тыс ₸); отдаёт дальше 19% полученного; 100% уходит ≤2 дн. после поступления; повтор. маршрутов: 2,1,False,False,1,1,3,1,6,2,386200.0,72600.0,0.812,1.0,2,2,1,2,0.00150431,0.0,3,1,0,0.8429,0.6476,0.8238,0.0,
100000004677680100,consolidator,0.358,1,0.5106,91,Признаки консолидации: деньги от 4 seed (1 напрямую); получает от 2 плательщ. (63 тыс ₸); платит 1 получат. (168 тыс ₸); отдаёт в 2.7 раза больше видимого входа; 91% уходит ≤2 дн. после поступления,1,False,False,4,1,2,1,2,3,63000.0,168000.0,0.0,0.9107,1,0,0,0,0.00109283,4.121e-05,1,0,0,0.6624,0.6476,0.707,0.8323,
100000006734214100,consolidator,0.5096,23,0.5086,92,Признаки консолидации: деньги от 3 seed; получает от 5 плательщ. (610 тыс ₸); платит 3 получат. (36 тыс ₸); отдаёт дальше 6% полученного; по числу плательщиков выше 99% узлов 3-го колена,3,False,False,3,0,5,3,10,4,610000.0,36000.0,0.941,0.7222,2,0,0,1,0.00060639,5.944e-05,5,0,3,0.9949,0.9124,0.8972,0.9289,in_degree
100000005527892100,distributor,0.4898,11,0.5083,93,Признаки веерной раздачи: деньги от 4 seed (1 напрямую); получает от 3 плательщ. (220 тыс ₸); платит 8 получат. (552 тыс ₸); отдаёт в 2.5 раза больше видимого входа,1,False,False,4,1,3,8,3,8,220001.0,552419.0,0.0,0.6233,1,1,0,0,0.00031243,0.00049557,3,5,3,0.8429,0.9597,0.8981,0.9639,"out_degree,betweenness"
100000008324800100,consolidator,0.4658,23,0.5073,94,Признаки консолидации: деньги от 3 seed; получает от 3 плательщ. (526 тыс ₸); платит 1 получат. (511 тыс ₸); отдаёт дальше 97% полученного; 100% уходит ≤2 дн. после поступления; повтор. маршрутов: 1,2,False,False,3,0,3,1,17,13,526500.0,511000.0,0.0294,1.0,2,0,1,1,0.00185178,1.922e-05,3,1,1,0.8503,0.5835,0.8959,0.7354,
100000004394765100,consolidator,0.4695,4,0.5069,95,Признаки консолидации: деньги от 3 seed (1 напрямую); получает от 3 плательщ. (604 тыс ₸); платит 2 получат. (82 тыс ₸); отдаёт дальше 14% полученного; 43% уходит ≤2 дн. после поступления,1,False,False,3,1,3,2,10,2,603844.0,82500.0,0.8634,0.4303,2,0,0,1,0.00038028,6.516e-05,3,1,0,0.8429,0.7834,0.8917,0.8577,
100000006972210100,consolidator,0.5453,31,0.5069,96,Признаки консолидации: деньги от 6 seed (3 напрямую); получает от 3 плательщ. (489 тыс ₸); исходящих ≥5 тыс ₸ нет,1,False,False,6,3,3,0,4,0,488775.0,0.0,1.0,0.0,1,0,0,0,0.0003463,0.0,3,0,2,0.8429,0.0,0.8408,0.0,
100000005610717100,consolidator,0.4524,2,0.5065,97,Признаки консолидации: деньги от 3 seed; получает от 4 плательщ. (484 тыс ₸); платит 1 получат. (265 тыс ₸); отдаёт дальше 55% полученного; по числу плательщиков выше 98% узлов 3-го колена,3,False,False,3,0,4,1,6,7,484500.0,265200.0,0.4526,0.8379,1,0,1,4,0.00034454,1.922e-05,4,0,2,0.9873,0.6409,0.9061,0.7297,in_degree
100000003880331100,distributor,0.6219,27,0.5039,98,Признаки веерной раздачи: получает от 1 плательщ. (100 тыс ₸); платит 16 получат. (3.9 млн ₸); отдаёт в 39.0 раза больше видимого входа; по числу получателей выше 99% узлов 3-го колена,3,False,False,1,0,1,16,1,31,100000.0,3904908.0,0.0,0.4467,1,16,0,16,0.00030766,0.00065965,1,8,5,0.0,0.9924,0.9962,0.9848,"out_degree,volume,betweenness"
100000004707703100,distributor,0.4688,4,0.5032,99,Признаки веерной раздачи: получает от 2 плательщ. (239 тыс ₸); платит 5 получат. (232 тыс ₸); отдаёт дальше 97% полученного; 89% уходит ≤2 дн. после поступления; повтор. маршрутов: 1,1,False,False,1,1,2,5,3,6,239300.0,231650.0,0.032,0.8893,1,0,0,1,0.00063556,0.0001071,1,2,1,0.6624,0.9236,0.828,0.8811,
100000000011452100,transit,0.5644,2,0.5023,100,Признаки транзита: получает от 3 плательщ. (110 тыс ₸); платит 1 получат. (17 тыс ₸); отдаёт дальше 15% полученного; 100% уходит ≤2 дн. после поступления; повтор. маршрутов: 3,1,False,False,1,1,3,1,7,2,110000.0,16685.0,0.8483,1.0,1,1,1,3,0.00047686,3.37e-06,3,1,1,0.8429,0.6476,0.5924,0.7389,
100000007629096100,transit,0.6553,3,0.502,101,Признаки транзита: получает от 4 плательщ. (1.1 млн ₸); платит 1 получат. (765 тыс ₸); отдаёт дальше 71% полученного; 93% уходит ≤2 дн. после поступления; повтор. маршрутов: 1,2,False,False,1,0,4,1,5,5,1075170.0,765205.0,0.2883,0.9346,2,0,1,1,0.00247241,1.526e-05,3,0,1,0.9262,0.5835,0.9371,0.731,
100000008461532100,distributor,0.6214,24,0.5018,102,Признаки веерной раздачи: получает от 2 плательщ. (565 тыс ₸); платит 8 получат. (2.5 млн ₸); отдаёт в 4.5 раза больше видимого входа; по обороту выше 96% узлов 2-го колена,2,False,False,1,0,2,8,2,9,565300.0,2530090.0,0.0,0.9954,1,0,0,0,0.00074525,0.00027126,2,1,1,0.731,0.9306,0.9631,0.9371,volume
100000004135268100,transit,0.6152,8,0.501,103,Признаки транзита: получает от 2 плательщ. (1.2 млн ₸); платит 3 получат. (1.0 млн ₸); отдаёт дальше 81% полученного; по обороту выше 97% узлов 1-го колена; 85% уходит ≤2 дн. после поступления,1,False,False,1,1,2,3,3,4,1239000.0,1000200.0,0.1927,0.8498,1,0,1,1,0.00174053,1.19e-06,1,1,0,0.6624,0.8556,0.9745,0.7091,volume
100000008752616100,distributor,0.5878,11,0.4984,104,Признаки веерной раздачи: деньги от 2 seed; получает от 2 плательщ. (65 тыс ₸); платит 7 получат. (1.3 млн ₸); отдаёт в 19.6 раза больше видимого входа; 100% уходит ≤2 дн. после поступления,2,False,False,2,0,2,7,2,7,64510.0,1265000.0,0.0,1.0,1,4,0,0,0.00031306,0.00013876,2,0,0,0.731,0.9241,0.9089,0.9089,
100000003854444100,distributor,0.6569,15,0.4965,105,Признаки веерной раздачи: получает от 1 плательщ. (210 тыс ₸); платит 14 получат. (2.3 млн ₸); отдаёт в 11.1 раза больше видимого входа; по числу получателей выше 95% узлов 2-го колена,2,False,False,1,0,1,14,4,14,210000.0,2322909.0,0.0,0.7448,1,2,0,0,0.00046676,0.00107526,0,4,3,0.0,0.9588,0.9566,0.9675,"out_degree,volume,betweenness"
100000004160650100,distributor,0.5985,6,0.4958,106,Признаки веерной раздачи: получает от 2 плательщ. (75 тыс ₸); платит 10 получат. (1.5 млн ₸); отдаёт в 19.8 раза больше видимого входа; 82% уходит ≤2 дн. после поступления; повтор. маршрутов: 8,2,False,False,1,0,2,10,4,40,75100.0,1489827.0,0.0,0.8165,1,3,4,8,0.00036923,5.35e-06,1,3,0,0.731,0.9414,0.9262,0.7202,
100000004486525100,consolidator,0.5679,3,0.4957,107,Признаки консолидации: получает от 8 плательщ. (361 тыс ₸); платит 2 получат. (271 тыс ₸); отдаёт дальше 75% полученного; по числу плательщиков выше 98% узлов 2-го колена; до 5 плательщ. в один день,2,False,False,1,0,8,2,21,3,360924.0,271045.0,0.249,1.0,5,1,0,0,0.0008058,4.76e-06,5,2,2,0.9826,0.7614,0.8568,0.718,in_degree
100000000673868100,distributor,0.4605,16,0.4951,108,Признаки веерной раздачи: получает от 1 плательщ. (2.0 млн ₸); платит 5 получат. (383 тыс ₸); отдаёт дальше 19% полученного; по числу получателей выше 95% узлов 3-го колена; повтор. маршрутов: 3,3,False,False,1,0,1,5,5,19,2030650.0,383000.0,0.8114,0.7624,1,0,3,3,0.00117281,4.102e-05,1,2,0,0.0,0.9569,0.9835,0.9112,"out_degree,volume"
100000008743913100,distributor,0.5614,11,0.4935,109,Признаки веерной раздачи: деньги от 3 seed; получает от 3 плательщ. (149 тыс ₸); платит 13 получат. (1.9 млн ₸); отдаёт в 12.4 раза больше видимого входа; 45% уходит ≤2 дн. после поступления,2,False,False,3,0,3,13,3,13,149300.0,1850600.0,0.0,0.448,2,6,0,0,0.00033211,0.00030607,3,2,0,0.8503,0.9544,0.9458,0.9414,out_degree
100000004662806100,transit,0.6773,29,0.4933,110,Признаки транзита: деньги от 2 seed (1 напрямую); получает от 2 плательщ. (107 тыс ₸); платит 2 получат. (60 тыс ₸); отдаёт дальше 56% полученного; 100% уходит ≤2 дн. после поступления,1,False,False,2,1,2,2,2,3,106585.0,59900.0,0.438,1.0,1,0,0,1,0.00030545,3.884e-05,2,0,1,0.6624,0.7834,0.6348,0.8238,
100000000332284100,consolidator,0.4949,3,0.492,111,Признаки консолидации: получает от 10 плательщ. (107 тыс ₸); платит 3 получат. (290 тыс ₸); отдаёт в 2.7 раза больше видимого входа; по числу плательщиков выше 99% узлов 2-го колена,2,False,False,1,0,10,3,12,3,107426.0,289500.0,0.0,1.0,3,0,0,0,0.00071709,0.00010914,7,1,2,0.9935,0.8395,0.7896,0.8894,in_degree
100000007639767100,distributor,0.4019,2,0.4917,112,Признаки веерной раздачи: деньги от 2 seed (1 напрямую); получает от 4 плательщ. (91 тыс ₸); платит 10 получат. (822 тыс ₸); отдаёт в 9.0 раза больше видимого входа; повтор. маршрутов: 5,1,False,False,2,1,4,10,4,13,90913.0,822244.0,0.0,0.0952,1,7,0,5,0.00030144,0.00251122,4,8,4,0.9236,0.9724,0.913,0.9979,"out_degree,betweenness"
100000005505655100,coordinator,0.6574,33,0.4916,113,Связующий узел между хабами: связан с 2+1 хабами (вход+выход); получает от 2 плательщ. (33 тыс ₸); платит 1 получат. (20 тыс ₸); отдаёт дальше 60% полученного; 100% уходит ≤2 дн. после поступления,1,False,False,1,1,2,1,2,1,33070.0,20000.0,0.3952,1.0,1,0,0,1,0.00032151,0.00026908,2,1,1,0.6624,0.6476,0.3992,0.9363,
100000003796063100,distributor,0.4834,3,0.491,114,Признаки веерной раздачи: получает от 1 плательщ. (35 тыс ₸); платит 15 получат. (959 тыс ₸); отдаёт в 27.4 раза больше видимого входа; по числу получателей выше 99% узлов 3-го колена,3,False,False,1,0,1,15,1,23,35000.0,959150.0,0.0,0.0735,1,16,0,15,0.00068526,0.00117893,1,13,6,0.0,0.9911,0.9378,0.9937,"out_degree,betweenness"
100000008438656100,consolidator,0.4074,9,0.4886,115,Признаки консолидации: деньги от 5 seed (1 напрямую); получает от 2 плательщ. (80 тыс ₸); платит 1 получат. (5 тыс ₸); отдаёт дальше 6% полученного; 100% уходит ≤2 дн. после поступления,1,False,False,5,1,2,1,2,1,80000.0,5000.0,0.9375,1.0,1,0,0,1,0.00029739,2.378e-05,2,0,1,0.6624,0.6476,0.5138,0.8004,
100000004180097100,transit,0.6521,39,0.4875,116,Признаки транзита: получает от 3 плательщ. (105 тыс ₸); платит 3 получат. (48 тыс ₸); отдаёт дальше 46% полученного; 86% уходит ≤2 дн. после поступления,1,False,False,1,1,3,3,5,7,104854.0,47800.0,0.5441,0.8577,1,0,0,0,0.00085653,0.00031367,1,0,1,0.8429,0.8556,0.6178,0.9448,
100000003946524100,consolidator,0.3963,9,0.4875,117,Признаки консолидации: деньги от 4 seed (1 напрямую); получает от 2 плательщ. (134 тыс ₸); платит 2 получат. (145 тыс ₸); отдаёт в 1.1 раза больше видимого входа; повтор. маршрутов: 4,1,False,False,4,1,2,2,2,2,133757.0,144750.0,0.0,0.0,1,0,0,4,0.00032606,0.00011948,1,1,0,0.6624,0.7834,0.7304,0.8917,
100000002838861100,consolidator,0.507,13,0.4867,118,Признаки консолидации: деньги от 3 seed (2 напрямую); получает от 5 плательщ. (555 тыс ₸); платит 1 получат. (10 тыс ₸); отдаёт дальше 2% полученного; по числу плательщиков выше 97% узлов 1-го колена,1,False,False,3,2,5,1,5,1,554523.95,10000.0,0.982,0.0,2,0,0,0,0.00211992,1.942e-05,4,0,2,0.9703,0.6476,0.8599,0.7813,in_degree
100000000596954100,transit,0.656,9,0.4864,119,Признаки транзита: деньги от 2 seed; получает от 1 плательщ. (120 тыс ₸); платит 2 получат. (48 тыс ₸); отдаёт дальше 40% полученного; 100% уходит ≤2 дн. после поступления,2,False,False,2,0,1,2,1,2,120000.0,48100.0,0.5992,1.0,1,1,0,0,0.00051561,4.835e-05,1,0,0,0.0,0.7614,0.6443,0.8416,
100000008761219100,transit,0.7709,11,0.4835,120,Признаки транзита: деньги от 2 seed; получает от 2 плательщ. (50 тыс ₸); платит 2 получат. (375 тыс ₸); отдаёт в 7.5 раза больше видимого входа; 100% уходит ≤2 дн. после поступления,3,False,False,2,0,2,2,2,2,50000.0,375000.0,0.0,1.0,1,1,0,0,0.00029284,4.173e-05,2,0,0,0.8414,0.8363,0.8325,0.9124,
100000002217161100,distributor,0.5706,20,0.483,121,Признаки веерной раздачи: получает от 2 плательщ. (405 тыс ₸); платит 7 получат. (995 тыс ₸); отдаёт в 2.5 раза больше видимого входа; 95% уходит ≤2 дн. после поступления,2,False,False,1,0,2,7,15,19,404750.0,995132.0,0.0,0.9498,1,0,0,0,0.00089157,0.00015515,2,1,1,0.731,0.9241,0.9132,0.9132,
100000003404627100,consolidator,0.5621,0,0.4822,122,Признаки консолидации: деньги от 4 seed (1 напрямую); получает от 4 плательщ. (878 тыс ₸); до 3 плательщ. в один день; исходящих ≥5 тыс ₸ нет,1,False,False,4,1,4,0,5,0,877700.0,0.0,1.0,0.0,3,0,0,0,0.00137858,0.0,2,0,0,0.9236,0.0,0.9087,0.0,
100000003071930100,consolidator,0.4319,31,0.4815,123,Признаки консолидации: деньги от 3 seed (1 напрямую); получает от 3 плательщ. (478 тыс ₸); платит 1 получат. (5 тыс ₸); отдаёт дальше 1% полученного; 100% уходит ≤2 дн. после поступления,1,False,False,3,1,3,1,4,1,477610.0,5000.0,0.9895,1.0,1,0,0,0,0.00034837,4.28e-05,3,0,2,0.8429,0.6476,0.8323,0.8365,
100000001899164100,consolidator,0.5029,29,0.4805,124,Признаки консолидации: деньги от 4 seed (1 напрямую); получает от 4 плательщ. (292 тыс ₸); платит 3 получат. (76 тыс ₸); отдаёт дальше 26% полученного,1,False,False,4,1,4,3,5,3,291675.0,76500.0,0.7377,0.0,2,0,0,0,0.00117656,0.00012662,2,0,1,0.9236,0.8556,0.7792,0.8938,
100000004159526100,consolidator,0.4631,31,0.4802,125,Признаки консолидации: деньги от 3 seed (1 напрямую); получает от 4 плательщ. (275 тыс ₸); платит 4 получат. (68 тыс ₸); отдаёт дальше 25% полученного; 44% уходит ≤2 дн. после поступления,1,False,False,3,1,4,4,4,6,275037.0,68000.0,0.7528,0.4412,2,0,0,0,0.0008532,9.788e-05,3,0,2,0.9236,0.9002,0.7665,0.879,
100000002480800100,consolidator,0.4852,2,0.4802,126,Признаки консолидации: деньги от 4 seed (1 напрямую); получает от 2 плательщ. (569 тыс ₸); повтор. маршрутов: 2; исходящих ≥5 тыс ₸ нет,1,False,False,4,1,2,0,2,0,569251.0,0.0,1.0,0.0,2,0,0,2,0.00064108,0.0,2,0,1,0.6624,0.0,0.862,0.0,
100000006844768100,transit,0.6384,2,0.4802,127,Признаки транзита: получает от 1 плательщ. (282 тыс ₸); платит 2 получат. (188 тыс ₸); отдаёт дальше 67% полученного; 87% уходит ≤2 дн. после поступления,2,False,False,1,0,1,2,5,5,282000.0,188000.0,0.3333,0.867,1,0,0,0,0.00137078,3.884e-05,1,1,0,0.0,0.7614,0.8156,0.8221,
100000004603109100,transit,0.5417,5,0.4802,128,Признаки транзита: получает от 3 плательщ. (2.7 млн ₸); платит 2 получат. (400 тыс ₸); отдаёт дальше 15% полученного; по числу плательщиков выше 95% узлов 3-го колена; повтор. маршрутов: 1,3,False,False,1,0,3,2,8,2,2730000.0,400000.0,0.8535,1.0,2,2,1,1,0.00317837,6.9e-07,2,1,0,0.953,0.8363,0.9924,0.684,"in_degree,volume"
100000008512827100,distributor,0.6008,11,0.4801,129,Признаки веерной раздачи: получает от 3 плательщ. (108 тыс ₸); платит 10 получат. (1.9 млн ₸); отдаёт в 18.0 раза больше видимого входа; по обороту выше 95% узлов 2-го колена,2,False,False,1,0,3,10,3,10,107949.0,1944500.0,0.0,0.7987,1,6,0,0,0.00033526,0.00013727,2,2,1,0.8503,0.9414,0.9501,0.9067,volume
100000000791285100,transit,0.6602,24,0.4793,130,Признаки транзита: получает от 1 плательщ. (1.1 млн ₸); платит 3 получат. (650 тыс ₸); отдаёт дальше 58% полученного; по обороту выше 97% узлов 3-го колена; 95% уходит ≤2 дн. после поступления,3,False,False,1,0,1,3,2,3,1120000.0,650000.0,0.4196,0.9538,1,0,0,0,0.00056643,3.884e-05,1,1,0,0.0,0.9124,0.9734,0.8921,volume
100000003457710100,transit,0.7205,23,0.4781,131,Признаки транзита: деньги от 3 seed; получает от 1 плательщ. (327 тыс ₸); платит 1 получат. (1.3 млн ₸); отдаёт в 4.0 раза больше видимого входа; по обороту выше 96% узлов 3-го колена,3,False,False,3,0,1,1,1,2,326555.0,1306000.0,0.0,1.0,1,0,0,0,0.00029615,1.922e-05,1,0,0,0.0,0.6409,0.9695,0.7297,volume
100000003684369100,distributor,0.9986,9,0.478,132,Признаки веерной раздачи: деньги от 3 seed (1 напрямую); получает от 24 плательщ. (3.8 млн ₸); платит 62 получат. (8.6 млн ₸); по числу плательщиков больше всех seed; до 6 плательщ. в один день,0,True,False,3,1,24,62,58,67,3848436.0,8588655.0,,1.0,6,10,143,145,0.00202029,0.00230307,20,22,9,1.0,0.9625,1.0,0.975,"in_degree,out_degree,volume,betweenness"
100000008561016100,transit,0.7958,11,0.478,133,Признаки транзита: получает от 1 плательщ. (180 тыс ₸); платит 1 получат. (185 тыс ₸); отдаёт в 1.0 раза больше видимого входа; 100% уходит ≤2 дн. после поступления; повтор. маршрутов: 1,3,False,False,1,0,1,1,2,4,180000.0,185000.0,0.0,1.0,1,0,1,1,0.00029484,2.239e-05,1,0,0,0.0,0.6409,0.8058,0.8591,
100000004150593100,distributor,0.5998,4,0.4767,134,Признаки веерной раздачи: деньги от 2 seed; получает от 1 плательщ. (57 тыс ₸); платит 11 получат. (871 тыс ₸); отдаёт в 15.3 раза больше видимого входа; 82% уходит ≤2 дн. после поступления,2,False,False,2,0,1,11,2,16,57000.0,871165.0,0.0,0.8159,1,1,0,0,0.00030663,0.00022164,1,3,1,0.0,0.9479,0.8872,0.9262,
100000004390333100,distributor,0.4006,3,0.4764,135,Признаки веерной раздачи: деньги от 2 seed (1 напрямую); получает от 2 плательщ. (65 тыс ₸); платит 9 получат. (506 тыс ₸); отдаёт в 7.8 раза больше видимого входа; 22% уходит ≤2 дн. после поступления,1,False,False,2,1,2,9,2,14,64558.0,506500.0,0.0,0.2172,1,9,0,5,0.00029521,0.00015842,2,8,4,0.6624,0.966,0.8641,0.9108,out_degree
100000000274067100,transit,0.5828,17,0.4754,136,Признаки транзита: получает от 2 плательщ. (518 тыс ₸); платит 3 получат. (3.0 млн ₸); отдаёт в 5.7 раза больше видимого входа; по обороту выше 99% узлов 1-го колена; повтор. маршрутов: 2,1,False,False,1,1,2,3,9,9,517704.0,2969000.0,0.0,0.6922,1,0,1,2,0.0004137,1.19e-06,1,0,0,0.6624,0.8556,0.9936,0.7091,volume
100000002741024100,coordinator,0.6309,3,0.4744,137,Связующий узел между хабами: связан с 3+1 хабами (вход+выход); получает от 5 плательщ. (818 тыс ₸); платит 6 получат. (435 тыс ₸); отдаёт дальше 53% полученного; 6% уходит ≤2 дн. после поступления,2,False,False,1,0,5,6,9,7,817980.85,434989.0,0.4682,0.0648,1,0,0,1,0.00285519,0.00011869,3,1,0,0.9479,0.9111,0.9046,0.8915,
100000008104567100,coordinator,0.7895,13,0.4735,138,Связующий узел между хабами: связан с 2+2 хабами (вход+выход); получает от 3 плательщ. (54 тыс ₸); платит 3 получат. (40 тыс ₸); отдаёт дальше 75% полученного; 30% уходит ≤2 дн. после поступления,2,False,False,1,0,3,3,3,4,53550.0,40000.0,0.253,0.3,1,1,0,0,0.00053804,0.00202602,2,2,1,0.8503,0.8395,0.5163,0.9805,betweenness
100000000343175100,distributor,0.9942,1,0.4727,139,Признаки веерной раздачи: деньги от 4 seed (1 напрямую); получает от 8 плательщ. (179 тыс ₸); платит 31 получат. (4.0 млн ₸); по числу плательщиков выше 96% seed; 100% уходит ≤2 дн. после поступления,0,True,False,4,1,8,31,14,33,178712.0,4000039.0,,1.0,2,12,0,3,0.00071326,0.00109469,6,17,8,0.9625,0.9375,0.95,0.9625,"in_degree,volume,betweenness"
100000003390036100,consolidator,0.423,0,0.4703,140,Признаки консолидации: деньги от 4 seed; получает от 2 плательщ. (231 тыс ₸); платит 2 получат. (62 тыс ₸); отдаёт дальше 27% полученного; 16% уходит ≤2 дн. после поступления; повтор. маршрутов: 1,2,False,False,4,0,2,2,4,2,231300.0,62000.0,0.7319,0.1613,1,0,0,1,0.00132422,7.827e-05,2,0,0,0.731,0.7614,0.744,0.8742,
100000004475818100,transit,0.7879,3,0.4702,141,Признаки транзита: получает от 1 плательщ. (13 тыс ₸); платит 3 получат. (54 тыс ₸); отдаёт в 4.2 раза больше видимого входа; 100% уходит ≤2 дн. после поступления,3,False,False,1,0,1,3,1,3,13000.0,53989.0,0.0,1.0,1,3,0,0,0.00030981,6.94e-05,1,3,1,0.0,0.9124,0.4594,0.9391,
100000002723538100,distributor,0.5438,2,0.4679,142,Признаки веерной раздачи: деньги от 2 seed; получает от 3 плательщ. (106 тыс ₸); платит 12 получат. (560 тыс ₸); отдаёт в 5.3 раза больше видимого входа; 57% уходит ≤2 дн. после поступления,2,False,False,2,0,3,12,3,14,105647.0,560499.0,0.0,0.5698,1,10,0,0,0.00032031,0.00029089,3,8,6,0.8503,0.9523,0.8633,0.9393,out_degree
100000006274203100,coordinator,0.5588,15,0.4675,143,Связующий узел между хабами: связан с 2+1 хабами (вход+выход); деньги от 4 seed; получает от 2 плательщ. (3.4 млн ₸); платит 3 получат. (72 тыс ₸); отдаёт дальше 2% полученного,3,False,False,4,0,2,3,41,3,3417512.0,72000.0,0.9789,0.0694,1,1,0,0,0.00063211,3.734e-05,2,1,1,0.8414,0.9124,0.9949,0.8718,volume
100000008731444100,distributor,0.5375,2,0.467,144,Признаки веерной раздачи: получает от 3 плательщ. (439 тыс ₸); платит 9 получат. (880 тыс ₸); отдаёт в 2.0 раза больше видимого входа; 70% уходит ≤2 дн. после поступления; повтор. маршрутов: 1,2,False,False,1,0,3,9,5,9,439000.0,879767.8,0.0,0.6956,1,1,1,1,0.00035336,0.00012412,3,5,4,0.8503,0.9393,0.9067,0.898,
100000008560717100,consolidator,0.546,23,0.4647,145,Признаки консолидации: деньги от 3 seed (1 напрямую); получает от 7 плательщ. (529 тыс ₸); платит 1 получат. (25 тыс ₸); отдаёт дальше 5% полученного; по числу плательщиков выше 99% узлов 1-го колена,1,False,False,3,1,7,1,9,1,529000.0,25000.0,0.9527,0.0,2,0,0,2,0.00033083,1.922e-05,7,0,3,0.9915,0.6476,0.8577,0.7558,in_degree
100000008747113100,consolidator,0.4828,9,0.4636,146,Признаки консолидации: деньги от 5 seed (1 напрямую); получает от 2 плательщ. (198 тыс ₸); повтор. маршрутов: 3; исходящих ≥5 тыс ₸ нет,1,False,False,5,1,2,0,2,0,197801.0,0.0,1.0,0.0,2,0,0,3,0.00030752,0.0,2,0,1,0.6624,0.0,0.6667,0.0,
100000002731501100,distributor,0.4109,6,0.4625,147,Признаки веерной раздачи: получает от 3 плательщ. (570 тыс ₸); платит 7 получат. (834 тыс ₸); отдаёт в 1.5 раза больше видимого входа; по числу получателей выше 95% узлов 1-го колена,1,False,False,1,1,3,7,7,20,570370.0,833960.0,0.0,0.3298,3,1,2,5,0.00048558,4.46e-06,3,2,0,0.8429,0.9512,0.9448,0.7452,out_degree
100000005382566100,consolidator,0.723,4,0.4613,148,Признаки консолидации: деньги от 8 seed (6 напрямую); получает от 7 плательщ. (393 тыс ₸); платит 1 получат. (50 тыс ₸); по числу плательщиков выше 95% seed; 100% уходит ≤2 дн. после поступления,0,True,False,8,6,7,1,11,1,393066.0,50000.0,,1.0,2,0,0,0,0.00211326,4.637e-05,1,0,2,0.95,0.3875,0.6875,0.8875,in_degree
100000008111003100,consolidator,0.419,3,0.4594,149,Признаки консолидации: получает от 6 плательщ. (223 тыс ₸); платит 1 получат. (35 тыс ₸); отдаёт дальше 16% полученного; по числу плательщиков выше 96% узлов 2-го колена,2,False,False,1,0,6,1,9,1,222716.0,35000.0,0.8428,1.0,2,0,0,0,0.00046962,0.00088191,5,1,0,0.961,0.5835,0.7289,0.961,"in_degree,betweenness"
100000005519998100,coordinator,0.6018,12,0.4593,150,Связующий узел между хабами: связан с 2+3 хабами (вход+выход); получает от 3 плательщ. (182 тыс ₸); платит 3 получат. (188 тыс ₸); отдаёт в 1.0 раза больше видимого входа; повтор. маршрутов: 1,2,False,False,1,0,3,3,5,8,182000.0,188000.0,0.0,0.3298,1,1,0,1,0.00065246,5.984e-05,2,3,0,0.8503,0.8395,0.7744,0.8633,
100000007594394100,consolidator,0.516,15,0.4589,151,Признаки консолидации: деньги от 3 seed; получает от 6 плательщ. (395 тыс ₸); платит 1 получат. (3.4 млн ₸); отдаёт в 8.5 раза больше видимого входа; по числу плательщиков выше 96% узлов 2-го колена,2,False,False,3,0,6,1,6,40,395385.0,3376312.0,0.0,0.4527,2,0,0,0,0.00040559,3.62e-05,5,0,3,0.961,0.5835,0.9675,0.8156,"in_degree,volume"
100000003159641100,consolidator,0.3987,4,0.4586,152,Признаки консолидации: деньги от 4 seed; получает от 4 плательщ. (64 тыс ₸); платит 1 получат. (198 тыс ₸); отдаёт в 3.1 раза больше видимого входа; 100% уходит ≤2 дн. после поступления,2,False,False,4,0,4,1,7,1,64000.0,197800.0,0.0,1.0,1,0,0,0,0.00030522,5.885e-05,4,0,2,0.9262,0.5835,0.7332,0.8547,
100000004569484100,coordinator,0.7955,13,0.4583,153,Связующий узел между хабами: связан с 2+4 хабами (вход+выход); получает от 2 плательщ. (98 тыс ₸); платит 4 получат. (156 тыс ₸); отдаёт в 1.6 раза больше видимого входа,3,False,False,1,0,2,4,3,4,98312.0,156000.0,0.0,0.0,1,3,0,0,0.00031938,0.0027934,2,4,1,0.8414,0.9404,0.7322,0.9987,betweenness
100000005612411100,distributor,0.4586,37,0.4561,154,Признаки веерной раздачи: деньги от 2 seed (1 напрямую); получает от 3 плательщ. (116 тыс ₸); платит 8 получат. (507 тыс ₸); отдаёт в 4.4 раза больше видимого входа; повтор. маршрутов: 1,1,False,False,2,1,3,8,4,8,115500.0,506997.0,0.0,0.5144,2,0,1,1,0.00032721,0.00015535,3,0,1,0.8429,0.9597,0.8769,0.9087,out_degree
100000003809101100,consolidator,0.4071,1,0.455,155,Признаки консолидации: деньги от 4 seed (1 напрямую); получает от 2 плательщ. (166 тыс ₸); платит 2 получат. (55 тыс ₸); отдаёт дальше 33% полученного; 18% уходит ≤2 дн. после поступления,1,False,False,4,1,2,2,3,4,166050.0,55200.0,0.6676,0.1848,1,0,0,0,0.00036195,0.00013334,2,1,0,0.6624,0.7834,0.6985,0.9002,
100000003589877100,distributor,0.5084,11,0.4548,156,Признаки веерной раздачи: получает от 2 плательщ. (176 тыс ₸); платит 6 получат. (416 тыс ₸); отдаёт в 2.4 раза больше видимого входа; 88% уходит ≤2 дн. после поступления,1,False,False,1,1,2,6,2,6,176000.0,416129.0,0.0,0.8798,1,0,0,0,0.00030698,9.546e-05,2,2,2,0.6624,0.9342,0.8684,0.8726,
100000004221668100,transit,0.6102,21,0.4538,157,Признаки транзита: получает от 4 плательщ. (1.1 млн ₸); платит 3 получат. (731 тыс ₸); отдаёт дальше 65% полученного; 98% уходит ≤2 дн. после поступления,2,False,False,1,0,4,3,8,10,1128300.0,731440.0,0.3517,0.9841,1,0,0,0,0.00309017,4.56e-06,4,2,1,0.9262,0.8395,0.9393,0.7137,
100000004500444100,transit,0.606,13,0.4535,158,Признаки транзита: получает от 2 плательщ. (180 тыс ₸); платит 1 получат. (74 тыс ₸); отдаёт дальше 41% полученного; 100% уходит ≤2 дн. после поступления; повтор. маршрутов: 1,3,False,False,1,0,2,1,7,5,180000.0,74000.0,0.5889,1.0,1,0,0,1,0.00046439,1.942e-05,2,0,0,0.8414,0.6409,0.731,0.8033,
100000000838385100,transit,0.5356,12,0.4528,159,Признаки транзита: получает от 1 плательщ. (437 тыс ₸); платит 2 получат. (178 тыс ₸); отдаёт дальше 41% полученного; 69% уходит ≤2 дн. после поступления; повтор. маршрутов: 1,3,False,False,1,0,1,2,8,6,436900.0,177500.0,0.5937,0.6901,1,0,1,1,0.00192115,2.18e-05,1,1,0,0.0,0.8363,0.8921,0.8541,
100000007593823100,distributor,0.4664,3,0.452,160,Признаки веерной раздачи: деньги от 3 seed; получает от 3 плательщ. (25 тыс ₸); платит 13 получат. (163 тыс ₸); отдаёт в 6.5 раза больше видимого входа; 40% уходит ≤2 дн. после поступления,3,False,False,3,0,3,13,3,21,25000.0,162900.0,0.0,0.4009,1,16,0,2,0.00029059,0.00068132,3,9,3,0.953,0.9898,0.6726,0.9873,"in_degree,out_degree,betweenness"
100000002175422100,distributor,0.4541,18,0.4518,161,Признаки веерной раздачи: получает от 3 плательщ. (68 тыс ₸); платит 6 получат. (1.6 млн ₸); отдаёт в 23.7 раза больше видимого входа; 50% уходит ≤2 дн. после поступления; повтор. маршрутов: 1,2,False,False,1,0,3,6,5,14,68500.0,1621188.0,0.0,0.4973,2,0,1,1,0.00084589,0.00015872,2,2,0,0.8503,0.9111,0.9306,0.9154,
100000005778283100,consolidator,0.4773,3,0.4512,162,Признаки консолидации: деньги от 4 seed (2 напрямую); получает от 3 плательщ. (616 тыс ₸); исходящих ≥5 тыс ₸ нет,1,False,False,4,2,3,0,3,0,615760.0,0.0,1.0,0.0,1,0,0,0,0.00043758,0.0,2,0,2,0.8429,0.0,0.8726,0.0,
100000001330685100,consolidator,0.4813,23,0.4509,163,Признаки консолидации: деньги от 3 seed (1 напрямую); получает от 3 плательщ. (2.4 млн ₸); платит 1 получат. (100 тыс ₸); отдаёт дальше 4% полученного; по обороту выше 98% узлов 1-го колена,1,False,False,3,1,3,1,7,1,2435923.0,100500.0,0.9587,0.0,2,0,0,1,0.00043822,1.922e-05,3,0,2,0.8429,0.6476,0.983,0.7558,volume
100000008413748100,distributor,0.6076,23,0.4502,164,Признаки веерной раздачи: получает от 2 плательщ. (26 тыс ₸); платит 18 получат. (1.4 млн ₸); отдаёт в 52.0 раза больше видимого входа; по числу получателей выше 96% узлов 2-го колена,2,False,False,1,0,2,18,2,21,26480.0,1377320.22,0.0,0.3328,2,3,0,0,0.00039089,0.00062472,2,7,2,0.731,0.9675,0.9154,0.9566,"out_degree,betweenness"
100000004386258100,transit,0.6221,29,0.4499,165,Признаки транзита: деньги от 2 seed; получает от 3 плательщ. (62 тыс ₸); платит 3 получат. (40 тыс ₸); отдаёт дальше 65% полученного; 75% уходит ≤2 дн. после поступления,2,False,False,2,0,3,3,3,3,61700.0,40000.0,0.3517,0.75,2,0,0,0,0.00053367,0.00012047,1,0,0,0.8503,0.8395,0.5466,0.8937,
100000004479404100,coordinator,0.6219,22,0.4496,166,Связующий узел между хабами: связан с 2+1 хабами (вход+выход); получает от 2 плательщ. (1.5 млн ₸); платит 1 получат. (300 тыс ₸); отдаёт дальше 20% полученного; повтор. маршрутов: 1,2,False,False,1,0,2,1,8,2,1492000.0,300000.0,0.7989,0.0,1,0,0,1,0.00086671,9.61e-05,2,1,1,0.731,0.5835,0.9349,0.8807,
100000003557488100,transit,0.5098,18,0.4491,167,Признаки транзита: получает от 1 плательщ. (665 тыс ₸); платит 2 получат. (138 тыс ₸); отдаёт дальше 21% полученного; 86% уходит ≤2 дн. после поступления; повтор. маршрутов: 1,3,False,False,1,0,1,2,3,4,664992.0,138000.0,0.7925,0.8551,1,1,0,1,0.00058097,1.981e-05,1,1,0,0.0,0.8363,0.9162,0.8211,
100000008121806100,coordinator,0.777,27,0.4488,168,Связующий узел между хабами: связан с 1+2 хабами (вход+выход); получает от 1 плательщ. (67 тыс ₸); платит 4 получат. (249 тыс ₸); отдаёт в 3.7 раза больше видимого входа,3,False,False,1,0,1,4,1,6,67000.0,248509.0,0.0,0.342,1,1,0,0,0.00030037,0.00078086,1,2,2,0.0,0.9404,0.7741,0.9886,betweenness
100000003582677100,coordinator,0.8479,3,0.4483,169,Связующий узел между хабами: связан с 2+4 хабами (вход+выход); получает от 2 плательщ. (30 тыс ₸); платит 4 получат. (56 тыс ₸); отдаёт в 1.9 раза больше видимого входа; повтор. маршрутов: 1,3,False,False,1,0,2,4,2,5,29756.99,56000.0,0.0,0.0,1,4,0,1,0.00029329,0.00017888,2,4,2,0.8414,0.9404,0.5025,0.9734,betweenness
100000004508696100,transit,0.7466,32,0.4478,170,Признаки транзита: получает от 1 плательщ. (7 тыс ₸); платит 3 получат. (111 тыс ₸); отдаёт в 15.9 раза больше видимого входа; 95% уходит ≤2 дн. после поступления,3,False,False,1,0,1,3,1,4,7000.0,111000.0,0.0,0.955,1,0,0,0,0.00042253,3.923e-05,0,0,0,0.0,0.9124,0.5761,0.8997,
100000002628576100,consolidator,0.4221,23,0.4474,171,Признаки консолидации: деньги от 3 seed; получает от 2 плательщ. (728 тыс ₸); платит 2 получат. (539 тыс ₸); отдаёт дальше 74% полученного; по обороту выше 95% узлов 3-го колена,3,False,False,3,0,2,2,3,2,727882.0,539000.0,0.2595,1.0,1,0,0,0,0.00031139,3.844e-05,2,0,1,0.8414,0.8363,0.9556,0.8731,volume
100000001527186100,terminal,0.7303,9,0.4466,172,Конечная точка в данных: деньги от 4 seed (1 напрямую); получает от 1 плательщ. (678 тыс ₸); повтор. маршрутов: 6; исходящих ≥5 тыс ₸ нет,1,False,False,4,1,1,0,2,0,678000.0,0.0,1.0,0.0,1,0,0,6,0.00042133,0.0,1,0,0,0.0,0.0,0.8875,0.0,
100000008636603100,distributor,0.3404,4,0.4465,173,Признаки веерной раздачи: деньги от 2 seed; получает от 2 плательщ. (35 тыс ₸); платит 6 получат. (159 тыс ₸); отдаёт в 4.5 раза больше видимого входа; по посредничеству выше 98% узлов 2-го колена,2,False,False,2,0,2,6,2,7,35460.0,159375.0,0.0,0.3694,1,2,0,12,0.0003387,0.00347457,2,4,4,0.731,0.9111,0.6659,0.9892,betweenness
100000005171642100,transit,0.638,21,0.4454,174,Признаки транзита: получает от 2 плательщ. (697 тыс ₸); платит 1 получат. (684 тыс ₸); отдаёт дальше 98% полученного; по обороту выше 96% узлов 3-го колена; 96% уходит ≤2 дн. после поступления,3,False,False,1,0,2,1,5,4,696800.0,683600.0,0.0189,0.9626,1,0,0,0,0.00276718,4e-07,1,1,0,0.8414,0.6409,0.9607,0.6789,volume
100000001287955100,transit,0.7171,16,0.4452,175,Признаки транзита: получает от 1 плательщ. (18 тыс ₸); платит 4 получат. (310 тыс ₸); отдаёт в 17.7 раза больше видимого входа; по посредничеству выше 95% узлов 2-го колена,2,False,False,1,0,1,4,1,5,17520.0,310000.0,0.0,0.741,1,0,0,0,0.00029392,0.0006803,1,3,2,0.0,0.8915,0.7549,0.9588,betweenness
100000001073568100,transit,0.5825,13,0.4452,176,Признаки транзита: получает от 1 плательщ. (707 тыс ₸); платит 2 получат. (220 тыс ₸); отдаёт дальше 31% полученного; 100% уходит ≤2 дн. после поступления,3,False,False,1,0,1,2,4,3,707465.0,219503.0,0.6897,1.0,1,0,0,0,0.00048554,1.922e-05,1,1,0,0.0,0.8363,0.9353,0.7297,
100000007170072100,transit,0.7609,27,0.4444,177,Признаки транзита: получает от 1 плательщ. (100 тыс ₸); платит 2 получат. (100 тыс ₸); отдаёт дальше 100% полученного; 100% уходит ≤2 дн. после поступления,3,False,False,1,0,1,2,1,9,100000.0,99500.0,0.005,1.0,1,0,0,0,0.00030766,3.844e-05,1,0,0,0.0,0.8363,0.684,0.8731,
100000008172352100,distributor,0.4809,37,0.4443,178,Признаки веерной раздачи: получает от 3 плательщ. (90 тыс ₸); платит 7 получат. (290 тыс ₸); отдаёт в 3.2 раза больше видимого входа; по числу получателей выше 95% узлов 1-го колена,1,False,False,1,1,3,7,3,8,90265.0,289510.0,0.0,0.7667,2,0,0,0,0.00037527,0.00018673,3,0,1,0.8429,0.9512,0.7856,0.9193,out_degree
100000006579678100,distributor,0.3604,4,0.4435,179,Признаки веерной раздачи: получает от 2 плательщ. (193 тыс ₸); платит 6 получат. (1.7 млн ₸); отдаёт в 8.6 раза больше видимого входа; по обороту выше 96% узлов 1-го колена; повтор. маршрутов: 1,1,False,False,1,1,2,6,2,15,192930.0,1668800.0,0.0,0.1208,1,1,0,1,0.00062564,0.00044894,1,4,0,0.6624,0.9342,0.9618,0.9618,"volume,betweenness"
100000000594783100,transit,0.4616,5,0.4433,180,Признаки транзита: получает от 1 плательщ. (2.6 млн ₸); платит 2 получат. (152 тыс ₸); отдаёт дальше 6% полученного; по обороту выше 98% узлов 3-го колена; 100% уходит ≤2 дн. после поступления,3,False,False,1,0,1,2,10,2,2635000.0,152500.0,0.9421,1.0,1,1,0,1,0.00138159,0.0,1,2,0,0.0,0.8363,0.9898,0.0,volume
100000000667713100,distributor,0.3356,4,0.4425,181,Признаки веерной раздачи: получает от 2 плательщ. (119 тыс ₸); платит 6 получат. (79 тыс ₸); отдаёт дальше 66% полученного; 47% уходит ≤2 дн. после поступления; повтор. маршрутов: 3,1,False,False,1,1,2,6,10,7,119495.0,79236.0,0.3369,0.4726,1,0,1,3,0.00032011,0.00013968,2,2,1,0.6624,0.9342,0.6688,0.9066,
100000003204491100,transit,0.6633,2,0.4423,182,Признаки транзита: получает от 1 плательщ. (140 тыс ₸); платит 1 получат. (100 тыс ₸); отдаёт дальше 71% полученного; 100% уходит ≤2 дн. после поступления; повтор. маршрутов: 1,3,False,False,1,0,1,1,1,2,140000.0,100000.0,0.2857,1.0,1,0,0,1,0.00029798,1.922e-05,1,0,0,0.0,0.6409,0.7183,0.7297,
100000002718366100,consolidator,0.5715,11,0.442,183,Признаки консолидации: деньги от 3 seed; получает от 6 плательщ. (2.5 млн ₸); по числу плательщиков выше 96% узлов 2-го колена; до 3 плательщ. в один день; повтор. маршрутов: 1; исходящих ≥5 тыс ₸ нет,2,False,False,3,0,6,0,10,0,2525000.0,0.0,1.0,0.0,3,0,0,1,0.0006812,0.0,5,0,2,0.961,0.0,0.9544,0.0,"in_degree,volume"
100000007382543100,coordinator,0.5549,12,0.442,184,Связующий узел между хабами: связан с 2+1 хабами (вход+выход); получает от 3 плательщ. (218 тыс ₸); платит 5 получат. (427 тыс ₸); отдаёт в 2.0 раза больше видимого входа,2,False,False,1,0,3,5,3,8,218000.0,427000.0,0.0,0.2342,1,0,0,0,0.00119049,0.00024448,2,1,0,0.8503,0.9002,0.859,0.9306,
100000001463701100,consolidator,0.4875,1,0.4419,185,Признаки консолидации: деньги от 4 seed (1 напрямую); получает от 2 плательщ. (621 тыс ₸); исходящих ≥5 тыс ₸ нет,1,False,False,4,1,2,0,2,0,621000.0,0.0,1.0,0.0,2,0,0,0,0.00057221,0.0,1,0,0,0.6624,0.0,0.8747,0.0,
100000004105288100,consolidator,0.4952,9,0.4414,186,Признаки консолидации: деньги от 6 seed (1 напрямую); получает от 2 плательщ. (215 тыс ₸); исходящих ≥5 тыс ₸ нет,1,False,False,6,1,2,0,2,0,215000.0,0.0,1.0,0.0,1,0,0,0,0.00046304,0.0,2,0,1,0.6624,0.0,0.69,0.0,
100000003360542100,consolidator,0.436,0,0.4414,187,Признаки консолидации: деньги от 4 seed; получает от 2 плательщ. (317 тыс ₸); платит 2 получат. (52 тыс ₸); отдаёт дальше 16% полученного; 30% уходит ≤2 дн. после поступления; повтор. маршрутов: 1,2,False,False,4,0,2,2,3,5,317000.0,51800.0,0.8366,0.2992,1,0,0,1,0.00145643,9.9e-07,1,2,0,0.731,0.7614,0.7722,0.679,
100000005074393100,peripheral,0.3471,42,0.4412,188,"Периферия, явных признаков нет: деньги от 5 seed (1 напрямую); получает от 4 плательщ. (563 тыс ₸); платит 6 получат. (686 тыс ₸); отдаёт в 1.2 раза больше видимого входа; повтор. маршрутов: 6",1,False,False,5,1,4,6,5,10,563026.0,685500.0,0.0,0.0664,1,0,0,6,0.00106008,0.00021697,2,0,2,0.9236,0.9342,0.9384,0.9299,
100000008379273100,coordinator,0.7865,13,0.4401,189,Связующий узел между хабами: связан с 2+2 хабами (вход+выход); получает от 2 плательщ. (36 тыс ₸); платит 4 получат. (38 тыс ₸); отдаёт в 1.1 раза больше видимого входа; повтор. маршрутов: 1,3,False,False,1,0,2,4,2,4,36000.0,38000.0,0.0,0.0,1,4,0,1,0.00029902,0.00170051,2,2,1,0.8414,0.9404,0.4772,0.9949,betweenness
100000005124479100,consolidator,0.3975,2,0.4398,190,Признаки консолидации: деньги от 4 seed (1 напрямую); получает от 2 плательщ. (138 тыс ₸); платит 2 получат. (22 тыс ₸); отдаёт дальше 16% полученного; повтор. маршрутов: 2,1,False,False,4,1,2,2,2,2,137753.0,22000.0,0.8403,0.0,1,0,0,2,0.00030323,4.756e-05,2,0,1,0.6624,0.7834,0.6242,0.8386,
100000002939838100,consolidator,0.5129,9,0.4397,191,Признаки консолидации: деньги от 5 seed (1 напрямую); получает от 3 плательщ. (571 тыс ₸); исходящих ≥5 тыс ₸ нет,1,False,False,5,1,3,0,3,0,571233.0,0.0,1.0,0.0,1,0,0,0,0.00040003,0.0,2,0,0,0.8429,0.0,0.8662,0.0,
100000000089154100,distributor,0.5079,3,0.4391,192,Признаки веерной раздачи: получает от 1 плательщ. (10 тыс ₸); платит 15 получат. (426 тыс ₸); отдаёт в 42.5 раза больше видимого входа; по числу получателей выше 98% узлов 1-го колена,1,False,False,1,1,1,15,1,21,10000.0,425500.0,0.0,0.2738,1,20,0,2,0.00028745,0.00010895,1,11,3,0.0,0.9851,0.8047,0.8832,out_degree
100000003747133100,consolidator,0.4021,3,0.4389,193,Признаки консолидации: получает от 5 плательщ. (237 тыс ₸); платит 2 получат. (250 тыс ₸); отдаёт в 1.1 раза больше видимого входа; 92% уходит ≤2 дн. после поступления,2,False,False,1,0,5,2,8,2,237068.0,250000.0,0.0,0.92,2,0,0,0,0.00037807,9.61e-05,5,0,1,0.9479,0.7614,0.82,0.8807,
100000007242833100,transit,0.6172,29,0.4387,194,Признаки транзита: деньги от 2 seed; получает от 1 плательщ. (108 тыс ₸); платит 1 получат. (45 тыс ₸); отдаёт дальше 42% полученного; 100% уходит ≤2 дн. после поступления,2,False,False,2,0,1,1,3,2,107500.0,45000.0,0.5814,1.0,1,0,0,0,0.0005138,1.981e-05,1,0,0,0.0,0.5835,0.6182,0.7722,
100000003035737100,consolidator,0.4239,27,0.4381,195,Признаки консолидации: деньги от 3 seed; получает от 2 плательщ. (809 тыс ₸); платит 1 получат. (7 тыс ₸); отдаёт дальше 1% полученного; 100% уходит ≤2 дн. после поступления,3,False,False,3,0,2,1,3,1,809170.0,6544.53,0.9919,1.0,1,0,0,0,0.00037881,1.922e-05,2,0,1,0.8414,0.6409,0.9213,0.7297,
100000008566737100,consolidator,0.4527,2,0.437,196,Признаки консолидации: деньги от 4 seed (1 напрямую); получает от 2 плательщ. (230 тыс ₸); повтор. маршрутов: 2; исходящих ≥5 тыс ₸ нет,1,False,False,4,1,2,0,2,0,230000.0,0.0,1.0,0.0,2,0,0,2,0.00034946,0.0,2,0,1,0.6624,0.0,0.7049,0.0,
100000006788200100,consolidator,0.4327,13,0.4367,197,Признаки консолидации: деньги от 3 seed (1 напрямую); получает от 4 плательщ. (272 тыс ₸); платит 3 получат. (64 тыс ₸); отдаёт дальше 24% полученного; повтор. маршрутов: 1,1,False,False,3,1,4,3,4,4,272155.8,64500.0,0.763,0.0,1,0,0,1,0.00033716,9.689e-05,4,1,3,0.9236,0.8556,0.7643,0.8769,
100000002988894100,peripheral,0.5846,9,0.4366,198,"Периферия, явных признаков нет: деньги от 4 seed (1 напрямую); получает от 1 плательщ. (306 тыс ₸); платит 3 получат. (78 тыс ₸); отдаёт дальше 25% полученного; 37% уходит ≤2 дн. после поступления",1,False,False,4,1,1,3,1,3,306121.0,77500.0,0.7468,0.3742,1,0,0,3,0.00034687,7.133e-05,1,0,0,0.0,0.8556,0.7877,0.862,
100000008465789100,distributor,0.6192,11,0.4362,199,Признаки веерной раздачи: получает от 1 плательщ. (30 тыс ₸); платит 16 получат. (1.9 млн ₸); отдаёт в 61.7 раза больше видимого входа; по числу получателей выше 99% узлов 3-го колена,3,False,False,1,0,1,16,1,17,30099.0,1858100.0,0.0,0.478,1,5,0,0,0.00028989,0.0008451,1,5,1,0.0,0.9924,0.9784,0.9898,"out_degree,volume,betweenness"
100000008733194100,distributor,0.46,27,0.4361,200,Признаки веерной раздачи: деньги от 2 seed; получает от 4 плательщ. (251 тыс ₸); платит 8 получат. (160 тыс ₸); отдаёт дальше 64% полученного; 71% уходит ≤2 дн. после поступления,2,False,False,2,0,4,8,4,8,251424.0,159695.0,0.3648,0.7115,2,0,0,0,0.00047073,0.00020045,3,1,1,0.9262,0.9306,0.7939,0.9241,
100000004336312100,coordinator,0.5573,12,0.4346,201,Связующий узел между хабами: связан с 3+1 хабами (вход+выход); получает от 3 плательщ. (90 тыс ₸); платит 2 получат. (73 тыс ₸); отдаёт дальше 80% полученного; 52% уходит ≤2 дн. после поступления,2,False,False,1,0,3,2,7,3,90415.0,72650.0,0.1965,0.5182,3,1,0,0,0.00069601,3.378e-05,3,1,0,0.8503,0.7614,0.6334,0.8134,
100000002188829100,terminal,0.7193,9,0.4336,202,Конечная точка в данных: деньги от 4 seed (1 напрямую); получает от 1 плательщ. (400 тыс ₸); повтор. маршрутов: 3; исходящих ≥5 тыс ₸ нет,1,False,False,4,1,1,0,1,0,400000.0,0.0,1.0,0.0,1,0,0,3,0.00036566,0.0,1,0,0,0.0,0.0,0.7941,0.0,
100000003299365100,peripheral,0.35,9,0.4334,203,"Периферия, явных признаков нет: деньги от 4 seed (1 напрямую); получает от 1 плательщ. (200 тыс ₸); платит 1 получат. (200 тыс ₸); отдаёт дальше 100% полученного; 100% уходит ≤2 дн. после поступления",1,False,False,4,1,1,1,1,1,200000.0,200000.0,0.0,1.0,1,2,0,3,0.00032562,0.0,1,1,0,0.0,0.6476,0.7941,0.0,
100000006994985100,transit,0.6212,13,0.4323,204,Признаки транзита: получает от 1 плательщ. (48 тыс ₸); платит 1 получат. (10 тыс ₸); отдаёт дальше 21% полученного; 100% уходит ≤2 дн. после поступления; повтор. маршрутов: 1,2,False,False,1,0,1,1,2,2,48500.0,10200.0,0.7897,1.0,1,0,1,1,0.00050133,1.962e-05,1,0,0,0.0,0.5835,0.4187,0.7636,
100000005242320100,distributor,0.6471,16,0.4323,205,Признаки веерной раздачи: деньги от 2 seed; получает от 2 плательщ. (366 тыс ₸); платит 21 получат. (8.9 млн ₸); отдаёт в 24.4 раза больше видимого входа; 19% уходит ≤2 дн. после поступления,2,False,False,2,0,2,21,2,29,365700.0,8936295.0,0.0,0.1927,1,0,0,0,0.00050012,2.972e-05,2,1,1,0.731,0.9718,0.9957,0.8069,"out_degree,volume"
100000002681449100,coordinator,0.6646,0,0.4308,206,Связующий узел между хабами: связан с 2+2 хабами (вход+выход); получает от 2 плательщ. (95 тыс ₸); платит 2 получат. (133 тыс ₸); отдаёт в 1.4 раза больше видимого входа; повтор. маршрутов: 1,1,False,False,1,1,2,2,2,2,94638.0,133000.0,0.0,0.0977,1,5,0,1,0.00029514,1.765e-05,2,2,2,0.6624,0.7834,0.7028,0.7516,
100000008137435100,distributor,0.3988,14,0.4305,207,Признаки веерной раздачи: получает от 2 плательщ. (94 тыс ₸); платит 6 получат. (1.4 млн ₸); отдаёт в 15.1 раза больше видимого входа; по обороту выше 95% узлов 1-го колена; повтор. маршрутов: 1,1,False,False,1,1,2,6,2,7,93906.0,1419700.0,0.0,0.2944,2,0,0,1,0.00031428,0.00029841,2,2,2,0.6624,0.9342,0.9512,0.9406,volume
100000003131693100,terminal,0.7157,9,0.4295,208,Конечная точка в данных: деньги от 4 seed (1 напрямую); получает от 1 плательщ. (353 тыс ₸); повтор. маршрутов: 6; исходящих ≥5 тыс ₸ нет,1,False,False,4,1,1,0,1,0,353277.0,0.0,1.0,0.0,1,0,0,6,0.00035631,0.0,1,0,0,0.0,0.0,0.7728,0.0,
100000000267734100,distributor,0.3911,17,0.4292,209,Признаки веерной раздачи: получает от 2 плательщ. (180 тыс ₸); платит 7 получат. (282 тыс ₸); отдаёт в 1.6 раза больше видимого входа; по числу получателей выше 95% узлов 1-го колена,1,False,False,1,1,2,7,4,8,180000.0,282000.0,0.0,0.4149,1,0,4,4,0.00053732,3.57e-06,1,0,0,0.6624,0.9512,0.8259,0.741,out_degree
100000004188160100,distributor,0.3205,4,0.429,210,Признаки веерной раздачи: деньги от 3 seed (1 напрямую); получает от 2 плательщ. (88 тыс ₸); платит 5 получат. (134 тыс ₸); отдаёт в 1.5 раза больше видимого входа; 39% уходит ≤2 дн. после поступления,1,False,False,3,1,2,5,5,6,87862.0,133846.0,0.0,0.3865,1,0,0,1,0.00029683,0.0024601,2,2,1,0.6624,0.9236,0.7006,0.9958,betweenness
100000004315838100,consolidator,0.3834,9,0.429,211,Признаки консолидации: деньги от 5 seed (1 напрямую); получает от 2 плательщ. (50 тыс ₸); платит 1 получат. (18 тыс ₸); отдаёт дальше 36% полученного; повтор. маршрутов: 3,1,False,False,5,1,2,1,2,1,50000.0,18000.0,0.64,0.0,1,0,0,3,0.00029139,2.378e-05,2,0,1,0.6624,0.6476,0.4501,0.8004,
100000008620570100,coordinator,0.6568,2,0.4288,212,Связующий узел между хабами: связан с 2+1 хабами (вход+выход); деньги от 2 seed; получает от 2 плательщ. (145 тыс ₸); платит 2 получат. (32 тыс ₸); отдаёт дальше 22% полученного,3,False,False,2,0,2,2,2,2,145000.0,31800.0,0.7807,0.3145,1,0,0,0,0.00034854,3.308e-05,2,1,2,0.8414,0.8363,0.665,0.8706,
100000008343874100,transit,0.6051,27,0.4285,213,Признаки транзита: деньги от 2 seed; получает от 2 плательщ. (284 тыс ₸); платит 2 получат. (176 тыс ₸); отдаёт дальше 62% полученного; 81% уходит ≤2 дн. после поступления,3,False,False,2,0,2,2,2,5,283535.0,176400.0,0.3779,0.8129,1,0,0,0,0.00030765,3.884e-05,2,0,1,0.8414,0.8363,0.8452,0.8921,
100000002152857100,distributor,0.4498,13,0.4276,214,Признаки веерной раздачи: получает от 1 плательщ. (105 тыс ₸); платит 5 получат. (1.2 млн ₸); отдаёт в 11.7 раза больше видимого входа; 59% уходит ≤2 дн. после поступления,1,False,False,1,1,1,5,1,6,105000.0,1230000.0,0.0,0.5854,1,0,0,0,0.00029971,0.00031347,1,3,1,0.0,0.9236,0.9406,0.9427,
100000008460102100,distributor,0.7417,16,0.4258,215,Признаки веерной раздачи: получает от 1 плательщ. (18 тыс ₸); платит 31 получат. (477 тыс ₸); отдаёт в 27.2 раза больше видимого входа; по числу получателей больше всех узлов 3-го колена,3,False,False,1,0,1,31,1,34,17500.0,476570.0,0.0,0.1874,1,1,0,0,0.00029969,0.00097772,1,1,2,0.0,0.9975,0.8604,0.9924,"out_degree,betweenness"
100000002603769100,consolidator,0.4477,3,0.4242,216,Признаки консолидации: деньги от 3 seed (1 напрямую); получает от 3 плательщ. (1.2 млн ₸); повтор. маршрутов: 1; исходящих ≥5 тыс ₸ нет,1,False,False,3,1,3,0,3,0,1185368.0,0.0,1.0,0.0,1,0,0,1,0.00054154,0.0,2,0,1,0.8429,0.0,0.9321,0.0,
100000006866783100,distributor,0.9939,3,0.4238,217,Признаки веерной раздачи: получает от 13 плательщ. (839 тыс ₸); платит 67 получат. (3.9 млн ₸); по числу плательщиков выше 98% seed; 100% уходит ≤2 дн. после поступления; до 5 плательщ. в один день,0,True,False,0,0,13,67,31,90,838812.0,3948037.0,,1.0,5,8,52,56,0.00087037,0.00604523,11,30,13,0.9875,0.975,0.975,0.9875,"in_degree,out_degree,volume,betweenness"
100000004004621100,consolidator,0.4921,3,0.4234,218,Признаки консолидации: деньги от 6 seed (1 напрямую); получает от 3 плательщ. (75 тыс ₸); повтор. маршрутов: 1; исходящих ≥5 тыс ₸ нет,1,False,False,6,1,3,0,3,0,75389.0,0.0,1.0,0.0,2,0,0,1,0.00030077,0.0,3,0,2,0.8429,0.0,0.4798,0.0,
100000004906181100,distributor,0.516,23,0.4234,219,Признаки веерной раздачи: деньги от 3 seed; получает от 1 плательщ. (100 тыс ₸); платит 7 получат. (2.5 млн ₸); отдаёт в 24.7 раза больше видимого входа; 64% уходит ≤2 дн. после поступления,3,False,False,3,0,1,7,1,33,100000.0,2473417.91,0.0,0.642,1,0,0,0,0.00028881,0.00013454,1,0,0,0.0,0.9772,0.9886,0.9657,"out_degree,volume,betweenness"
100000002645993100,distributor,0.4547,3,0.4234,220,Признаки веерной раздачи: деньги от 2 seed; получает от 2 плательщ. (50 тыс ₸); платит 5 получат. (87 тыс ₸); отдаёт в 1.8 раза больше видимого входа; по числу получателей выше 95% узлов 3-го колена,3,False,False,2,0,2,5,4,9,49650.0,86980.0,0.0,1.0,2,3,0,0,0.00029331,9.388e-05,2,4,2,0.8414,0.9569,0.6015,0.9543,"out_degree,betweenness"
100000001236706100,consolidator,0.4502,3,0.4233,221,Признаки консолидации: деньги от 4 seed; получает от 3 плательщ. (143 тыс ₸); платит 2 получат. (36 тыс ₸); отдаёт дальше 25% полученного; по числу плательщиков выше 95% узлов 3-го колена,3,False,False,4,0,3,2,3,2,142700.0,36000.0,0.7477,0.0,2,0,0,0,0.00076629,3.923e-05,2,0,1,0.953,0.8363,0.6662,0.8997,in_degree
100000005432267100,consolidator,0.4694,9,0.4231,222,Признаки консолидации: деньги от 4 seed (1 напрямую); получает от 2 плательщ. (350 тыс ₸); повтор. маршрутов: 1; исходящих ≥5 тыс ₸ нет,1,False,False,4,1,2,0,2,0,350001.0,0.0,1.0,0.0,2,0,0,1,0.00034233,0.0,2,0,1,0.6624,0.0,0.7707,0.0,
100000006443391100,transit,0.5623,31,0.4227,223,Признаки транзита: получает от 3 плательщ. (87 тыс ₸); платит 2 получат. (60 тыс ₸); отдаёт дальше 69% полученного; 89% уходит ≤2 дн. после поступления,1,False,False,1,1,3,2,7,6,86775.93,60041.71,0.3081,0.8945,1,0,0,0,0.00241951,1.19e-06,1,0,0,0.8429,0.7834,0.6093,0.7091,
100000002592567100,coordinator,0.6765,4,0.4227,224,Связующий узел между хабами: связан с 1+2 хабами (вход+выход); получает от 1 плательщ. (5 тыс ₸); платит 2 получат. (49 тыс ₸); отдаёт в 9.2 раза больше видимого входа; повтор. маршрутов: 2,1,False,False,1,1,1,2,1,2,5297.0,48600.0,0.0,0.0,1,0,0,2,0.00028614,0.00072025,1,2,1,0.0,0.7834,0.4076,0.9703,betweenness
100000008545727100,distributor,0.4928,17,0.4221,225,Признаки веерной раздачи: получает от 1 плательщ. (30 тыс ₸); платит 6 получат. (1.9 млн ₸); отдаёт в 62.2 раза больше видимого входа; 64% уходит ≤2 дн. после поступления,2,False,False,1,0,1,6,1,7,30000.0,1866500.0,0.0,0.6376,1,1,0,0,0.0003387,0.0001342,1,1,0,0.0,0.9111,0.9414,0.9024,
100000002618492100,consolidator,0.4708,1,0.4216,226,Признаки консолидации: деньги от 5 seed (1 напрямую); получает от 2 плательщ. (296 тыс ₸); исходящих ≥5 тыс ₸ нет,1,False,False,5,1,2,0,2,0,296500.0,0.0,1.0,0.0,1,0,0,0,0.00036903,0.0,2,0,1,0.6624,0.0,0.7452,0.0,
100000007998965100,consolidator,0.4833,13,0.4214,227,Признаки консолидации: деньги от 3 seed; получает от 5 плательщ. (278 тыс ₸); платит 1 получат. (26 тыс ₸); отдаёт дальше 9% полученного; 38% уходит ≤2 дн. после поступления,2,False,False,3,0,5,1,7,3,278000.0,26000.0,0.9065,0.3846,2,0,0,0,0.00047192,1.981e-05,4,0,2,0.9479,0.5835,0.7484,0.7722,
100000001126374100,transit,0.4879,30,0.42,228,Признаки транзита: деньги от 2 seed (1 напрямую); получает от 4 плательщ. (182 тыс ₸); платит 2 получат. (29 тыс ₸); отдаёт дальше 16% полученного; 75% уходит ≤2 дн. после поступления,1,False,False,2,1,4,2,7,4,182500.0,29200.0,0.84,0.7534,1,0,0,0,0.0003135,3.923e-05,4,0,2,0.9236,0.7834,0.6879,0.8259,
100000003016635100,distributor,0.983,4,0.4197,229,Признаки веерной раздачи: получает от 8 плательщ. (587 тыс ₸); платит 73 получат. (9.4 млн ₸); по числу плательщиков выше 96% seed; 94% уходит ≤2 дн. после поступления; до 3 плательщ. в один день,0,True,False,1,0,8,73,36,151,586981.0,9414081.0,,0.9351,3,4,67,71,0.00118964,0.00721547,5,15,9,0.9625,0.9875,0.9875,1.0,"in_degree,out_degree,volume,betweenness"
100000004877085100,transit,0.6484,3,0.4188,230,Признаки транзита: деньги от 2 seed; получает от 1 плательщ. (25 тыс ₸); платит 3 получат. (96 тыс ₸); отдаёт в 3.8 раза больше видимого входа; 71% уходит ≤2 дн. после поступления,3,False,False,2,0,1,3,1,9,25000.0,95600.0,0.0,0.7071,1,0,0,0,0.00029482,5.766e-05,1,0,0,0.0,0.9124,0.5812,0.9175,
100000005456919100,coordinator,0.3,7,0.4184,231,Связующий узел между хабами: связан с 2+1 хабами (вход+выход); получает от 2 плательщ. (480 тыс ₸); платит 1 получат. (5 тыс ₸); отдаёт дальше 1% полученного; 100% уходит ≤2 дн. после поступления,1,False,False,1,1,2,1,10,1,479950.0,5000.0,0.9896,1.0,2,0,0,0,0.00137003,0.0,2,1,0,0.6624,0.6476,0.8365,0.0,
100000000489417100,coordinator,0.4631,3,0.418,232,Связующий узел между хабами: связан с 2+1 хабами (вход+выход); получает от 3 плательщ. (74 тыс ₸); платит 1 получат. (80 тыс ₸); отдаёт в 1.1 раза больше видимого входа,2,False,False,1,0,3,1,3,1,73504.0,80000.0,0.0,1.0,2,1,0,0,0.00055176,1.405e-05,2,1,1,0.8503,0.5835,0.6226,0.7289,
100000003616818100,coordinator,0.4451,6,0.4174,233,Связующий узел между хабами: связан с 3+2 хабами (вход+выход); получает от 3 плательщ. (78 тыс ₸); платит 3 получат. (240 тыс ₸); отдаёт в 3.1 раза больше видимого входа; повтор. маршрутов: 3,1,False,False,1,1,3,3,4,8,78000.0,240100.0,0.0,0.0,1,0,0,3,0.000513,1.98e-06,3,2,0,0.8429,0.8556,0.758,0.7261,
100000002547110100,consolidator,0.5917,11,0.4174,234,Признаки консолидации: деньги от 2 seed; получает от 6 плательщ. (1.5 млн ₸); по числу плательщиков больше всех узлов 3-го колена; до 5 плательщ. в один день; исходящих ≥5 тыс ₸ нет,3,False,False,2,0,6,0,10,0,1500000.0,0.0,1.0,0.0,5,0,0,0,0.00055163,0.0,6,0,1,1.0,0.0,0.9645,0.0,"in_degree,volume"
100000008466579100,distributor,0.5336,11,0.4173,235,Признаки веерной раздачи: получает от 2 плательщ. (37 тыс ₸); платит 17 получат. (1.9 млн ₸); отдаёт в 52.3 раза больше видимого входа; по числу получателей выше 96% узлов 2-го колена,2,False,False,1,0,2,17,2,20,36952.0,1933000.0,0.0,0.0647,1,6,0,0,0.00035341,0.00050563,2,9,2,0.731,0.9653,0.9436,0.9523,"out_degree,betweenness"
100000005634552100,coordinator,0.5548,3,0.4171,236,Связующий узел между хабами: связан с 1+2 хабами (вход+выход); получает от 1 плательщ. (26 тыс ₸); платит 3 получат. (1.2 млн ₸); отдаёт в 46.3 раза больше видимого входа; повтор. маршрутов: 1,1,False,False,1,1,1,3,1,4,25850.0,1196000.0,0.0,0.0,1,6,0,1,0.00028835,2.918e-05,1,2,1,0.0,0.8556,0.9363,0.8153,
100000001282143100,consolidator,0.5797,11,0.4153,237,Признаки консолидации: деньги от 3 seed; получает от 5 плательщ. (1.7 млн ₸); по числу плательщиков выше 99% узлов 3-го колена; до 4 плательщ. в один день; исходящих ≥5 тыс ₸ нет,3,False,False,3,0,5,0,6,0,1700000.0,0.0,1.0,0.0,4,0,0,0,0.00040176,0.0,5,0,1,0.9949,0.0,0.9721,0.0,"in_degree,volume"
100000008389800100,distributor,0.4388,4,0.4141,238,Признаки веерной раздачи: получает от 3 плательщ. (189 тыс ₸); платит 7 получат. (402 тыс ₸); отдаёт в 2.1 раза больше видимого входа; 54% уходит ≤2 дн. после поступления,2,False,False,1,0,3,7,3,8,189000.0,401620.0,0.0,0.5363,1,0,0,0,0.0005051,0.00015931,1,0,0,0.8503,0.9241,0.8482,0.9176,
100000004692798100,transit,0.4658,29,0.4139,239,Признаки транзита: получает от 2 плательщ. (240 тыс ₸); платит 1 получат. (15 тыс ₸); отдаёт дальше 6% полученного; 100% уходит ≤2 дн. после поступления,1,False,False,1,1,2,1,4,2,240305.0,15000.0,0.9376,1.0,1,0,0,0,0.00191065,2e-07,2,1,0,0.6624,0.6476,0.724,0.6624,
100000003834495100,peripheral,0.4606,2,0.4124,240,"Периферия, явных признаков нет: деньги от 2 seed; получает от 3 плательщ. (602 тыс ₸); платит 1 получат. (20 тыс ₸); отдаёт дальше 3% полученного; по числу плательщиков выше 95% узлов 3-го колена",3,False,False,2,0,3,1,5,1,602441.0,20000.0,0.9668,1.0,2,0,1,4,0.00062086,2.87e-06,2,0,0,0.953,0.6409,0.8934,0.7157,in_degree
100000002836736100,consolidator,0.4448,13,0.4107,241,Признаки консолидации: деньги от 3 seed (1 напрямую); получает от 2 плательщ. (509 тыс ₸); повтор. маршрутов: 1; исходящих ≥5 тыс ₸ нет,1,False,False,3,1,2,0,2,0,509000.0,0.0,1.0,0.0,2,0,0,1,0.00045179,0.0,2,0,1,0.6624,0.0,0.8493,0.0,
100000005830339100,consolidator,0.4341,2,0.4105,242,Признаки консолидации: деньги от 2 seed; получает от 5 плательщ. (476 тыс ₸); платит 1 получат. (339 тыс ₸); отдаёт дальше 71% полученного; по числу плательщиков выше 99% узлов 3-го колена,3,False,False,2,0,5,1,12,1,476341.0,339251.0,0.2878,0.0,1,1,0,4,0.0003636,3.8e-06,5,1,2,0.9949,0.6409,0.9201,0.7183,in_degree
100000005661829100,transit,0.6074,2,0.4103,243,Признаки транзита: получает от 1 плательщ. (38 тыс ₸); платит 2 получат. (40 тыс ₸); отдаёт в 1.1 раза больше видимого входа; 84% уходит ≤2 дн. после поступления; повтор. маршрутов: 2,3,False,False,1,0,1,2,1,4,37790.0,40362.0,0.0,0.8372,1,5,0,2,0.00029203,2.23e-06,1,1,2,0.0,0.8363,0.4835,0.7119,
100000006446271100,consolidator,0.3999,9,0.4094,244,Признаки консолидации: деньги от 4 seed (1 напрямую); получает от 2 плательщ. (80 тыс ₸); повтор. маршрутов: 4; исходящих ≥5 тыс ₸ нет,1,False,False,4,1,2,0,2,0,80000.0,0.0,1.0,0.0,2,0,0,4,0.00031391,0.0,2,0,1,0.6624,0.0,0.4926,0.0,
100000008556318100,consolidator,0.4108,9,0.408,245,Признаки консолидации: деньги от 4 seed (1 напрямую); получает от 2 плательщ. (180 тыс ₸); повтор. маршрутов: 1; исходящих ≥5 тыс ₸ нет,1,False,False,4,1,2,0,2,0,180132.0,0.0,1.0,0.0,1,0,0,1,0.0005605,0.0,1,0,0,0.6624,0.0,0.6539,0.0,
100000004076740100,distributor,0.2847,12,0.408,246,Признаки веерной раздачи: получает от 3 плательщ. (93 тыс ₸); платит 6 получат. (125 тыс ₸); отдаёт в 1.3 раза больше видимого входа; по посредничеству выше 95% узлов 1-го колена; повтор. маршрутов: 1,1,False,False,1,1,3,6,5,10,93250.0,125000.0,0.0,0.184,1,2,1,1,0.00074145,0.00043516,1,0,1,0.8429,0.9342,0.6943,0.9597,betweenness
100000001732159100,transit,0.6477,0,0.4066,247,"Признаки транзита: деньги от 3 seed (2 напрямую); получает от 2 плательщ. (2.4 млн ₸); платит 4 получат. (1.5 млн ₸); 91% уходит ≤2 дн. после поступления; повтор. маршрутов: 3; seed, входящие занижены",0,True,False,3,2,2,4,30,23,2378100.0,1505966.0,,0.9145,2,3,1,3,0.00109506,2.027e-05,2,3,0,0.7,0.8,0.9375,0.8375,
100000003134934100,consolidator,0.4742,2,0.406,248,Признаки консолидации: деньги от 3 seed; получает от 4 плательщ. (379 тыс ₸); повтор. маршрутов: 2; исходящих ≥5 тыс ₸ нет,2,False,False,3,0,4,0,4,0,379354.0,0.0,1.0,0.0,2,0,0,2,0.00042448,0.0,4,0,2,0.9262,0.0,0.7787,0.0,
100000007281639100,consolidator,0.383,4,0.405,249,Признаки консолидации: деньги от 3 seed (1 напрямую); получает от 2 плательщ. (217 тыс ₸); повтор. маршрутов: 3; исходящих ≥5 тыс ₸ нет,1,False,False,3,1,2,0,4,0,216770.0,0.0,1.0,0.0,1,0,0,3,0.00032357,0.0,2,0,0,0.6624,0.0,0.6921,0.0,
100000002621949100,terminal,0.6891,9,0.4049,250,Конечная точка в данных: деньги от 4 seed (1 напрямую); получает от 1 плательщ. (165 тыс ₸); повтор. маршрутов: 6; исходящих ≥5 тыс ₸ нет,1,False,False,4,1,1,0,1,0,164612.0,0.0,1.0,0.0,1,0,0,6,0.00031853,0.0,1,0,0,0.0,0.0,0.6327,0.0,
100000003968044100,coordinator,0.6063,2,0.4045,251,Связующий узел между хабами: связан с 1+2 хабами (вход+выход); деньги от 2 seed; получает от 1 плательщ. (40 тыс ₸); платит 3 получат. (311 тыс ₸); отдаёт в 7.8 раза больше видимого входа,3,False,False,2,0,1,3,1,4,40000.0,311000.0,0.0,0.0,1,3,0,0,0.000296,6.562e-05,1,2,1,0.0,0.9124,0.7995,0.9378,
100000004962193100,consolidator,0.5901,3,0.404,252,Признаки консолидации: получает от 8 плательщ. (900 тыс ₸); по числу плательщиков выше 98% узлов 2-го колена; до 5 плательщ. в один день; исходящих ≥5 тыс ₸ нет,2,False,False,1,0,8,0,11,0,900468.0,0.0,1.0,0.0,5,0,0,0,0.00065732,0.0,7,0,1,0.9826,0.0,0.885,0.0,in_degree
100000005175148100,coordinator,0.3,4,0.4027,253,Связующий узел между хабами: связан с 2+1 хабами (вход+выход); деньги от 2 seed; получает от 2 плательщ. (79 тыс ₸); платит 1 получат. (15 тыс ₸); отдаёт дальше 19% полученного; повтор. маршрутов: 2,2,False,False,2,0,2,1,4,1,79000.0,15000.0,0.8101,1.0,1,0,0,2,0.00071815,0.0,2,1,0,0.731,0.5835,0.5184,0.0,
100000007390016100,transit,0.4577,23,0.4014,254,Признаки транзита: получает от 1 плательщ. (511 тыс ₸); платит 1 получат. (346 тыс ₸); отдаёт дальше 68% полученного; 72% уходит ≤2 дн. после поступления; повтор. маршрутов: 1,3,False,False,1,0,1,1,13,14,511000.0,346500.0,0.3219,0.7157,1,1,0,1,0.001843,0.0,1,1,0,0.0,0.6409,0.9277,0.0,
100000008603331100,distributor,0.4203,25,0.4008,255,Признаки веерной раздачи: получает от 2 плательщ. (40 тыс ₸); платит 6 получат. (742 тыс ₸); отдаёт в 18.8 раза больше видимого входа; 44% уходит ≤2 дн. после поступления; повтор. маршрутов: 1,2,False,False,1,0,2,6,3,6,39500.0,741774.0,0.0,0.444,1,1,1,1,0.00034423,0.00019577,1,2,2,0.731,0.9111,0.8742,0.9219,
100000002704875100,consolidator,0.4459,2,0.4004,256,Признаки консолидации: деньги от 4 seed (1 напрямую); получает от 3 плательщ. (245 тыс ₸); повтор. маршрутов: 1; исходящих ≥5 тыс ₸ нет,1,False,False,4,1,3,0,4,0,244891.0,0.0,1.0,0.0,1,0,0,1,0.00031507,0.0,3,0,2,0.8429,0.0,0.7219,0.0,
100000008637537100,consolidator,0.4699,0,0.4,257,Признаки консолидации: деньги от 3 seed (2 напрямую); получает от 3 плательщ. (620 тыс ₸); платит 3 получат. (2.4 млн ₸); 100% уходит ≤2 дн. после поступления; повтор. маршрутов: 4,0,True,False,3,2,3,3,22,30,619890.0,2351495.0,,1.0,2,1,2,4,0.00082873,7.754e-05,3,2,1,0.8375,0.725,0.9125,0.9,
100000008086440100,distributor,0.2914,2,0.3991,258,Признаки веерной раздачи: деньги от 2 seed; получает от 1 плательщ. (200 тыс ₸); платит 5 получат. (161 тыс ₸); отдаёт дальше 81% полученного; по числу получателей выше 95% узлов 3-го колена,3,False,False,2,0,1,5,1,6,199733.0,161300.0,0.1924,0.2356,1,2,0,2,0.00033767,0.0001052,1,4,1,0.0,0.9569,0.8046,0.9556,"out_degree,betweenness"
100000002565277100,terminal,0.7239,9,0.3988,259,Конечная точка в данных: деньги от 4 seed (1 напрямую); получает от 1 плательщ. (483 тыс ₸); повтор. маршрутов: 1; исходящих ≥5 тыс ₸ нет,1,False,False,4,1,1,0,1,0,483319.0,0.0,1.0,0.0,1,0,0,1,0.00038235,0.0,1,0,0,0.0,0.0,0.8344,0.0,
100000007181706100,consolidator,0.4396,9,0.3983,260,Признаки консолидации: деньги от 4 seed (1 напрямую); получает от 2 плательщ. (176 тыс ₸); повтор. маршрутов: 1; исходящих ≥5 тыс ₸ нет,1,False,False,4,1,2,0,2,0,176272.0,0.0,1.0,0.0,2,0,0,1,0.00031907,0.0,2,0,1,0.6624,0.0,0.6476,0.0,
100000004005964100,transit,0.4374,6,0.3982,261,Признаки транзита: получает от 3 плательщ. (98 тыс ₸); платит 3 получат. (72 тыс ₸); отдаёт дальше 74% полученного; 62% уходит ≤2 дн. после поступления; повтор. маршрутов: 1,1,False,False,1,1,3,3,9,5,97900.0,72000.0,0.2646,0.625,1,2,0,1,0.00040452,5e-07,2,2,0,0.8429,0.8556,0.6433,0.69,
100000003205210100,terminal,0.6819,9,0.3973,262,Конечная точка в данных: деньги от 4 seed (1 напрямую); получает от 1 плательщ. (138 тыс ₸); повтор. маршрутов: 6; исходящих ≥5 тыс ₸ нет,1,False,False,4,1,1,0,1,0,137563.0,0.0,1.0,0.0,1,0,0,6,0.00031311,0.0,1,0,0,0.0,0.0,0.5987,0.0,
100000003988112100,transit,0.4485,15,0.3957,263,Признаки транзита: деньги от 2 seed; получает от 1 плательщ. (92 тыс ₸); платит 1 получат. (64 тыс ₸); отдаёт дальше 70% полученного; 69% уходит ≤2 дн. после поступления; повтор. маршрутов: 2,2,False,False,2,0,1,1,2,5,92000.0,64000.0,0.3043,0.6875,1,0,0,2,0.00050455,0.0,1,1,0,0.0,0.5835,0.6247,0.0,
100000008094734100,consolidator,0.4268,3,0.3955,264,Признаки консолидации: деньги от 3 seed (2 напрямую); получает от 4 плательщ. (236 тыс ₸); исходящих ≥5 тыс ₸ нет,1,False,False,3,2,4,0,4,0,236249.0,0.0,1.0,0.0,1,0,0,0,0.00034414,0.0,4,0,2,0.9236,0.0,0.7155,0.0,
100000001380054100,transit,0.4824,36,0.3923,265,Признаки транзита: получает от 2 плательщ. (127 тыс ₸); платит 3 получат. (360 тыс ₸); отдаёт в 2.8 раза больше видимого входа; 56% уходит ≤2 дн. после поступления,1,False,False,1,1,2,3,2,4,127050.0,360000.0,0.0,0.5556,1,0,0,0,0.00071643,2.77e-06,1,1,0,0.6624,0.8556,0.8386,0.7325,
100000005079754100,peripheral,0.58,9,0.3922,266,"Периферия, явных признаков нет: деньги от 4 seed (1 напрямую); получает от 1 плательщ. (70 тыс ₸); платит 2 получат. (122 тыс ₸); отдаёт в 1.7 раза больше видимого входа; повтор. маршрутов: 4",1,False,False,4,1,1,2,1,2,70000.0,122000.0,0.0,0.1639,1,0,0,4,0.00029959,9.511e-05,1,0,0,0.0,0.7834,0.6624,0.8705,
100000005048668100,distributor,0.3569,3,0.3915,267,Признаки веерной раздачи: деньги от 3 seed; получает от 2 плательщ. (17 тыс ₸); платит 8 получат. (159 тыс ₸); отдаёт в 9.6 раза больше видимого входа; по числу получателей выше 98% узлов 3-го колена,3,False,False,3,0,2,8,2,11,16668.0,159400.0,0.0,0.3005,1,8,0,1,0.00028855,0.00065429,2,5,3,0.8414,0.9822,0.6637,0.9835,"out_degree,betweenness"
100000008628231100,peripheral,0.6597,9,0.3907,268,"Периферия, явных признаков нет: деньги от 4 seed (1 напрямую); получает от 1 плательщ. (50 тыс ₸); платит 2 получат. (628 тыс ₸); отдаёт в 12.6 раза больше видимого входа; повтор. маршрутов: 3",1,False,False,4,1,1,2,1,19,50000.0,627870.0,0.0,0.035,1,0,0,3,0.00029558,4.756e-05,1,0,0,0.0,0.7834,0.8854,0.8386,
100000006225798100,consolidator,0.4417,10,0.3883,269,Признаки консолидации: деньги от 3 seed; получает от 3 плательщ. (722 тыс ₸); платит 2 получат. (26 тыс ₸); отдаёт дальше 4% полученного; по числу плательщиков выше 95% узлов 3-го колена,3,False,False,3,0,3,2,4,2,722000.0,26300.0,0.9636,0.0,1,0,0,0,0.00035997,3.844e-05,3,0,2,0.953,0.8363,0.9048,0.8731,in_degree
100000002963189100,distributor,0.3638,13,0.3882,270,Признаки веерной раздачи: получает от 1 плательщ. (490 тыс ₸); платит 7 получат. (5.2 млн ₸); отдаёт в 10.7 раза больше видимого входа; по числу получателей выше 97% узлов 3-го колена,3,False,False,1,0,1,7,3,15,490000.0,5219000.0,0.0,0.0,1,0,0,2,0.00042407,8.541e-05,1,1,1,0.0,0.9772,1.0,0.9518,"out_degree,volume,betweenness"
100000001253557100,consolidator,0.4795,11,0.388,271,Признаки консолидации: деньги от 4 seed (1 напрямую); получает от 5 плательщ. (210 тыс ₸); по числу плательщиков выше 97% узлов 1-го колена; исходящих ≥5 тыс ₸ нет,1,False,False,4,1,5,0,5,0,210200.0,0.0,1.0,0.0,1,0,0,0,0.00035107,0.0,5,0,2,0.9703,0.0,0.6858,0.0,in_degree
100000003509750100,transit,0.5558,21,0.388,272,Признаки транзита: получает от 3 плательщ. (82 тыс ₸); платит 3 получат. (78 тыс ₸); отдаёт дальше 95% полученного; 74% уходит ≤2 дн. после поступления,2,False,False,1,0,3,3,4,5,82290.0,78400.0,0.0473,0.7449,1,0,0,0,0.00168705,1.98e-06,1,0,0,0.8503,0.8395,0.6291,0.705,
100000007311010100,consolidator,0.3589,9,0.3871,273,Признаки консолидации: деньги от 4 seed (1 напрямую); получает от 2 плательщ. (64 тыс ₸); платит 1 получат. (20 тыс ₸); отдаёт дальше 31% полученного; повтор. маршрутов: 1,1,False,False,4,1,2,1,2,1,64480.0,20000.0,0.6898,0.0,1,0,0,1,0.00030936,2.398e-05,2,0,1,0.6624,0.6476,0.5096,0.8047,
100000000998559100,terminal,0.6719,9,0.387,274,Конечная точка в данных: деньги от 4 seed (1 напрямую); получает от 1 плательщ. (100 тыс ₸); повтор. маршрутов: 3; исходящих ≥5 тыс ₸ нет,1,False,False,4,1,1,0,1,0,100000.0,0.0,1.0,0.0,1,0,0,3,0.00030559,0.0,1,0,0,0.0,0.0,0.5584,0.0,
100000006755850100,terminal,0.7215,1,0.3861,275,Конечная точка в данных: деньги от 4 seed; получает от 1 плательщ. (443 тыс ₸); повтор. маршрутов: 1; исходящих ≥5 тыс ₸ нет,2,False,False,4,0,1,0,3,0,443475.8,0.0,1.0,0.0,1,0,0,1,0.00064921,0.0,1,0,0,0.0,0.0,0.8026,0.0,
100000002173161100,terminal,0.7671,11,0.3859,276,Конечная точка в данных: деньги от 2 seed (1 напрямую); получает от 3 плательщ. (1.4 млн ₸); повтор. маршрутов: 1; исходящих ≥5 тыс ₸ нет,1,False,False,2,1,3,0,5,0,1427500.0,0.0,1.0,0.0,2,0,0,1,0.00043541,0.0,3,0,1,0.8429,0.0,0.9469,0.0,
100000003068941100,consolidator,0.3608,30,0.3857,277,Признаки консолидации: деньги от 3 seed; получает от 3 плательщ. (94 тыс ₸); платит 1 получат. (25 тыс ₸); отдаёт дальше 27% полученного; 100% уходит ≤2 дн. после поступления,2,False,False,3,0,3,1,3,2,94000.0,25000.0,0.734,1.0,1,0,0,0,0.00032017,1.981e-05,3,0,2,0.8503,0.5835,0.5662,0.7722,
100000004226848100,terminal,0.7121,9,0.3854,278,Конечная точка в данных: деньги от 4 seed (1 напрямую); получает от 1 плательщ. (302 тыс ₸); повтор. маршрутов: 1; исходящих ≥5 тыс ₸ нет,1,False,False,4,1,1,0,1,0,301866.0,0.0,1.0,0.0,1,0,0,1,0.00034601,0.0,1,0,0,0.0,0.0,0.7537,0.0,
100000004670388100,transit,0.5166,28,0.3844,279,Признаки транзита: получает от 1 плательщ. (160 тыс ₸); платит 2 получат. (720 тыс ₸); отдаёт в 4.5 раза больше видимого входа; 53% уходит ≤2 дн. после поступления,3,False,False,1,0,1,2,1,4,160354.0,720000.0,0.0,0.5278,1,0,0,0,0.00051402,1.962e-05,0,0,0,0.0,0.8363,0.9315,0.8096,
100000005602999100,transit,0.6309,1,0.384,280,Признаки транзита: деньги от 2 seed; получает от 1 плательщ. (5 тыс ₸); платит 2 получат. (16 тыс ₸); отдаёт в 3.2 раза больше видимого входа; 69% уходит ≤2 дн. после поступления,2,False,False,2,0,1,2,1,3,5000.0,16000.0,0.0,0.6875,1,0,0,0,0.00030485,4.201e-05,1,1,0,0.0,0.7614,0.1649,0.8308,
100000002391278100,transit,0.65,21,0.3829,281,Признаки транзита: получает от 1 плательщ. (30 тыс ₸); платит 1 получат. (53 тыс ₸); отдаёт в 1.8 раза больше видимого входа; 100% уходит ≤2 дн. после поступления,3,False,False,1,0,1,1,5,2,30000.0,52700.0,0.0,1.0,1,0,0,0,0.00039132,0.0,1,1,0,0.0,0.6409,0.4886,0.0,
100000002605548100,consolidator,0.4286,1,0.3828,282,Признаки консолидации: деньги от 5 seed (1 напрямую); получает от 2 плательщ. (117 тыс ₸); исходящих ≥5 тыс ₸ нет,1,False,False,5,1,2,0,2,0,116695.0,0.0,1.0,0.0,1,0,0,0,0.00031432,0.0,2,0,1,0.6624,0.0,0.5817,0.0,
100000004071070100,coordinator,0.4,2,0.3827,283,Связующий узел между хабами: связан с 2+1 хабами (вход+выход); получает от 2 плательщ. (41 тыс ₸); платит 1 получат. (6 тыс ₸); отдаёт дальше 15% полученного; 100% уходит ≤2 дн. после поступления,2,False,False,1,0,2,1,5,1,41000.0,6000.0,0.8537,1.0,1,1,0,1,0.00118759,0.0,2,1,1,0.731,0.5835,0.3492,0.0,
100000008418835100,transit,0.8104,1,0.3824,284,Признаки транзита: получает от 1 плательщ. (1.4 млн ₸); платит 4 получат. (186 тыс ₸); по посредничеству выше 95% seed; 85% уходит ≤2 дн. после поступления; повтор. маршрутов: 3,0,True,False,1,1,1,4,67,6,1372000.0,186179.0,,0.855,1,1,3,3,0.00052859,0.00031664,0,2,1,0.525,0.8,0.8625,0.95,betweenness
100000001872484100,transit,0.3757,26,0.3824,285,Признаки транзита: получает от 1 плательщ. (871 тыс ₸); платит 3 получат. (515 тыс ₸); отдаёт дальше 59% полученного; 55% уходит ≤2 дн. после поступления,1,False,False,1,1,1,3,13,9,871400.0,514580.0,0.4095,0.5464,1,0,0,0,0.00227398,5.9e-07,0,0,0,0.0,0.8556,0.9427,0.6921,
100000001346560100,consolidator,0.2484,27,0.3812,286,Признаки консолидации: деньги от 4 seed; получает от 2 плательщ. (10 тыс ₸); платит 1 получат. (22 тыс ₸); отдаёт в 2.2 раза больше видимого входа; 100% уходит ≤2 дн. после поступления,2,False,False,4,0,2,1,2,1,10000.0,22200.0,0.0,1.0,1,0,0,0,0.00058662,2.576e-05,0,0,0,0.731,0.5835,0.2885,0.8048,
100000002796853100,transit,0.4477,11,0.3807,287,Признаки транзита: получает от 1 плательщ. (199 тыс ₸); платит 1 получат. (46 тыс ₸); отдаёт дальше 23% полученного; 89% уходит ≤2 дн. после поступления,2,False,False,1,0,1,1,8,5,199000.0,46167.62,0.768,0.8917,1,0,0,0,0.0021136,0.0,1,1,0,0.0,0.5835,0.7202,0.0,
100000003171587100,consolidator,0.4511,27,0.3804,288,Признаки консолидации: деньги от 3 seed; получает от 2 плательщ. (700 тыс ₸); платит 2 получат. (431 тыс ₸); отдаёт дальше 62% полученного; по обороту выше 95% узлов 3-го колена,3,False,False,3,0,2,2,2,7,700000.0,431300.0,0.3839,0.0,2,0,0,0,0.00031602,3.884e-05,2,0,1,0.8414,0.8363,0.9505,0.8921,volume
100000002748532100,consolidator,0.4224,11,0.3799,289,Признаки консолидации: деньги от 3 seed; получает от 3 плательщ. (356 тыс ₸); платит 2 получат. (647 тыс ₸); отдаёт в 1.8 раза больше видимого входа,2,False,False,3,0,3,2,3,7,355575.0,646685.0,0.0,0.0,1,0,0,0,0.00033911,3.111e-05,3,0,2,0.8503,0.7614,0.8915,0.8091,
100000007138613100,consolidator,0.446,30,0.3782,290,Признаки консолидации: деньги от 3 seed; получает от 3 плательщ. (1.0 млн ₸); платит 2 получат. (179 тыс ₸); отдаёт дальше 18% полученного; по числу плательщиков выше 95% узлов 3-го колена,3,False,False,3,0,3,2,3,2,1002000.0,179000.0,0.8214,0.0,1,0,0,0,0.00035418,3.884e-05,3,0,2,0.953,0.8363,0.953,0.8921,"in_degree,volume"
100000008587459100,coordinator,0.5651,3,0.3781,291,Связующий узел между хабами: связан с 2+2 хабами (вход+выход); деньги от 2 seed; получает от 2 плательщ. (182 тыс ₸); платит 2 получат. (686 тыс ₸); отдаёт в 3.8 раза больше видимого входа,2,False,False,2,0,2,2,2,4,181507.0,686500.0,0.0,0.0,1,4,0,0,0.00030076,1.772e-05,2,2,1,0.731,0.7614,0.8807,0.7332,
100000000831684100,transit,0.605,29,0.3759,292,Признаки транзита: получает от 1 плательщ. (15 тыс ₸); платит 1 получат. (50 тыс ₸); отдаёт в 3.3 раза больше видимого входа; 90% уходит ≤2 дн. после поступления,2,False,False,1,0,1,1,2,3,15000.0,50000.0,0.0,0.9,1,0,0,0,0.00189061,0.0,1,1,0,0.0,0.5835,0.4403,0.0,
100000008144528100,consolidator,0.4788,4,0.3758,293,Признаки консолидации: деньги от 2 seed; получает от 5 плательщ. (1.1 млн ₸); исходящих ≥5 тыс ₸ нет,2,False,False,2,0,5,0,13,0,1068202.6,0.0,1.0,0.0,2,0,0,0,0.00105554,0.0,3,0,0,0.9479,0.0,0.9002,0.0,
100000006641671100,transit,0.5987,2,0.3753,294,Признаки транзита: получает от 2 плательщ. (22 тыс ₸); платит 1 получат. (25 тыс ₸); отдаёт в 1.1 раза больше видимого входа; 80% уходит ≤2 дн. после поступления,3,False,False,1,0,2,1,2,3,22000.0,25000.0,0.0,0.8,1,0,0,0,0.00043999,5.45e-06,1,0,0,0.8414,0.6409,0.3794,0.7234,
100000008757369100,transit,0.675,2,0.3752,295,Признаки транзита: получает от 1 плательщ. (26 тыс ₸); платит 1 получат. (58 тыс ₸); отдаёт в 2.2 раза больше видимого входа; 90% уходит ≤2 дн. после поступления,3,False,False,1,0,1,1,1,3,25961.0,58398.0,0.0,0.899,1,0,0,0,0.00028787,1.922e-05,1,0,0,0.0,0.6409,0.4962,0.7297,
100000004140487100,distributor,0.4085,3,0.3747,296,Признаки веерной раздачи: получает от 1 плательщ. (25 тыс ₸); платит 10 получат. (263 тыс ₸); отдаёт в 10.7 раза больше видимого входа; по числу получателей выше 98% узлов 3-го колена,3,False,False,1,0,1,10,1,19,24510.0,262600.0,0.0,0.2959,1,12,0,1,0.00028943,0.00032537,1,7,5,0.0,0.9848,0.7538,0.9797,"out_degree,betweenness"
100000008193577100,distributor,0.3046,7,0.3741,297,Признаки веерной раздачи: получает от 2 плательщ. (154 тыс ₸); платит 5 получат. (480 тыс ₸); отдаёт в 3.1 раза больше видимого входа; 10% уходит ≤2 дн. после поступления; повтор. маршрутов: 1,1,False,False,1,1,2,5,6,16,154300.0,480180.0,0.0,0.1041,1,3,0,1,0.00123895,9.9e-07,2,3,0,0.6624,0.9236,0.8811,0.707,
100000007864477100,distributor,0.3531,3,0.3739,298,Признаки веерной раздачи: деньги от 2 seed; получает от 2 плательщ. (76 тыс ₸); платит 6 получат. (204 тыс ₸); отдаёт в 2.7 раза больше видимого входа; по числу получателей выше 97% узлов 3-го колена,3,False,False,2,0,2,6,2,10,76000.0,203500.0,0.0,0.371,1,9,0,0,0.00030477,7.542e-05,2,3,4,0.8414,0.9721,0.7462,0.9416,out_degree
100000008632060100,distributor,0.3308,3,0.3731,299,Признаки веерной раздачи: получает от 1 плательщ. (6 тыс ₸); платит 9 получат. (339 тыс ₸); отдаёт в 56.5 раза больше видимого входа; по числу получателей выше 98% узлов 3-го колена,3,False,False,1,0,1,9,1,12,6000.0,339200.0,0.0,0.0,1,11,0,5,0.00028803,0.00053654,1,8,4,0.0,0.9835,0.7881,0.9822,"out_degree,betweenness"
100000003741418100,consolidator,0.4611,3,0.3725,300,Признаки консолидации: получает от 9 плательщ. (152 тыс ₸); платит 3 получат. (40 тыс ₸); отдаёт дальше 26% полученного; по числу плательщиков выше 98% узлов 2-го колена,2,False,False,1,0,9,3,13,3,151900.0,39920.0,0.7372,0.0,2,0,0,0,0.0006325,5.275e-05,7,1,1,0.987,0.8395,0.6638,0.846,in_degree
100000008758168100,distributor,0.3839,11,0.3724,301,Признаки веерной раздачи: получает от 2 плательщ. (75 тыс ₸); платит 5 получат. (1.5 млн ₸); отдаёт в 20.3 раза больше видимого входа; 29% уходит ≤2 дн. после поступления,2,False,False,1,0,2,5,2,5,75410.0,1533600.0,0.0,0.2873,1,5,0,0,0.00031837,5.602e-05,2,1,0,0.731,0.9002,0.9284,0.8503,
100000001875239100,consolidator,0.5014,11,0.3724,302,Признаки консолидации: деньги от 3 seed; получает от 3 плательщ. (712 тыс ₸); по числу плательщиков выше 95% узлов 3-го колена; до 3 плательщ. в один день; исходящих ≥5 тыс ₸ нет,3,False,False,3,0,3,0,3,0,712000.0,0.0,1.0,0.0,3,0,0,0,0.00033398,0.0,3,0,0,0.953,0.0,0.8997,0.0,in_degree
100000008223661100,distributor,0.2977,0,0.3713,303,Признаки веерной раздачи: получает от 2 плательщ. (202 тыс ₸); платит 5 получат. (263 тыс ₸); отдаёт в 1.3 раза больше видимого входа; по числу получателей выше 95% узлов 3-го колена,3,False,False,1,0,2,5,2,5,202000.0,262580.0,0.0,0.1875,2,15,0,0,0.00031467,0.00032542,2,5,3,0.8414,0.9569,0.849,0.981,"out_degree,betweenness"
100000008730371100,terminal,0.6916,2,0.3698,304,Конечная точка в данных: получает от 2 плательщ. (520 тыс ₸); повтор. маршрутов: 3; исходящих ≥5 тыс ₸ нет,3,False,False,1,0,2,0,3,0,520000.0,0.0,1.0,0.0,1,0,0,3,0.00085836,0.0,1,0,0,0.8414,0.0,0.8718,0.0,
100000001411870100,terminal,0.724,13,0.3697,305,Конечная точка в данных: деньги от 2 seed (1 напрямую); получает от 2 плательщ. (900 тыс ₸); повтор. маршрутов: 1; исходящих ≥5 тыс ₸ нет,1,False,False,2,1,2,0,4,0,900000.0,0.0,1.0,0.0,1,0,0,1,0.00047804,0.0,2,0,0,0.6624,0.0,0.9108,0.0,
100000004717647100,distributor,0.3245,22,0.3697,306,Признаки веерной раздачи: получает от 1 плательщ. (300 тыс ₸); платит 5 получат. (2.2 млн ₸); отдаёт в 7.5 раза больше видимого входа; по числу получателей выше 95% узлов 3-го колена,3,False,False,1,0,1,5,2,10,300000.0,2240000.0,0.0,0.021,1,0,1,1,0.00102336,7.767e-05,0,0,0,0.0,0.9569,0.986,0.9467,"out_degree,volume"
100000008710843100,distributor,0.4534,11,0.3695,307,Признаки веерной раздачи: получает от 2 плательщ. (34 тыс ₸); платит 13 получат. (2.0 млн ₸); отдаёт в 58.5 раза больше видимого входа; по числу получателей выше 95% узлов 2-го колена,2,False,False,1,0,2,13,3,14,33944.0,1985500.0,0.0,0.0076,1,8,0,0,0.00029288,0.00123575,2,5,2,0.731,0.9544,0.9479,0.9718,"out_degree,betweenness"
100000001611488100,consolidator,0.423,3,0.3691,308,Признаки консолидации: деньги от 3 seed; получает от 2 плательщ. (779 тыс ₸); исходящих ≥5 тыс ₸ нет,3,False,False,3,0,2,0,3,0,779300.0,0.0,1.0,0.0,1,0,0,0,0.00087754,0.0,2,0,1,0.8414,0.0,0.9099,0.0,
100000001887715100,peripheral,0.3409,11,0.3666,309,"Периферия, явных признаков нет: получает от 3 плательщ. (1.3 млн ₸); платит 1 получат. (750 тыс ₸); отдаёт дальше 56% полученного; по числу плательщиков выше 95% узлов 3-го колена",3,False,False,1,0,3,1,4,1,1331500.0,750000.0,0.4367,1.0,3,0,0,0,0.00073093,2.259e-05,1,0,0,0.953,0.6409,0.9822,0.8629,"in_degree,volume"
100000004948177100,terminal,0.7262,4,0.3663,310,Конечная точка в данных: получает от 3 плательщ. (437 тыс ₸); повтор. маршрутов: 2; исходящих ≥5 тыс ₸ нет,1,False,False,1,1,3,0,8,0,437163.0,0.0,1.0,0.0,1,0,0,2,0.00042216,0.0,3,0,0,0.8429,0.0,0.8068,0.0,
100000003014659100,terminal,0.7092,1,0.366,311,Конечная точка в данных: деньги от 4 seed (1 напрямую); получает от 1 плательщ. (280 тыс ₸); исходящих ≥5 тыс ₸ нет,1,False,False,4,1,1,0,1,0,280000.0,0.0,1.0,0.0,1,0,0,0,0.00032804,0.0,1,0,0,0.0,0.0,0.7325,0.0,
100000001445848100,transit,0.4378,20,0.3658,312,Признаки транзита: получает от 1 плательщ. (546 тыс ₸); платит 1 получат. (352 тыс ₸); отдаёт дальше 64% полученного; 69% уходит ≤2 дн. после поступления,3,False,False,1,0,1,1,13,14,546000.0,351850.0,0.3556,0.6864,1,0,0,0,0.00070202,0.0,1,1,0,0.0,0.6409,0.934,0.0,
100000004450649100,consolidator,0.3766,23,0.3655,313,Признаки консолидации: деньги от 3 seed; получает от 2 плательщ. (193 тыс ₸); платит 2 получат. (47 тыс ₸); отдаёт дальше 24% полученного; по посредничеству выше 96% узлов 3-го колена,3,False,False,3,0,2,2,2,2,192528.0,46527.0,0.7583,0.1123,1,3,0,0,0.00029896,0.00013875,2,1,2,0.8414,0.8363,0.717,0.967,betweenness
100000000041368100,terminal,0.6886,9,0.364,314,Конечная точка в данных: деньги от 4 seed (1 напрямую); получает от 1 плательщ. (160 тыс ₸); повтор. маршрутов: 1; исходящих ≥5 тыс ₸ нет,1,False,False,4,1,1,0,1,0,160000.0,0.0,1.0,0.0,1,0,0,1,0.00031761,0.0,1,0,0,0.0,0.0,0.6285,0.0,
100000004017410100,distributor,0.317,12,0.3623,315,Признаки веерной раздачи: получает от 2 плательщ. (194 тыс ₸); платит 5 получат. (1.3 млн ₸); отдаёт в 6.9 раза больше видимого входа; по числу получателей выше 95% узлов 3-го колена,3,False,False,1,0,2,5,6,11,193650.0,1330915.0,0.0,0.0413,2,2,0,0,0.00113154,4.059e-05,0,1,0,0.8414,0.9569,0.9657,0.9099,"out_degree,volume"
100000001303311100,consolidator,0.5035,11,0.3622,316,Признаки консолидации: получает от 5 плательщ. (1.3 млн ₸); по числу плательщиков выше 99% узлов 3-го колена; до 4 плательщ. в один день; исходящих ≥5 тыс ₸ нет,3,False,False,1,0,5,0,5,0,1324000.0,0.0,1.0,0.0,4,0,0,0,0.0005017,0.0,4,0,0,0.9949,0.0,0.9569,0.0,"in_degree,volume"
100000001937767100,peripheral,0.6087,13,0.3619,317,"Периферия, явных признаков нет: деньги от 3 seed (1 напрямую); получает от 1 плательщ. (53 тыс ₸); платит 4 получат. (1.9 млн ₸); отдаёт в 36.5 раза больше видимого входа",1,False,False,3,1,1,4,1,6,53000.0,1933000.0,0.0,0.0274,1,0,0,0,0.00089214,5.67e-05,1,1,0,0.0,0.9002,0.9703,0.8471,volume
100000001554432100,terminal,0.6446,9,0.3618,318,Конечная точка в данных: деньги от 4 seed (1 напрямую); получает от 1 плательщ. (54 тыс ₸); повтор. маршрутов: 6; исходящих ≥5 тыс ₸ нет,1,False,False,4,1,1,0,1,0,53920.0,0.0,1.0,0.0,1,0,0,6,0.00029637,0.0,1,0,0,0.0,0.0,0.4098,0.0,
100000003037660100,terminal,0.6437,9,0.3611,319,Конечная точка в данных: деньги от 4 seed (1 напрямую); получает от 1 плательщ. (53 тыс ₸); повтор. маршрутов: 3; исходящих ≥5 тыс ₸ нет,1,False,False,4,1,1,0,1,0,53000.0,0.0,1.0,0.0,1,0,0,3,0.00029618,0.0,1,0,0,0.0,0.0,0.3949,0.0,
100000002596035100,terminal,0.7025,1,0.36,320,Конечная точка в данных: деньги от 4 seed (1 напрямую); получает от 1 плательщ. (232 тыс ₸); исходящих ≥5 тыс ₸ нет,1,False,False,4,1,1,0,1,0,231570.0,0.0,1.0,0.0,1,0,0,0,0.00032069,0.0,1,0,0,0.0,0.0,0.7091,0.0,
100000003366471100,peripheral,0.4674,2,0.3596,321,"Периферия, явных признаков нет: деньги от 2 seed; получает от 2 плательщ. (330 тыс ₸); платит 1 получат. (20 тыс ₸); отдаёт дальше 6% полученного; 100% уходит ≤2 дн. после поступления",3,False,False,2,0,2,1,5,1,329789.0,20000.0,0.9394,1.0,2,0,0,1,0.00036049,1.922e-05,2,0,0,0.8414,0.6409,0.7931,0.7297,
100000002991079100,peripheral,0.4518,4,0.3593,322,"Периферия, явных признаков нет: получает от 2 плательщ. (149 тыс ₸); платит 1 получат. (11 тыс ₸); отдаёт дальше 7% полученного; 100% уходит ≤2 дн. после поступления; повтор. маршрутов: 1",1,False,False,1,1,2,1,3,1,148900.0,11000.0,0.9261,1.0,1,0,0,1,0.00039517,1.981e-05,2,0,0,0.6624,0.6476,0.6263,0.7898,
100000008576243100,terminal,0.6512,3,0.359,323,Конечная точка в данных: деньги от 2 seed; получает от 2 плательщ. (83 тыс ₸); повтор. маршрутов: 3; исходящих ≥5 тыс ₸ нет,3,False,False,2,0,2,0,4,0,82920.0,0.0,1.0,0.0,2,0,0,3,0.00165157,0.0,2,0,0,0.8414,0.0,0.4898,0.0,
100000000076451100,peripheral,0.6024,4,0.3585,324,"Периферия, явных признаков нет: деньги от 3 seed; получает от 3 плательщ. (88 тыс ₸); платит 4 получат. (58 тыс ₸); отдаёт дальше 66% полученного; 26% уходит ≤2 дн. после поступления",2,False,False,3,0,3,4,4,4,87707.0,58000.0,0.3387,0.2586,2,0,0,1,0.0013962,9.769e-05,1,0,0,0.8503,0.8915,0.6009,0.8872,
100000001194266100,terminal,0.6407,9,0.3584,325,Конечная точка в данных: деньги от 4 seed (1 напрямую); получает от 1 плательщ. (50 тыс ₸); повтор. маршрутов: 6; исходящих ≥5 тыс ₸ нет,1,False,False,4,1,1,0,1,0,50000.0,0.0,1.0,0.0,1,0,0,6,0.00029558,0.0,1,0,0,0.0,0.0,0.3758,0.0,
100000001162560100,distributor,0.4773,31,0.3576,326,Признаки веерной раздачи: получает от 1 плательщ. (331 тыс ₸); платит 12 получат. (2.9 млн ₸); отдаёт в 8.8 раза больше видимого входа; по числу получателей выше 97% узлов 1-го колена,1,False,False,1,1,1,12,2,14,331300.0,2904398.0,0.0,0.1497,1,2,0,0,0.00032115,2.97e-06,1,2,1,0.0,0.9766,0.9915,0.7367,"out_degree,volume"
100000002679516100,consolidator,0.4058,29,0.3575,327,Признаки консолидации: деньги от 4 seed (1 напрямую); получает от 3 плательщ. (102 тыс ₸); повтор. маршрутов: 1; исходящих ≥5 тыс ₸ нет,1,False,False,4,1,3,0,3,0,102335.0,0.0,1.0,0.0,1,0,0,1,0.00032683,0.0,3,0,1,0.8429,0.0,0.5626,0.0,
100000008221543100,terminal,0.6922,10,0.3571,328,Конечная точка в данных: получает от 2 плательщ. (542 тыс ₸); повтор. маршрутов: 2; исходящих ≥5 тыс ₸ нет,1,False,False,1,1,2,0,2,0,542000.0,0.0,1.0,0.0,1,0,0,2,0.00037148,0.0,2,0,1,0.6624,0.0,0.8535,0.0,
100000002864256100,terminal,0.6814,9,0.3569,329,Конечная точка в данных: деньги от 4 seed (1 напрямую); получает от 1 плательщ. (136 тыс ₸); повтор. маршрутов: 1; исходящих ≥5 тыс ₸ нет,1,False,False,4,1,1,0,1,0,135780.0,0.0,1.0,0.0,1,0,0,1,0.00031276,0.0,1,0,0,0.0,0.0,0.5966,0.0,
100000001526235100,distributor,0.3586,33,0.3564,330,Признаки веерной раздачи: получает от 3 плательщ. (82 тыс ₸); платит 8 получат. (433 тыс ₸); отдаёт в 5.3 раза больше видимого входа; 13% уходит ≤2 дн. после поступления,2,False,False,1,0,3,8,4,9,82000.0,432750.0,0.0,0.1346,1,0,0,0,0.00087786,0.0002566,1,1,0,0.8503,0.9306,0.8286,0.9328,
100000000490383100,distributor,0.3306,4,0.3561,331,Признаки веерной раздачи: деньги от 2 seed; получает от 3 плательщ. (63 тыс ₸); платит 8 получат. (461 тыс ₸); отдаёт в 7.4 раза больше видимого входа; 1% уходит ≤2 дн. после поступления,2,False,False,2,0,3,8,3,9,62600.0,461375.0,0.0,0.0108,1,0,0,0,0.00054804,5.165e-05,2,1,0,0.8503,0.9306,0.8351,0.8438,
100000004144536100,terminal,0.7354,6,0.356,332,Конечная точка в данных: получает от 4 плательщ. (168 тыс ₸); повтор. маршрутов: 1; исходящих ≥5 тыс ₸ нет,1,False,False,1,1,4,0,6,0,168000.0,0.0,1.0,0.0,2,0,0,1,0.0009686,0.0,3,0,0,0.9236,0.0,0.6369,0.0,
100000000941942100,terminal,0.6803,9,0.3556,333,Конечная точка в данных: деньги от 4 seed (1 напрямую); получает от 1 плательщ. (130 тыс ₸); повтор. маршрутов: 1; исходящих ≥5 тыс ₸ нет,1,False,False,4,1,1,0,1,0,130000.0,0.0,1.0,0.0,1,0,0,1,0.0003116,0.0,1,0,0,0.0,0.0,0.5945,0.0,
100000004664905100,terminal,0.6785,4,0.3555,334,Конечная точка в данных: получает от 2 плательщ. (329 тыс ₸); повтор. маршрутов: 2; исходящих ≥5 тыс ₸ нет,1,False,False,1,1,2,0,4,0,329020.0,0.0,1.0,0.0,1,0,0,2,0.00041184,0.0,2,0,0,0.6624,0.0,0.7601,0.0,
100000003022835100,terminal,0.6792,9,0.3545,335,Конечная точка в данных: деньги от 4 seed (1 напрямую); получает от 1 плательщ. (125 тыс ₸); повтор. маршрутов: 1; исходящих ≥5 тыс ₸ нет,1,False,False,4,1,1,0,1,0,125000.0,0.0,1.0,0.0,1,0,0,1,0.0003106,0.0,1,0,0,0.0,0.0,0.5902,0.0,
100000002720627100,terminal,0.6967,1,0.3544,336,Конечная точка в данных: деньги от 4 seed (1 напрямую); получает от 1 плательщ. (199 тыс ₸); исходящих ≥5 тыс ₸ нет,1,False,False,4,1,1,0,1,0,199300.0,0.0,1.0,0.0,1,0,0,0,0.0003158,0.0,1,0,0,0.0,0.0,0.6709,0.0,
100000008671929100,terminal,0.6574,9,0.354,337,Конечная точка в данных: деньги от 4 seed (1 напрямую); получает от 1 плательщ. (75 тыс ₸); повтор. маршрутов: 2; исходящих ≥5 тыс ₸ нет,1,False,False,4,1,1,0,2,0,75000.0,0.0,1.0,0.0,1,0,0,2,0.00030059,0.0,1,0,0,0.0,0.0,0.4756,0.0,
100000008721637100,coordinator,0.6088,13,0.3533,338,Связующий узел между хабами: связан с 1+2 хабами (вход+выход); получает от 1 плательщ. (24 тыс ₸); платит 2 получат. (127 тыс ₸); отдаёт в 5.3 раза больше видимого входа,3,False,False,1,0,1,2,1,2,24041.0,127000.0,0.0,0.0945,1,1,0,0,0.00029046,7.331e-05,1,2,1,0.0,0.8363,0.6307,0.9404,
100000006069103100,peripheral,0.5941,4,0.3532,339,"Периферия, явных признаков нет: получает от 3 плательщ. (229 тыс ₸); платит 3 получат. (270 тыс ₸); отдаёт в 1.2 раза больше видимого входа; 17% уходит ≤2 дн. после поступления; повтор. маршрутов: 1",1,False,False,1,1,3,3,3,4,228818.0,270000.0,0.0,0.1667,1,0,0,1,0.00115163,5.806e-05,2,0,0,0.8429,0.8556,0.845,0.8535,
100000008723830100,peripheral,0.2729,4,0.3518,340,"Периферия, явных признаков нет: получает от 2 плательщ. (460 тыс ₸); платит 1 получат. (455 тыс ₸); отдаёт дальше 99% полученного; 100% уходит ≤2 дн. после поступления",1,False,False,1,1,2,1,2,1,459785.0,455000.0,0.0104,1.0,1,0,0,0,0.00034023,1.962e-05,2,0,0,0.6624,0.6476,0.9151,0.7834,
100000002760175100,terminal,0.6941,1,0.3518,341,Конечная точка в данных: деньги от 4 seed (1 напрямую); получает от 1 плательщ. (187 тыс ₸); исходящих ≥5 тыс ₸ нет,1,False,False,4,1,1,0,1,0,187410.0,0.0,1.0,0.0,1,0,0,0,0.00031399,0.0,1,0,0,0.0,0.0,0.6603,0.0,
100000002666248100,terminal,0.6551,9,0.3517,342,Конечная точка в данных: деньги от 4 seed (1 напрямую); получает от 1 плательщ. (70 тыс ₸); повтор. маршрутов: 2; исходящих ≥5 тыс ₸ нет,1,False,False,4,1,1,0,1,0,70032.0,0.0,1.0,0.0,1,0,0,2,0.00029959,0.0,1,0,0,0.0,0.0,0.4607,0.0,
100000002645609100,terminal,0.7974,30,0.3516,343,Конечная точка в данных: деньги от 2 seed (1 напрямую); получает от 4 плательщ. (547 тыс ₸); повтор. маршрутов: 1; исходящих ≥5 тыс ₸ нет,1,False,False,2,1,4,0,5,0,546820.68,0.0,1.0,0.0,1,0,0,1,0.00035536,0.0,4,0,2,0.9236,0.0,0.8556,0.0,
100000004186824100,coordinator,0.3456,4,0.3512,344,Связующий узел между хабами: связан с 2+1 хабами (вход+выход); получает от 2 плательщ. (452 тыс ₸); платит 1 получат. (7 тыс ₸); отдаёт дальше 2% полученного; повтор. маршрутов: 1,1,False,False,1,1,2,1,7,1,451700.0,7000.0,0.9845,0.0,1,0,0,1,0.00038193,2.18e-06,2,1,0,0.6624,0.6476,0.8217,0.7304,
100000002736316100,terminal,0.7375,3,0.3509,345,Конечная точка в данных: деньги от 2 seed; получает от 3 плательщ. (267 тыс ₸); по числу плательщиков выше 95% узлов 3-го колена; повтор. маршрутов: 2; исходящих ≥5 тыс ₸ нет,3,False,False,2,0,3,0,3,0,266921.0,0.0,1.0,0.0,2,0,0,2,0.00038382,0.0,3,0,1,0.953,0.0,0.7411,0.0,in_degree
100000001929088100,terminal,0.7089,17,0.3506,346,Конечная точка в данных: деньги от 2 seed (2 напрямую); получает от 2 плательщ. (396 тыс ₸); исходящих ≥5 тыс ₸ нет,1,False,False,2,2,2,0,2,0,396010.0,0.0,1.0,0.0,1,0,0,0,0.00031759,0.0,2,0,1,0.6624,0.0,0.7898,0.0,
100000004480280100,peripheral,0.5422,27,0.3506,347,"Периферия, явных признаков нет: деньги от 4 seed (1 напрямую); получает от 1 плательщ. (147 тыс ₸); платит 2 получат. (296 тыс ₸); отдаёт в 2.0 раза больше видимого входа; повтор. маршрутов: 1",1,False,False,4,1,1,2,1,7,146694.0,295850.0,0.0,0.24,1,0,0,1,0.00031494,3.572e-05,1,1,1,0.0,0.7834,0.8089,0.8174,
100000003213473100,distributor,0.3948,3,0.3506,348,Признаки веерной раздачи: деньги от 2 seed; получает от 1 плательщ. (58 тыс ₸); платит 11 получат. (240 тыс ₸); отдаёт в 4.2 раза больше видимого входа; по числу получателей выше 98% узлов 3-го колена,3,False,False,2,0,1,11,2,12,57500.0,240000.0,0.0,0.1875,1,7,0,0,0.00028881,0.00010973,1,5,3,0.0,0.9873,0.7589,0.9569,"out_degree,betweenness"
100000005665181100,distributor,0.3575,3,0.3492,349,Признаки веерной раздачи: получает от 4 плательщ. (45 тыс ₸); платит 11 получат. (182 тыс ₸); отдаёт в 4.0 раза больше видимого входа; 8% уходит ≤2 дн. после поступления,2,False,False,1,0,4,11,5,11,45498.0,181915.0,0.0,0.077,2,0,0,0,0.00039854,0.00026832,4,4,5,0.9262,0.9479,0.7028,0.9349,
100000004816564100,peripheral,0.476,4,0.348,350,"Периферия, явных признаков нет: деньги от 3 seed; получает от 1 плательщ. (285 тыс ₸); платит 1 получат. (5 тыс ₸); отдаёт дальше 2% полученного; 100% уходит ≤2 дн. после поступления",2,False,False,3,0,1,1,1,1,285480.0,5000.0,0.9825,1.0,1,0,0,0,0.00037639,1.922e-05,1,0,0,0.0,0.5835,0.7419,0.7354,
100000003877908100,terminal,0.6269,9,0.3473,351,Конечная точка в данных: деньги от 4 seed (1 напрямую); получает от 1 плательщ. (40 тыс ₸); повтор. маршрутов: 3; исходящих ≥5 тыс ₸ нет,1,False,False,4,1,1,0,1,0,40000.0,0.0,1.0,0.0,1,0,0,3,0.00029358,0.0,1,0,0,0.0,0.0,0.31,0.0,
100000004527381100,peripheral,0.174,4,0.3473,352,"Периферия, явных признаков нет: получает от 1 плательщ. (119 тыс ₸); платит 1 получат. (274 тыс ₸); отдаёт в 2.3 раза больше видимого входа; 100% уходит ≤2 дн. после поступления",2,False,False,1,0,1,1,1,1,119333.17,273866.11,0.0,1.0,1,0,0,0,0.0003755,0.00032139,0,1,0,0.0,0.5835,0.7852,0.9458,
100000006977207100,distributor,0.4946,27,0.3468,353,Признаки веерной раздачи: получает от 1 плательщ. (414 тыс ₸); платит 15 получат. (4.2 млн ₸); отдаёт в 10.0 раза больше видимого входа; по числу получателей выше 96% узлов 2-го колена,2,False,False,1,0,1,15,1,15,414000.0,4157018.0,0.0,0.0,1,1,0,0,0.00034789,3.277e-05,1,3,2,0.0,0.961,0.9783,0.8113,"out_degree,volume"
100000001788284100,distributor,0.4199,33,0.3463,354,Признаки веерной раздачи: получает от 1 плательщ. (8 тыс ₸); платит 5 получат. (297 тыс ₸); отдаёт в 37.1 раза больше видимого входа; по числу получателей выше 95% узлов 3-го колена,3,False,False,1,0,1,5,1,8,8000.0,296700.0,0.0,0.6502,1,0,0,0,0.00029938,5.944e-05,1,1,0,0.0,0.9569,0.7665,0.9289,out_degree
100000003934614100,transit,0.5856,12,0.3457,355,Признаки транзита: получает от 2 плательщ. (17 тыс ₸); платит 1 получат. (12 тыс ₸); отдаёт дальше 68% полученного; 100% уходит ≤2 дн. после поступления,3,False,False,1,0,2,1,2,2,17000.0,11500.0,0.3235,1.0,1,2,0,0,0.00031349,7e-08,1,0,0,0.8414,0.6409,0.269,0.6777,
100000004892144100,coordinator,0.3,5,0.3453,356,Связующий узел между хабами: связан с 2+1 хабами (вход+выход); получает от 2 плательщ. (4.5 млн ₸); платит 1 получат. (180 тыс ₸); отдаёт дальше 4% полученного; повтор. маршрутов: 1,3,False,False,1,0,2,1,7,1,4500000.0,180300.0,0.9599,0.0,2,1,0,1,0.0027832,0.0,2,1,0,0.8414,0.6409,0.9987,0.0,volume
100000007274584100,terminal,0.624,9,0.3451,357,Конечная точка в данных: деньги от 4 seed (1 напрямую); получает от 1 плательщ. (38 тыс ₸); повтор. маршрутов: 3; исходящих ≥5 тыс ₸ нет,1,False,False,4,1,1,0,1,0,38000.0,0.0,1.0,0.0,1,0,0,3,0.00029318,0.0,1,0,0,0.0,0.0,0.2951,0.0,
100000002983879100,consolidator,0.418,3,0.345,358,Признаки консолидации: деньги от 4 seed; получает от 2 плательщ. (200 тыс ₸); исходящих ≥5 тыс ₸ нет,2,False,False,4,0,2,0,2,0,200050.0,0.0,1.0,0.0,1,0,0,0,0.00035808,0.0,2,0,1,0.731,0.0,0.6833,0.0,
100000005268319100,distributor,0.275,3,0.345,359,Признаки веерной раздачи: получает от 1 плательщ. (20 тыс ₸); платит 5 получат. (91 тыс ₸); отдаёт в 4.6 раза больше видимого входа; по числу получателей выше 95% узлов 3-го колена,3,False,False,1,0,1,5,2,10,19712.8,91000.0,0.0,0.2637,1,3,0,5,0.00029364,4.047e-05,1,3,0,0.0,0.9569,0.5584,0.9086,out_degree
100000003739818100,terminal,0.6472,9,0.3443,360,Конечная точка в данных: деньги от 4 seed (1 напрямую); получает от 1 плательщ. (57 тыс ₸); повтор. маршрутов: 2; исходящих ≥5 тыс ₸ нет,1,False,False,4,1,1,0,1,0,57293.0,0.0,1.0,0.0,1,0,0,2,0.00029704,0.0,1,0,0,0.0,0.0,0.4204,0.0,
100000002241986100,distributor,0.341,23,0.3443,361,Признаки веерной раздачи: деньги от 3 seed; получает от 1 плательщ. (280 тыс ₸); платит 6 получат. (3.1 млн ₸); отдаёт в 11.0 раза больше видимого входа,3,False,False,3,0,1,6,1,12,280000.0,3077000.0,0.0,0.0,1,0,0,0,0.00029464,0.00011532,1,0,0,0.0,0.9721,0.9937,0.9594,"out_degree,volume,betweenness"
100000007267915100,coordinator,0.4406,10,0.344,362,Связующий узел между хабами: связан с 2+1 хабами (вход+выход); получает от 2 плательщ. (21 тыс ₸); платит 1 получат. (10 тыс ₸); отдаёт дальше 48% полученного; 100% уходит ≤2 дн. после поступления,3,False,False,1,0,2,1,3,1,21000.0,10000.0,0.5238,1.0,1,4,0,1,0.00029139,1.67e-06,2,1,1,0.8414,0.6409,0.2893,0.7081,
100000005183943100,terminal,0.6554,19,0.3439,363,Конечная точка в данных: получает от 1 плательщ. (681 тыс ₸); повтор. маршрутов: 1; исходящих ≥5 тыс ₸ нет,1,False,False,1,1,1,0,9,0,680900.0,0.0,1.0,0.0,1,0,0,1,0.00061084,0.0,1,0,0,0.0,0.0,0.8896,0.0,
100000003157679100,terminal,0.7971,11,0.3436,364,Конечная точка в данных: деньги от 2 seed; получает от 4 плательщ. (541 тыс ₸); по числу плательщиков выше 98% узлов 3-го колена; повтор. маршрутов: 1; исходящих ≥5 тыс ₸ нет,3,False,False,2,0,4,0,4,0,541000.0,0.0,1.0,0.0,2,0,0,1,0.00037285,0.0,4,0,0,0.9873,0.0,0.8782,0.0,in_degree
100000007334196100,terminal,0.6864,1,0.3435,365,Конечная точка в данных: деньги от 4 seed (1 напрямую); получает от 1 плательщ. (150 тыс ₸); исходящих ≥5 тыс ₸ нет,1,False,False,4,1,1,0,1,0,150002.0,0.0,1.0,0.0,1,0,0,0,0.00030832,0.0,1,0,0,0.0,0.0,0.6136,0.0,
100000004622227100,coordinator,0.5873,3,0.3434,366,Связующий узел между хабами: связан с 1+2 хабами (вход+выход); получает от 1 плательщ. (25 тыс ₸); платит 3 получат. (19 тыс ₸); отдаёт дальше 76% полученного,1,False,False,1,1,1,3,1,3,24931.0,19000.0,0.2379,0.0,1,0,0,0,0.00029025,4.784e-05,1,2,1,0.0,0.8556,0.3355,0.845,
100000000555721100,terminal,0.6664,3,0.3431,367,Конечная точка в данных: деньги от 2 seed (1 напрямую); получает от 2 плательщ. (113 тыс ₸); повтор. маршрутов: 2; исходящих ≥5 тыс ₸ нет,1,False,False,2,1,2,0,3,0,113000.0,0.0,1.0,0.0,2,0,0,2,0.00030809,0.0,2,0,1,0.6624,0.0,0.5796,0.0,
100000002605308100,terminal,0.7693,13,0.3416,368,Конечная точка в данных: деньги от 2 seed; получает от 3 плательщ. (2.6 млн ₸); по обороту выше 95% узлов 2-го колена; исходящих ≥5 тыс ₸ нет,2,False,False,2,0,3,0,7,0,2569521.84,0.0,1.0,0.0,1,0,0,0,0.00088498,0.0,1,0,0,0.8503,0.0,0.9588,0.0,volume
100000001567366100,terminal,0.6583,4,0.3415,369,Конечная точка в данных: получает от 1 плательщ. (824 тыс ₸); повтор. маршрутов: 1; исходящих ≥5 тыс ₸ нет,1,False,False,1,1,1,0,4,0,824070.0,0.0,1.0,0.0,1,0,0,1,0.00037417,0.0,1,0,0,0.0,0.0,0.9045,0.0,
100000008713270100,transit,0.5766,21,0.3414,370,Признаки транзита: получает от 1 плательщ. (30 тыс ₸); платит 3 получат. (190 тыс ₸); отдаёт в 6.3 раза больше видимого входа; 79% уходит ≤2 дн. после поступления,2,False,False,1,0,1,3,1,3,30000.0,190000.0,0.0,0.7895,1,0,0,0,0.00029126,1.19e-06,1,0,0,0.0,0.8395,0.6985,0.6833,
100000004388353100,consolidator,0.3579,1,0.3409,371,Признаки консолидации: деньги от 4 seed (1 напрямую); получает от 2 плательщ. (63 тыс ₸); исходящих ≥5 тыс ₸ нет,1,False,False,4,1,2,0,2,0,62960.0,0.0,1.0,0.0,1,0,0,0,0.00034076,0.0,2,0,1,0.6624,0.0,0.4352,0.0,
100000008555918100,peripheral,0.622,9,0.3404,372,"Периферия, явных признаков нет: деньги от 4 seed (1 напрямую); получает от 1 плательщ. (139 тыс ₸); платит 2 получат. (43 тыс ₸); отдаёт дальше 31% полученного; повтор. маршрутов: 1",1,False,False,4,1,1,2,1,2,139211.0,43300.0,0.689,0.0,1,0,0,1,0.00031344,4.756e-05,1,0,0,0.0,0.7834,0.6582,0.8386,
100000002214664100,transit,0.674,34,0.3404,373,Признаки транзита: получает от 1 плательщ. (8 тыс ₸); платит 1 получат. (77 тыс ₸); отдаёт в 9.7 раза больше видимого входа; 100% уходит ≤2 дн. после поступления,3,False,False,1,0,1,1,1,2,7950.0,76950.0,0.0,1.0,1,0,0,0,0.00028681,1.39e-06,1,0,0,0.0,0.6409,0.4975,0.6992,
100000008490127100,distributor,0.3147,23,0.3401,374,Признаки веерной раздачи: деньги от 3 seed; получает от 1 плательщ. (432 тыс ₸); платит 6 получат. (923 тыс ₸); отдаёт в 2.1 раза больше видимого входа; по числу получателей выше 97% узлов 3-го колена,3,False,False,3,0,1,6,2,9,431755.0,923000.0,0.0,0.0,1,0,0,0,0.00029956,0.00011532,1,0,0,0.0,0.9721,0.9594,0.9594,"out_degree,volume,betweenness"
100000000795129100,terminal,0.689,4,0.3392,375,Конечная точка в данных: деньги от 3 seed; получает от 1 плательщ. (332 тыс ₸); повтор. маршрутов: 1; исходящих ≥5 тыс ₸ нет,2,False,False,3,0,1,0,1,0,332000.0,0.0,1.0,0.0,1,0,0,1,0.00039119,0.0,1,0,0,0.0,0.0,0.7592,0.0,
100000004979498100,peripheral,0.4929,8,0.339,376,"Периферия, явных признаков нет: получает от 1 плательщ. (700 тыс ₸); платит 1 получат. (200 тыс ₸); отдаёт дальше 29% полученного; 100% уходит ≤2 дн. после поступления; повтор. маршрутов: 1",2,False,False,1,0,1,1,2,1,700000.0,200000.0,0.7143,1.0,1,0,0,1,0.00131898,0.0,1,1,0,0.0,0.5835,0.8829,0.0,
100000001279272100,peripheral,0.2892,2,0.3388,377,"Периферия, явных признаков нет: получает от 1 плательщ. (250 тыс ₸); платит 2 получат. (137 тыс ₸); отдаёт дальше 55% полученного; по посредничеству выше 97% узлов 3-го колена",3,False,False,1,0,1,2,1,2,250000.0,136758.0,0.453,0.9506,1,2,0,0,0.00030774,0.0002992,1,1,1,0.0,0.8363,0.816,0.9772,betweenness
100000002921047100,peripheral,0.3607,17,0.3379,378,"Периферия, явных признаков нет: получает от 2 плательщ. (338 тыс ₸); платит 1 получат. (163 тыс ₸); отдаёт дальше 48% полученного; 100% уходит ≤2 дн. после поступления",1,False,False,1,1,2,1,2,1,338000.0,163000.02,0.5178,1.0,1,0,0,0,0.00031705,2.16e-05,2,0,1,0.6624,0.6476,0.8471,0.7962,
100000002870463100,peripheral,0.4665,21,0.3376,379,"Периферия, явных признаков нет: получает от 3 плательщ. (207 тыс ₸); платит 1 получат. (10 тыс ₸); отдаёт дальше 5% полученного; 100% уходит ≤2 дн. после поступления; повтор. маршрутов: 1",2,False,False,1,0,3,1,4,1,207000.0,10000.0,0.9517,1.0,1,0,0,1,0.00192998,1.942e-05,2,0,1,0.8503,0.5835,0.6941,0.7549,
100000008742053100,distributor,0.4396,11,0.3372,380,Признаки веерной раздачи: получает от 1 плательщ. (10 тыс ₸); платит 12 получат. (2.8 млн ₸); отдаёт в 278.9 раза больше видимого входа; по числу получателей выше 98% узлов 3-го колена,3,False,False,1,0,1,12,1,12,10000.0,2789000.0,0.0,0.0,1,10,0,0,0.00028627,0.00012107,1,2,0,0.0,0.9886,0.9911,0.9645,"out_degree,volume,betweenness"
100000002306369100,distributor,0.2671,3,0.3369,381,Признаки веерной раздачи: получает от 1 плательщ. (73 тыс ₸); платит 6 получат. (261 тыс ₸); отдаёт в 3.6 раза больше видимого входа,1,False,False,1,1,1,6,1,9,73166.0,260900.0,0.0,0.0,1,6,0,0,0.0002993,7.025e-05,1,5,1,0.0,0.9342,0.7622,0.8599,
100000001362940100,terminal,0.6603,9,0.3368,382,Конечная точка в данных: деньги от 4 seed (1 напрямую); получает от 1 плательщ. (81 тыс ₸); повтор. маршрутов: 1; исходящих ≥5 тыс ₸ нет,1,False,False,4,1,1,0,1,0,81000.0,0.0,1.0,0.0,1,0,0,1,0.00030179,0.0,1,0,0,0.0,0.0,0.4947,0.0,
100000002369874100,terminal,0.7994,11,0.3357,383,Конечная точка в данных: деньги от 2 seed; получает от 4 плательщ. (600 тыс ₸); по числу плательщиков выше 98% узлов 3-го колена; до 4 плательщ. в один день; исходящих ≥5 тыс ₸ нет,3,False,False,2,0,4,0,4,0,600000.0,0.0,1.0,0.0,4,0,0,0,0.00033735,0.0,4,0,0,0.9873,0.0,0.8883,0.0,in_degree
100000001987030100,consolidator,0.2769,4,0.3354,384,Признаки консолидации: деньги от 3 seed (1 напрямую); получает от 2 плательщ. (31 тыс ₸); платит 1 получат. (19 тыс ₸); отдаёт дальше 62% полученного; повтор. маршрутов: 1,1,False,False,3,1,2,1,2,1,30864.0,19000.0,0.3844,0.0,1,0,0,1,0.00029387,5.707e-05,2,1,0,0.6624,0.6476,0.3737,0.8493,
100000006564102100,terminal,0.6777,3,0.3351,385,Конечная точка в данных: деньги от 3 seed; получает от 1 плательщ. (233 тыс ₸); повтор. маршрутов: 1; исходящих ≥5 тыс ₸ нет,2,False,False,3,0,1,0,1,0,233235.0,0.0,1.0,0.0,1,0,0,1,0.0004281,0.0,1,0,0,0.0,0.0,0.7093,0.0,
100000007229557100,terminal,0.7637,11,0.334,386,Конечная точка в данных: деньги от 2 seed; получает от 3 плательщ. (878 тыс ₸); по числу плательщиков выше 95% узлов 3-го колена; до 3 плательщ. в один день; исходящих ≥5 тыс ₸ нет,3,False,False,2,0,3,0,3,0,878000.0,0.0,1.0,0.0,3,0,0,0,0.00039421,0.0,3,0,0,0.953,0.0,0.9289,0.0,in_degree
100000000810551100,peripheral,0.6351,9,0.3334,387,"Периферия, явных признаков нет: деньги от 4 seed (1 напрямую); получает от 1 плательщ. (100 тыс ₸); платит 1 получат. (7 тыс ₸); отдаёт дальше 7% полученного; повтор. маршрутов: 1",1,False,False,4,1,1,1,1,1,100000.0,7100.0,0.929,0.0,1,0,0,1,0.00030559,7.77e-05,1,0,0,0.0,0.6476,0.569,0.8662,
100000004209339100,peripheral,0.5835,1,0.3331,388,"Периферия, явных признаков нет: деньги от 2 seed; получает от 1 плательщ. (138 тыс ₸); платит 2 получат. (238 тыс ₸); отдаёт в 1.7 раза больше видимого входа; 28% уходит ≤2 дн. после поступления",2,False,False,2,0,1,2,6,11,138500.0,238500.0,0.0,0.283,1,1,0,1,0.00081953,2.1e-05,1,1,0,0.0,0.7614,0.7766,0.7896,
100000004217419100,peripheral,0.4632,2,0.3331,389,"Периферия, явных признаков нет: получает от 2 плательщ. (118 тыс ₸); платит 1 получат. (8 тыс ₸); отдаёт дальше 7% полученного; 100% уходит ≤2 дн. после поступления; повтор. маршрутов: 1",3,False,False,1,0,2,1,3,1,118200.0,7700.0,0.9349,1.0,1,0,0,1,0.00058418,1.942e-05,1,0,0,0.8414,0.6409,0.5863,0.8033,
100000003154105100,distributor,0.3378,39,0.3328,390,Признаки веерной раздачи: получает от 1 плательщ. (60 тыс ₸); платит 7 получат. (338 тыс ₸); отдаёт в 5.6 раза больше видимого входа; по числу получателей выше 97% узлов 3-го колена,3,False,False,1,0,1,7,1,9,60000.0,338000.0,0.0,0.1627,1,0,0,0,0.00055068,0.00014009,0,0,0,0.0,0.9772,0.8211,0.9683,"out_degree,betweenness"
100000006111439100,coordinator,0.5641,3,0.3327,391,Связующий узел между хабами: связан с 3+3 хабами (вход+выход); деньги от 2 seed; получает от 3 плательщ. (21 тыс ₸); платит 4 получат. (24 тыс ₸); отдаёт в 1.2 раза больше видимого входа,3,False,False,2,0,3,4,3,4,20570.0,24000.0,0.0,0.0,1,1,0,0,0.0003655,1.756e-05,3,3,1,0.953,0.9404,0.3629,0.7272,in_degree
100000003249054100,consolidator,0.3987,3,0.3323,392,Признаки консолидации: получает от 7 плательщ. (100 тыс ₸); платит 1 получат. (15 тыс ₸); отдаёт дальше 15% полученного; по числу плательщиков выше 97% узлов 2-го колена,2,False,False,1,0,7,1,11,1,99700.0,15000.0,0.8495,0.0,2,0,0,0,0.00043146,3.963e-05,6,0,0,0.9761,0.5835,0.5597,0.8265,in_degree
100000003221384100,terminal,0.7013,4,0.3322,393,Конечная точка в данных: деньги от 3 seed; получает от 1 плательщ. (511 тыс ₸); исходящих ≥5 тыс ₸ нет,2,False,False,3,0,1,0,1,0,511200.0,0.0,1.0,0.0,1,0,0,0,0.0004482,0.0,1,0,0,0.0,0.0,0.8265,0.0,
100000003158727100,terminal,0.7468,11,0.332,394,Конечная точка в данных: деньги от 2 seed (1 напрямую); получает от 3 плательщ. (368 тыс ₸); исходящих ≥5 тыс ₸ нет,1,False,False,2,1,3,0,3,0,367940.0,0.0,1.0,0.0,2,0,0,0,0.00031413,0.0,3,0,1,0.8429,0.0,0.7771,0.0,
100000000706545100,peripheral,0.6286,4,0.3318,395,"Периферия, явных признаков нет: получает от 3 плательщ. (1.1 млн ₸); платит 1 получат. (76 тыс ₸); отдаёт дальше 7% полученного; повтор. маршрутов: 1",1,False,False,1,1,3,1,8,3,1070300.0,75800.0,0.9292,0.0,1,0,0,1,0.00322663,1.962e-05,2,0,0,0.8429,0.6476,0.9299,0.7834,
100000003284932100,terminal,0.6537,9,0.3309,396,Конечная точка в данных: деньги от 4 seed (1 напрямую); получает от 1 плательщ. (70 тыс ₸); повтор. маршрутов: 1; исходящих ≥5 тыс ₸ нет,1,False,False,4,1,1,0,1,0,69925.0,0.0,1.0,0.0,1,0,0,1,0.00029957,0.0,1,0,0,0.0,0.0,0.4522,0.0,
100000002793881100,terminal,0.7625,11,0.3308,397,Конечная точка в данных: деньги от 2 seed; получает от 3 плательщ. (786 тыс ₸); по числу плательщиков выше 95% узлов 3-го колена; до 3 плательщ. в один день; исходящих ≥5 тыс ₸ нет,3,False,False,2,0,3,0,3,0,785600.0,0.0,1.0,0.0,3,0,0,0,0.00037508,0.0,3,0,0,0.953,0.0,0.9112,0.0,in_degree
100000001141268100,peripheral,0.45,11,0.33,398,"Периферия, явных признаков нет: получает от 2 плательщ. (480 тыс ₸); платит 1 получат. (10 тыс ₸); отдаёт дальше 2% полученного; 100% уходит ≤2 дн. после поступления",3,False,False,1,0,2,1,2,1,480000.0,10000.0,0.9792,1.0,2,0,0,0,0.00036486,2.239e-05,2,0,0,0.8414,0.6409,0.8566,0.8591,
100000000817146100,terminal,0.63,4,0.3298,399,Конечная точка в данных: деньги от 3 seed (1 напрямую); получает от 1 плательщ. (70 тыс ₸); исходящих ≥5 тыс ₸ нет,1,False,False,3,1,1,0,1,0,70020.0,0.0,1.0,0.0,1,0,0,0,0.00058947,0.0,1,0,0,0.0,0.0,0.4586,0.0,
100000002956898100,consolidator,0.3953,4,0.3286,400,Признаки консолидации: деньги от 3 seed; получает от 2 плательщ. (290 тыс ₸); исходящих ≥5 тыс ₸ нет,2,False,False,3,0,2,0,2,0,290240.0,0.0,1.0,0.0,1,0,0,0,0.00037684,0.0,2,0,0,0.731,0.0,0.7397,0.0,
100000002849158100,peripheral,0.4554,11,0.3279,401,"Периферия, явных признаков нет: деньги от 2 seed; получает от 3 плательщ. (723 тыс ₸); платит 1 получат. (1.3 млн ₸); отдаёт в 1.8 раза больше видимого входа; 55% уходит ≤2 дн. после поступления",3,False,False,2,0,3,1,3,3,723000.0,1313000.0,0.0,0.5506,3,0,0,0,0.00033625,2.279e-05,3,0,0,0.953,0.6409,0.9797,0.8642,"in_degree,volume"
100000005897462100,terminal,0.6688,1,0.3277,402,Конечная точка в данных: деньги от 4 seed (1 напрямую); получает от 1 плательщ. (98 тыс ₸); исходящих ≥5 тыс ₸ нет,1,False,False,4,1,1,0,1,0,98400.0,0.0,1.0,0.0,1,0,0,0,0.00030049,0.0,1,0,0,0.0,0.0,0.5563,0.0,
100000008664469100,terminal,0.6039,9,0.3277,403,Конечная точка в данных: деньги от 4 seed (1 напрямую); получает от 1 плательщ. (25 тыс ₸); повтор. маршрутов: 3; исходящих ≥5 тыс ₸ нет,1,False,False,4,1,1,0,1,0,25000.0,0.0,1.0,0.0,1,0,0,3,0.00029058,0.0,1,0,0,0.0,0.0,0.1911,0.0,
100000000979923100,terminal,0.6686,1,0.3275,404,Конечная точка в данных: деньги от 4 seed (1 напрямую); получает от 1 плательщ. (98 тыс ₸); исходящих ≥5 тыс ₸ нет,1,False,False,4,1,1,0,1,0,97900.0,0.0,1.0,0.0,1,0,0,0,0.00030042,0.0,1,0,0,0.0,0.0,0.5541,0.0,
100000004509286100,terminal,0.6269,9,0.3273,405,Конечная точка в данных: деньги от 4 seed (1 напрямую); получает от 1 плательщ. (40 тыс ₸); повтор. маршрутов: 2; исходящих ≥5 тыс ₸ нет,1,False,False,4,1,1,0,1,0,40000.0,0.0,1.0,0.0,1,0,0,2,0.00029358,0.0,1,0,0,0.0,0.0,0.31,0.0,
100000003835149100,peripheral,0.706,5,0.327,406,"Периферия, явных признаков нет: получает от 1 плательщ. (248 тыс ₸); платит 2 получат. (4.6 млн ₸); отдаёт в 18.5 раза больше видимого входа; по обороту больше всех узлов 1-го колена",1,False,False,1,1,1,2,1,13,248500.0,4600440.0,0.0,0.0,1,1,0,2,0.0004889,1.78e-06,0,1,0,0.0,0.7834,0.9979,0.7219,volume
100000004790991100,terminal,0.6291,4,0.3267,407,Конечная точка в данных: получает от 1 плательщ. (239 тыс ₸); повтор. маршрутов: 2; исходящих ≥5 тыс ₸ нет,1,False,False,1,1,1,0,4,0,239413.0,0.0,1.0,0.0,1,0,0,2,0.00031131,0.0,1,0,0,0.0,0.0,0.7176,0.0,
100000001427082100,distributor,0.2217,9,0.3265,408,Признаки веерной раздачи: деньги от 2 seed; получает от 1 плательщ. (5 тыс ₸); платит 5 получат. (125 тыс ₸); отдаёт в 25.0 раза больше видимого входа; по числу получателей выше 95% узлов 3-го колена,3,False,False,2,0,1,5,1,6,5000.0,124900.0,0.0,0.0,1,1,0,1,0.00043925,7.847e-05,1,0,0,0.0,0.9569,0.5914,0.9492,out_degree
100000003001661100,distributor,0.2761,12,0.3263,409,Признаки веерной раздачи: получает от 1 плательщ. (110 тыс ₸); платит 5 получат. (440 тыс ₸); отдаёт в 4.0 раза больше видимого входа; по числу получателей выше 95% узлов 3-го колена,3,False,False,1,0,1,5,1,8,110000.0,439500.0,0.0,0.0,1,0,0,0,0.00054649,8.322e-05,0,0,0,0.0,0.9569,0.8794,0.9505,"out_degree,betweenness"
100000003111305100,terminal,0.7959,11,0.3258,410,Конечная точка в данных: деньги от 2 seed; получает от 4 плательщ. (509 тыс ₸); по числу плательщиков выше 98% узлов 3-го колена; исходящих ≥5 тыс ₸ нет,3,False,False,2,0,4,0,4,0,509338.0,0.0,1.0,0.0,2,0,0,0,0.0004036,0.0,4,0,1,0.9873,0.0,0.8706,0.0,in_degree
100000008473207100,terminal,0.6987,27,0.3257,411,Конечная точка в данных: деньги от 4 seed; получает от 1 плательщ. (202 тыс ₸); исходящих ≥5 тыс ₸ нет,2,False,False,4,0,1,0,4,0,202000.0,0.0,1.0,0.0,1,0,0,0,0.00055621,0.0,0,0,0,0.0,0.0,0.6898,0.0,
100000004420041100,distributor,0.322,29,0.3248,412,Признаки веерной раздачи: получает от 1 плательщ. (70 тыс ₸); платит 7 получат. (652 тыс ₸); отдаёт в 9.4 раза больше видимого входа; по числу получателей выше 97% узлов 3-го колена,3,False,False,1,0,1,7,1,11,69638.0,651830.0,0.0,0.0,1,2,0,1,0.00029974,0.00015425,1,2,1,0.0,0.9772,0.9023,0.9708,"out_degree,betweenness"
100000002371751100,peripheral,0.2967,38,0.3245,413,"Периферия, явных признаков нет: получает от 1 плательщ. (200 тыс ₸); платит 1 получат. (250 тыс ₸); отдаёт в 1.2 раза больше видимого входа; 100% уходит ≤2 дн. после поступления; повтор. маршрутов: 1",1,False,False,1,1,1,1,5,1,200000.0,250000.0,0.0,1.0,1,0,1,1,0.00052859,2e-07,0,0,0,0.0,0.6476,0.8153,0.6624,
100000001184915100,terminal,0.6735,4,0.3244,414,Конечная точка в данных: деньги от 3 seed; получает от 1 плательщ. (201 тыс ₸); повтор. маршрутов: 1; исходящих ≥5 тыс ₸ нет,2,False,False,3,0,1,0,2,0,201000.0,0.0,1.0,0.0,1,0,0,1,0.00034952,0.0,1,0,0,0.0,0.0,0.6855,0.0,
100000007507343100,terminal,0.6419,8,0.3243,415,Конечная точка в данных: получает от 1 плательщ. (370 тыс ₸); исходящих ≥5 тыс ₸ нет,1,False,False,1,1,1,0,1,0,370000.0,0.0,1.0,0.0,1,0,0,0,0.00064162,0.0,1,0,0,0.0,0.0,0.7813,0.0,
100000003899899100,peripheral,0.4671,4,0.3243,416,"Периферия, явных признаков нет: получает от 2 плательщ. (218 тыс ₸); платит 1 получат. (10 тыс ₸); отдаёт дальше 5% полученного; 100% уходит ≤2 дн. после поступления",3,False,False,1,0,2,1,5,1,218500.0,10000.0,0.9542,1.0,1,0,0,0,0.00065398,1.942e-05,1,0,0,0.8414,0.6409,0.703,0.8033,
100000006445501100,terminal,0.6654,1,0.3242,417,Конечная точка в данных: деньги от 4 seed (1 напрямую); получает от 1 плательщ. (91 тыс ₸); исходящих ≥5 тыс ₸ нет,1,False,False,4,1,1,0,1,0,91000.0,0.0,1.0,0.0,1,0,0,0,0.00029937,0.0,1,0,0,0.0,0.0,0.535,0.0,
100000008730021100,terminal,0.6079,1,0.324,418,Конечная точка в данных: деньги от 2 seed (1 напрямую); получает от 1 плательщ. (76 тыс ₸); повтор. маршрутов: 1; исходящих ≥5 тыс ₸ нет,1,False,False,2,1,1,0,3,0,75555.0,0.0,1.0,0.0,1,0,0,1,0.00046814,0.0,1,0,0,0.0,0.0,0.482,0.0,
100000007898453100,peripheral,0.2786,9,0.3238,419,"Периферия, явных признаков нет: деньги от 2 seed; получает от 1 плательщ. (25 тыс ₸); платит 2 получат. (320 тыс ₸); отдаёт в 12.9 раза больше видимого входа; 94% уходит ≤2 дн. после поступления",2,False,False,2,0,1,2,1,2,24750.0,320000.0,0.0,0.9375,1,0,0,0,0.00033302,2.398e-05,1,1,0,0.0,0.7614,0.7636,0.8004,
100000005316708100,coordinator,0.4321,4,0.3236,420,Связующий узел между хабами: связан с 1+2 хабами (вход+выход); получает от 1 плательщ. (90 тыс ₸); платит 2 получат. (258 тыс ₸); отдаёт в 2.9 раза больше видимого входа,1,False,False,1,1,1,2,1,4,90000.0,257500.0,0.0,0.0,1,1,0,0,0.00029769,1.19e-06,1,2,1,0.0,0.7834,0.7686,0.7091,
100000005844459100,terminal,0.6946,3,0.3231,421,Конечная точка в данных: деньги от 2 seed (1 напрямую); получает от 2 плательщ. (243 тыс ₸); исходящих ≥5 тыс ₸ нет,1,False,False,2,1,2,0,2,0,243400.0,0.0,1.0,0.0,1,0,0,0,0.00033808,0.0,2,0,1,0.6624,0.0,0.7197,0.0,
100000001746925100,peripheral,0.6598,9,0.3229,422,"Периферия, явных признаков нет: деньги от 4 seed (1 напрямую); получает от 1 плательщ. (65 тыс ₸); платит 1 получат. (5 тыс ₸); отдаёт дальше 8% полученного; повтор. маршрутов: 1",1,False,False,4,1,1,1,1,1,65250.0,5000.0,0.9234,0.0,1,0,0,1,0.00029863,0.00011889,1,0,0,0.0,0.6476,0.4628,0.8896,
100000004399686100,terminal,0.658,5,0.3225,423,Конечная точка в данных: получает от 1 плательщ. (806 тыс ₸); повтор. маршрутов: 1; исходящих ≥5 тыс ₸ нет,3,False,False,1,0,1,0,2,0,806000.0,0.0,1.0,0.0,1,0,0,1,0.00057081,0.0,0,0,0,0.0,0.0,0.9188,0.0,
100000005133757100,consolidator,0.3601,27,0.3224,424,Признаки консолидации: деньги от 4 seed (1 напрямую); получает от 2 плательщ. (65 тыс ₸); повтор. маршрутов: 1; исходящих ≥5 тыс ₸ нет,1,False,False,4,1,2,0,2,0,65000.0,0.0,1.0,0.0,1,0,0,1,0.00029941,0.0,2,0,1,0.6624,0.0,0.4374,0.0,
100000008279405100,terminal,0.628,2,0.3223,425,Конечная точка в данных: получает от 1 плательщ. (235 тыс ₸); повтор. маршрутов: 3; исходящих ≥5 тыс ₸ нет,3,False,False,1,0,1,0,2,0,234738.0,0.0,1.0,0.0,1,0,0,3,0.00033333,0.0,1,0,0,0.0,0.0,0.7119,0.0,
100000002443664100,terminal,0.7578,11,0.3221,426,Конечная точка в данных: деньги от 2 seed; получает от 3 плательщ. (557 тыс ₸); до 3 плательщ. в один день; исходящих ≥5 тыс ₸ нет,2,False,False,2,0,3,0,3,0,556880.0,0.0,1.0,0.0,3,0,0,0,0.00033877,0.0,3,0,1,0.8503,0.0,0.8438,0.0,
100000008314203100,consolidator,0.4045,0,0.3216,427,Признаки консолидации: деньги от 3 seed (2 напрямую); получает от 2 плательщ. (382 тыс ₸); платит 2 получат. (327 тыс ₸); 49% уходит ≤2 дн. после поступления; повтор. маршрутов: 4,0,True,False,3,2,2,2,10,13,382076.0,327000.0,,0.4862,1,3,1,4,0.00050299,0.0,2,2,0,0.7,0.625,0.7375,0.0,
100000001689968100,consolidator,0.421,23,0.3197,428,Признаки консолидации: деньги от 3 seed; получает от 3 плательщ. (344 тыс ₸); по числу плательщиков выше 95% узлов 3-го колена; исходящих ≥5 тыс ₸ нет,3,False,False,3,0,3,0,3,0,344333.75,0.0,1.0,0.0,1,0,0,0,0.00033914,0.0,3,0,1,0.953,0.0,0.7868,0.0,in_degree
100000006745291100,terminal,0.6611,1,0.3194,429,Конечная точка в данных: деньги от 4 seed (1 напрямую); получает от 1 плательщ. (83 тыс ₸); исходящих ≥5 тыс ₸ нет,1,False,False,4,1,1,0,1,0,82534.0,0.0,1.0,0.0,1,0,0,0,0.00029809,0.0,1,0,0,0.0,0.0,0.5011,0.0,
100000004587414100,consolidator,0.4163,23,0.3194,430,Признаки консолидации: деньги от 3 seed; получает от 2 плательщ. (534 тыс ₸); исходящих ≥5 тыс ₸ нет,3,False,False,3,0,2,0,2,0,533603.0,0.0,1.0,0.0,1,0,0,0,0.00031487,0.0,2,0,1,0.8414,0.0,0.8756,0.0,
100000002872399100,terminal,0.6603,17,0.3193,431,Конечная точка в данных: получает от 1 плательщ. (1.1 млн ₸); повтор. маршрутов: 1; исходящих ≥5 тыс ₸ нет,3,False,False,1,0,1,0,9,0,1090000.0,0.0,1.0,0.0,1,0,0,1,0.00070577,0.0,0,0,0,0.0,0.0,0.948,0.0,
100000004889043100,consolidator,0.4226,30,0.3186,432,Признаки консолидации: деньги от 3 seed; получает от 2 плательщ. (272 тыс ₸); повтор. маршрутов: 1; исходящих ≥5 тыс ₸ нет,3,False,False,3,0,2,0,4,0,272000.0,0.0,1.0,0.0,2,0,0,1,0.0002985,0.0,2,0,1,0.8414,0.0,0.7437,0.0,
100000004993576100,terminal,0.6651,4,0.3177,433,Конечная точка в данных: деньги от 3 seed; получает от 1 плательщ. (167 тыс ₸); повтор. маршрутов: 1; исходящих ≥5 тыс ₸ нет,2,False,False,3,0,1,0,1,0,167000.0,0.0,1.0,0.0,1,0,0,1,0.0003387,0.0,1,0,0,0.0,0.0,0.6421,0.0,
100000004114962100,consolidator,0.3695,23,0.3176,434,Признаки консолидации: деньги от 3 seed; получает от 2 плательщ. (165 тыс ₸); исходящих ≥5 тыс ₸ нет,3,False,False,3,0,2,0,2,0,165000.0,0.0,1.0,0.0,1,0,0,0,0.00071129,0.0,1,0,1,0.8414,0.0,0.651,0.0,
100000005409156100,consolidator,0.3909,23,0.317,435,Признаки консолидации: деньги от 3 seed; получает от 2 плательщ. (260 тыс ₸); исходящих ≥5 тыс ₸ нет,3,False,False,3,0,2,0,2,0,260080.0,0.0,1.0,0.0,1,0,0,0,0.00042393,0.0,2,0,1,0.8414,0.0,0.7373,0.0,
100000004318918100,terminal,0.658,1,0.3166,436,Конечная точка в данных: деньги от 4 seed (1 напрямую); получает от 1 плательщ. (76 тыс ₸); исходящих ≥5 тыс ₸ нет,1,False,False,4,1,1,0,1,0,75600.0,0.0,1.0,0.0,1,0,0,0,0.00029704,0.0,1,0,0,0.0,0.0,0.4841,0.0,
100000008746449100,distributor,0.3839,11,0.3163,437,Признаки веерной раздачи: получает от 1 плательщ. (10 тыс ₸); платит 10 получат. (1.0 млн ₸); отдаёт в 100.9 раза больше видимого входа; по числу получателей выше 98% узлов 3-го колена,3,False,False,1,0,1,10,1,10,10000.0,1009000.0,0.0,0.0,1,3,0,0,0.000287,0.00016598,1,0,0,0.0,0.9848,0.9429,0.9721,"out_degree,betweenness"
100000002670860100,terminal,0.712,16,0.316,438,Конечная точка в данных: деньги от 2 seed (1 напрямую); получает от 2 плательщ. (450 тыс ₸); исходящих ≥5 тыс ₸ нет,1,False,False,2,1,2,0,2,0,450000.0,0.0,1.0,0.0,1,0,0,0,0.00030895,0.0,2,0,1,0.6624,0.0,0.8153,0.0,
100000002936322100,terminal,0.7226,27,0.3156,439,Конечная точка в данных: деньги от 2 seed; получает от 2 плательщ. (787 тыс ₸); повтор. маршрутов: 1; исходящих ≥5 тыс ₸ нет,3,False,False,2,0,2,0,2,0,787133.0,0.0,1.0,0.0,1,0,0,1,0.00036638,0.0,2,0,1,0.8414,0.0,0.9124,0.0,
100000001222263100,peripheral,0.4955,23,0.3146,440,"Периферия, явных признаков нет: деньги от 3 seed; получает от 1 плательщ. (746 тыс ₸); платит 1 получат. (420 тыс ₸); отдаёт дальше 56% полученного; по обороту выше 95% узлов 3-го колена",3,False,False,3,0,1,1,1,5,745570.0,420000.0,0.4367,0.7143,1,0,0,0,0.00030973,1.922e-05,1,0,0,0.0,0.6409,0.9518,0.7297,volume
100000008254069100,distributor,0.2395,1,0.3139,441,Признаки веерной раздачи: деньги от 2 seed; получает от 1 плательщ. (10 тыс ₸); платит 5 получат. (108 тыс ₸); отдаёт в 10.5 раза больше видимого входа; 9% уходит ≤2 дн. после поступления,2,False,False,2,0,1,5,2,6,10200.0,107500.0,0.0,0.093,1,1,0,0,0.00034249,9.351e-05,1,3,2,0.0,0.9002,0.5618,0.8764,
100000003042994100,terminal,0.635,4,0.3131,442,Конечная точка в данных: получает от 1 плательщ. (286 тыс ₸); повтор. маршрутов: 1; исходящих ≥5 тыс ₸ нет,1,False,False,1,1,1,0,3,0,286086.0,0.0,1.0,0.0,1,0,0,1,0.00031633,0.0,1,0,0,0.0,0.0,0.741,0.0,
100000002847207100,terminal,0.6327,9,0.313,443,Конечная точка в данных: деньги от 4 seed (1 напрямую); получает от 1 плательщ. (46 тыс ₸); повтор. маршрутов: 1; исходящих ≥5 тыс ₸ нет,1,False,False,4,1,1,0,1,0,46243.0,0.0,1.0,0.0,1,0,0,1,0.00029483,0.0,1,0,0,0.0,0.0,0.3482,0.0,
100000006562026100,terminal,0.6474,45,0.3128,444,Конечная точка в данных: деньги от 2 seed (2 напрямую); получает от 2 плательщ. (75 тыс ₸); исходящих ≥5 тыс ₸ нет,1,False,False,2,2,2,0,6,0,75000.0,0.0,1.0,0.0,1,0,0,0,0.00068536,0.0,0,0,0,0.6624,0.0,0.4756,0.0,
100000004559194100,terminal,0.6345,4,0.3126,445,Конечная точка в данных: получает от 1 плательщ. (282 тыс ₸); повтор. маршрутов: 1; исходящих ≥5 тыс ₸ нет,1,False,False,1,1,1,0,6,0,282145.0,0.0,1.0,0.0,1,0,0,1,0.0003159,0.0,1,0,0,0.0,0.0,0.7346,0.0,
100000008701944100,terminal,0.5926,1,0.3123,446,Конечная точка в данных: деньги от 2 seed (1 напрямую); получает от 1 плательщ. (52 тыс ₸); повтор. маршрутов: 1; исходящих ≥5 тыс ₸ нет,1,False,False,2,1,1,0,1,0,52124.0,0.0,1.0,0.0,1,0,0,1,0.00041152,0.0,1,0,0,0.0,0.0,0.3885,0.0,
100000004325327100,peripheral,0.2405,30,0.312,447,"Периферия, явных признаков нет: деньги от 2 seed (1 напрямую); получает от 2 плательщ. (71 тыс ₸); платит 1 получат. (70 тыс ₸); отдаёт дальше 99% полученного; 100% уходит ≤2 дн. после поступления",1,False,False,2,1,2,1,3,1,70817.0,70000.0,0.0115,1.0,1,0,0,0,0.00029579,3.844e-05,2,0,1,0.6624,0.6476,0.6008,0.8195,
100000003321423100,terminal,0.6219,1,0.311,448,Конечная точка в данных: деньги от 2 seed; получает от 1 плательщ. (100 тыс ₸); повтор. маршрутов: 1; исходящих ≥5 тыс ₸ нет,2,False,False,2,0,1,0,2,0,100000.0,0.0,1.0,0.0,1,0,0,1,0.0006711,0.0,1,0,0,0.0,0.0,0.5336,0.0,
100000001960517100,terminal,0.6483,13,0.3108,449,Конечная точка в данных: деньги от 2 seed (1 напрямую); получает от 1 плательщ. (200 тыс ₸); исходящих ≥5 тыс ₸ нет,1,False,False,2,1,1,0,1,0,200000.0,0.0,1.0,0.0,1,0,0,0,0.00035922,0.0,0,0,0,0.0,0.0,0.673,0.0,
100000002956769100,terminal,0.7385,11,0.3107,450,Конечная точка в данных: получает от 3 плательщ. (840 тыс ₸); по числу плательщиков выше 95% узлов 3-го колена; до 3 плательщ. в один день; исходящих ≥5 тыс ₸ нет,3,False,False,1,0,3,0,3,0,840000.0,0.0,1.0,0.0,3,0,0,0,0.00038478,0.0,3,0,0,0.953,0.0,0.9264,0.0,in_degree
100000001875167100,terminal,0.7097,23,0.3107,451,Конечная точка в данных: деньги от 3 seed; получает от 1 плательщ. (1.0 млн ₸); исходящих ≥5 тыс ₸ нет,3,False,False,3,0,1,0,2,0,1000000.0,0.0,1.0,0.0,1,0,0,0,0.00031798,0.0,1,0,0,0.0,0.0,0.9404,0.0,
100000002748180100,distributor,0.4056,16,0.3105,452,Признаки веерной раздачи: получает от 1 плательщ. (10 тыс ₸); платит 8 получат. (680 тыс ₸); отдаёт в 68.7 раза больше видимого входа; по числу получателей выше 95% узлов 1-го колена,1,False,False,1,1,1,8,1,9,9900.0,679743.0,0.0,0.2648,1,0,0,0,0.00028721,8.52e-06,1,2,2,0.0,0.9597,0.8938,0.7495,out_degree
100000001884825100,terminal,0.7297,11,0.3104,453,Конечная точка в данных: получает от 3 плательщ. (495 тыс ₸); по числу плательщиков выше 95% узлов 3-го колена; повтор. маршрутов: 1; исходящих ≥5 тыс ₸ нет,3,False,False,1,0,3,0,3,0,495000.0,0.0,1.0,0.0,2,0,0,1,0.0003401,0.0,3,0,0,0.953,0.0,0.8617,0.0,in_degree
100000001965374100,peripheral,0.6056,5,0.3103,454,"Периферия, явных признаков нет: получает от 2 плательщ. (1.8 млн ₸); платит 3 получат. (3.1 млн ₸); отдаёт в 1.8 раза больше видимого входа; по обороту выше 98% узлов 2-го колена; повтор. маршрутов: 1",2,False,False,1,0,2,3,8,5,1759720.0,3082100.0,0.0,0.2615,2,0,1,1,0.00128166,1.59e-06,0,0,0,0.731,0.8395,0.9805,0.6963,volume
100000008293431100,distributor,0.258,2,0.3103,455,Признаки веерной раздачи: получает от 1 плательщ. (15 тыс ₸); платит 5 получат. (297 тыс ₸); отдаёт в 19.8 раза больше видимого входа; по числу получателей выше 95% узлов 3-го колена,3,False,False,1,0,1,5,1,7,15000.0,297000.0,0.0,0.0,1,4,0,2,0.0002869,5.687e-05,1,3,1,0.0,0.9569,0.7716,0.9162,out_degree
100000004408683100,terminal,0.6412,4,0.3095,456,Конечная точка в данных: получает от 2 плательщ. (113 тыс ₸); повтор. маршрутов: 1; исходящих ≥5 тыс ₸ нет,1,False,False,1,1,2,0,3,0,112919.68,0.0,1.0,0.0,1,0,0,1,0.00038531,0.0,1,0,0,0.6624,0.0,0.5775,0.0,
100000008595687100,peripheral,0.3437,4,0.3095,457,"Периферия, явных признаков нет: получает от 1 плательщ. (64 тыс ₸); платит 1 получат. (10 тыс ₸); отдаёт дальше 16% полученного; по посредничеству выше 97% узлов 3-го колена",3,False,False,1,0,1,1,1,1,64395.0,10400.0,0.8385,1.0,1,2,0,0,0.00030486,0.00030108,1,1,0,0.0,0.6409,0.4784,0.9784,betweenness
100000002193259100,peripheral,0.3531,29,0.3092,458,"Периферия, явных признаков нет: деньги от 2 seed; получает от 2 плательщ. (48 тыс ₸); платит 3 получат. (58 тыс ₸); отдаёт в 1.2 раза больше видимого входа; 69% уходит ≤2 дн. после поступления",2,False,False,2,0,2,3,2,3,48000.0,58000.0,0.0,0.6897,1,0,0,0,0.00089084,6.44e-05,1,1,0,0.731,0.8395,0.5488,0.8655,
100000005342513100,peripheral,0.5245,35,0.3076,459,"Периферия, явных признаков нет: получает от 1 плательщ. (235 тыс ₸); платит 1 получат. (30 тыс ₸); отдаёт дальше 13% полученного; 100% уходит ≤2 дн. после поступления; повтор. маршрутов: 1",3,False,False,1,0,1,1,2,1,235000.0,30000.0,0.8723,1.0,1,1,0,1,0.00108165,0.0,0,0,0,0.0,0.6409,0.7386,0.0,
100000006165886100,peripheral,0.4567,2,0.307,460,"Периферия, явных признаков нет: деньги от 2 seed; получает от 2 плательщ. (184 тыс ₸); платит 1 получат. (75 тыс ₸); отдаёт дальше 41% полученного; 100% уходит ≤2 дн. после поступления",3,False,False,2,0,2,1,2,1,184481.0,75000.0,0.5935,1.0,1,1,0,1,0.00029856,6.9e-07,2,0,1,0.8414,0.6409,0.736,0.6827,
100000003246024100,peripheral,0.3193,2,0.3067,461,"Периферия, явных признаков нет: получает от 1 плательщ. (25 тыс ₸); платит 1 получат. (5 тыс ₸); отдаёт дальше 20% полученного; по посредничеству выше 97% узлов 2-го колена",2,False,False,1,0,1,1,1,1,25000.0,5000.0,0.8,1.0,1,0,0,0,0.00037134,0.00161169,1,0,1,0.0,0.5835,0.2538,0.974,betweenness
100000003964910100,terminal,0.6997,10,0.3067,462,Конечная точка в данных: получает от 2 плательщ. (1.0 млн ₸); исходящих ≥5 тыс ₸ нет,3,False,False,1,0,2,0,2,0,1000000.0,0.0,1.0,0.0,2,0,0,0,0.00050936,0.0,2,0,0,0.8414,0.0,0.9404,0.0,
100000002448088100,peripheral,0.2619,9,0.3066,463,"Периферия, явных признаков нет: деньги от 2 seed; получает от 3 плательщ. (20 тыс ₸); платит 1 получат. (25 тыс ₸); отдаёт в 1.2 раза больше видимого входа; 100% уходит ≤2 дн. после поступления",3,False,False,2,0,3,1,3,1,20000.0,25000.0,0.0,1.0,2,0,0,0,0.00050866,2.081e-05,2,0,1,0.953,0.6409,0.3642,0.8388,in_degree
100000004424023100,peripheral,0.6741,4,0.3064,464,"Периферия, явных признаков нет: деньги от 4 seed; получает от 1 плательщ. (50 тыс ₸); платит 1 получат. (100 тыс ₸); отдаёт в 2.0 раза больше видимого входа",2,False,False,4,0,1,1,1,1,50000.0,100000.0,0.0,0.0,1,0,0,0,0.00097171,2.041e-05,1,0,0,0.0,0.5835,0.603,0.7852,
100000000201868100,peripheral,0.35,4,0.3061,465,"Периферия, явных признаков нет: получает от 1 плательщ. (190 тыс ₸); платит 1 получат. (190 тыс ₸); отдаёт дальше 100% полученного; 100% уходит ≤2 дн. после поступления",2,False,False,1,0,1,1,1,1,190000.0,190000.0,0.0,1.0,1,0,0,0,0.00097464,0.0,0,0,0,0.0,0.5835,0.7809,0.0,
100000000291906100,peripheral,0.4684,28,0.3052,466,"Периферия, явных признаков нет: получает от 2 плательщ. (388 тыс ₸); платит 2 получат. (456 тыс ₸); отдаёт в 1.2 раза больше видимого входа; 42% уходит ≤2 дн. после поступления",2,False,False,1,0,2,2,3,6,388000.0,455854.0,0.0,0.4187,1,0,0,0,0.00076294,7.807e-05,1,1,1,0.731,0.7614,0.8785,0.872,
100000001102676100,peripheral,0.2505,37,0.3051,467,"Периферия, явных признаков нет: деньги от 2 seed; получает от 1 плательщ. (50 тыс ₸); платит 1 получат. (50 тыс ₸); отдаёт дальше 100% полученного; 100% уходит ≤2 дн. после поступления",2,False,False,2,0,1,1,1,1,50000.0,50000.0,0.0,1.0,1,2,0,1,0.00031303,2.398e-05,1,1,1,0.0,0.5835,0.5336,0.8004,
100000004666651100,terminal,0.6707,9,0.3043,468,Конечная точка в данных: деньги от 2 seed; получает от 1 плательщ. (429 тыс ₸); исходящих ≥5 тыс ₸ нет,2,False,False,2,0,1,0,1,0,429250.0,0.0,1.0,0.0,1,0,0,0,0.00045754,0.0,0,0,0,0.0,0.0,0.8004,0.0,
100000001616816100,consolidator,0.4695,13,0.3039,469,"Признаки консолидации: деньги от 4 seed; получает от 5 плательщ. (176 тыс ₸); платит 3 получат. (181 тыс ₸); 69% уходит ≤2 дн. после поступления; seed, входящие занижены",0,True,False,4,0,5,3,12,10,176195.0,181326.0,,0.6939,1,2,0,0,0.00243466,0.0001047,1,1,1,0.9375,0.725,0.675,0.925,
100000002394199100,peripheral,0.4946,17,0.3026,470,"Периферия, явных признаков нет: получает от 1 плательщ. (277 тыс ₸); платит 1 получат. (77 тыс ₸); отдаёт дальше 28% полученного; 100% уходит ≤2 дн. после поступления",3,False,False,1,0,1,1,3,1,277398.0,76777.0,0.7232,1.0,1,0,0,0,0.00296785,0.0,0,0,0,0.0,0.6409,0.802,0.0,
100000004407753100,peripheral,0.47,12,0.3017,471,"Периферия, явных признаков нет: получает от 1 плательщ. (250 тыс ₸); платит 1 получат. (100 тыс ₸); отдаёт дальше 40% полученного; 100% уходит ≤2 дн. после поступления",3,False,False,1,0,1,1,4,1,250000.0,100000.0,0.6,1.0,1,0,0,0,0.00087856,0.0,0,0,0,0.0,0.6409,0.7944,0.0,
100000008430691100,peripheral,0.2857,4,0.3014,472,"Периферия, явных признаков нет: получает от 1 плательщ. (20 тыс ₸); платит 2 получат. (605 тыс ₸); отдаёт в 30.2 раза больше видимого входа; 97% уходит ≤2 дн. после поступления",3,False,False,1,0,1,2,1,2,20000.0,604900.0,0.0,0.9669,1,0,0,0,0.00030698,1.962e-05,1,1,0,0.0,0.8363,0.8947,0.8096,
100000008232832100,peripheral,0.6199,0,0.3013,473,"Периферия, явных признаков нет: деньги от 3 seed (1 напрямую); получает от 1 плательщ. (337 тыс ₸); платит 1 получат. (138 тыс ₸); отдаёт дальше 41% полученного",1,False,False,3,1,1,1,2,1,337000.0,138000.0,0.5905,0.0,1,0,0,0,0.00049423,0.0,1,1,0,0.0,0.6476,0.8301,0.0,
100000003873332100,peripheral,0.4205,15,0.3013,474,"Периферия, явных признаков нет: получает от 1 плательщ. (23 тыс ₸); платит 4 получат. (286 тыс ₸); отдаёт в 12.2 раза больше видимого входа; по посредничеству выше 97% узлов 1-го колена",1,False,False,1,1,1,4,1,8,23468.0,286000.0,0.0,0.0,1,0,0,2,0.00028997,0.00089356,1,1,1,0.0,0.9002,0.7558,0.9745,betweenness
100000002973903100,consolidator,0.3601,29,0.3011,475,Признаки консолидации: деньги от 3 seed (1 напрямую); получает от 3 плательщ. (93 тыс ₸); исходящих ≥5 тыс ₸ нет,1,False,False,3,1,3,0,3,0,92880.0,0.0,1.0,0.0,1,0,0,0,0.00031687,0.0,3,0,2,0.8429,0.0,0.5414,0.0,
100000002774456100,terminal,0.6411,1,0.3011,476,Конечная точка в данных: деньги от 4 seed (1 напрямую); получает от 1 плательщ. (50 тыс ₸); исходящих ≥5 тыс ₸ нет,1,False,False,4,1,1,0,1,0,50363.0,0.0,1.0,0.0,1,0,0,0,0.00029321,0.0,1,0,0,0.0,0.0,0.3843,0.0,
100000001166289100,peripheral,0.5431,35,0.3007,477,"Периферия, явных признаков нет: получает от 2 плательщ. (721 тыс ₸); платит 1 получат. (25 тыс ₸); отдаёт дальше 3% полученного; 100% уходит ≤2 дн. после поступления",2,False,False,1,0,2,1,10,1,721039.0,25000.0,0.9653,1.0,1,0,0,0,0.00200213,0.0,1,0,0,0.731,0.5835,0.8698,0.0,
100000002156381100,peripheral,0.688,1,0.3007,478,"Периферия, явных признаков нет: деньги от 2 seed; получает от 2 плательщ. (61 тыс ₸); платит 1 получат. (22 тыс ₸); отдаёт дальше 36% полученного; 23% уходит ≤2 дн. после поступления",2,False,False,2,0,2,1,7,3,61000.0,21800.0,0.6426,0.2294,2,0,0,0,0.00108078,4.24e-05,1,0,0,0.731,0.5835,0.4816,0.833,
100000004737764100,terminal,0.6544,9,0.3006,479,Конечная точка в данных: получает от 1 плательщ. (600 тыс ₸); исходящих ≥5 тыс ₸ нет,3,False,False,1,0,1,0,1,0,600000.0,0.0,1.0,0.0,1,0,0,0,0.00067662,0.0,0,0,0,0.0,0.0,0.8883,0.0,
100000006240939100,distributor,0.3474,11,0.3005,480,Признаки веерной раздачи: получает от 1 плательщ. (160 тыс ₸); платит 5 получат. (778 тыс ₸); отдаёт в 4.9 раза больше видимого входа; 21% уходит ≤2 дн. после поступления,2,False,False,1,0,1,5,1,5,160000.0,778015.0,0.0,0.212,1,0,0,0,0.00031875,4.16e-06,1,1,2,0.0,0.9002,0.8894,0.7115,
100000007544358100,peripheral,0.5923,4,0.3,481,"Периферия, явных признаков нет: получает от 2 плательщ. (322 тыс ₸); платит 1 получат. (350 тыс ₸); отдаёт в 1.1 раза больше видимого входа; 29% уходит ≤2 дн. после поступления",1,False,False,1,1,2,1,2,3,322500.0,350000.0,0.0,0.2857,1,0,0,0,0.00034057,1.962e-05,2,0,0,0.6624,0.6476,0.8832,0.7834,
100000002459832100,terminal,0.7238,27,0.2997,482,Конечная точка в данных: деньги от 2 seed; получает от 2 плательщ. (881 тыс ₸); исходящих ≥5 тыс ₸ нет,3,False,False,2,0,2,0,2,0,880606.0,0.0,1.0,0.0,1,0,0,0,0.00039319,0.0,2,0,0,0.8414,0.0,0.9327,0.0,
100000004722765100,peripheral,0.634,3,0.2995,483,"Периферия, явных признаков нет: получает от 1 плательщ. (230 тыс ₸); платит 3 получат. (2.3 млн ₸); отдаёт в 9.9 раза больше видимого входа; по обороту выше 98% узлов 3-го колена",3,False,False,1,0,1,3,1,9,230000.0,2284500.0,0.0,0.0766,1,0,0,0,0.00058159,5.826e-05,1,0,0,0.0,0.9124,0.9848,0.9239,volume
100000006852430100,terminal,0.6229,1,0.2992,484,Конечная точка в данных: деньги от 4 seed; получает от 1 плательщ. (37 тыс ₸); исходящих ≥5 тыс ₸ нет,2,False,False,4,0,1,0,1,0,37000.0,0.0,1.0,0.0,1,0,0,0,0.0005362,0.0,1,0,0,0.0,0.0,0.3167,0.0,
100000003163886100,terminal,0.6507,9,0.299,485,Конечная точка в данных: получает от 1 плательщ. (500 тыс ₸); исходящих ≥5 тыс ₸ нет,3,False,False,1,0,1,0,1,0,500000.0,0.0,1.0,0.0,1,0,0,0,0.00073384,0.0,0,0,0,0.0,0.0,0.8655,0.0,
100000002343825100,peripheral,0.5162,11,0.2989,486,"Периферия, явных признаков нет: получает от 3 плательщ. (350 тыс ₸); платит 2 получат. (90 тыс ₸); отдаёт дальше 26% полученного; по числу плательщиков выше 95% узлов 3-го колена",3,False,False,1,0,3,2,4,2,350000.0,89800.0,0.7434,0.5568,2,0,0,0,0.0003336,4.28e-05,3,0,0,0.953,0.8363,0.8376,0.9137,in_degree
100000003476560100,terminal,0.6407,9,0.2984,487,Конечная точка в данных: деньги от 4 seed (1 напрямую); получает от 1 плательщ. (50 тыс ₸); исходящих ≥5 тыс ₸ нет,1,False,False,4,1,1,0,1,0,50000.0,0.0,1.0,0.0,1,0,0,0,0.00029558,0.0,1,0,0,0.0,0.0,0.3758,0.0,
100000002824176100,terminal,0.6345,13,0.2984,488,Конечная точка в данных: деньги от 2 seed (1 напрямую); получает от 1 плательщ. (144 тыс ₸); исходящих ≥5 тыс ₸ нет,1,False,False,2,1,1,0,1,0,144000.0,0.0,1.0,0.0,1,0,0,0,0.0003386,0.0,0,0,0,0.0,0.0,0.6051,0.0,
100000007617808100,terminal,0.672,9,0.298,489,Конечная точка в данных: деньги от 2 seed; получает от 1 плательщ. (450 тыс ₸); исходящих ≥5 тыс ₸ нет,2,False,False,2,0,1,0,1,0,450000.0,0.0,1.0,0.0,1,0,0,0,0.0003601,0.0,1,0,0,0.0,0.0,0.8069,0.0,
100000008722417100,peripheral,0.5073,23,0.2975,490,"Периферия, явных признаков нет: деньги от 3 seed; получает от 1 плательщ. (332 тыс ₸); платит 3 получат. (720 тыс ₸); отдаёт в 2.2 раза больше видимого входа; 36% уходит ≤2 дн. после поступления",3,False,False,3,0,1,3,1,6,331900.0,720000.0,0.0,0.3611,1,0,0,0,0.00029633,5.766e-05,1,0,0,0.0,0.9124,0.9454,0.9175,
100000001584286100,terminal,0.7217,16,0.2974,491,Конечная точка в данных: деньги от 2 seed; получает от 2 плательщ. (739 тыс ₸); исходящих ≥5 тыс ₸ нет,2,False,False,2,0,2,0,3,0,738699.0,0.0,1.0,0.0,1,0,0,0,0.00032848,0.0,2,0,0,0.731,0.0,0.8677,0.0,
100000004007116100,transit,0.6283,6,0.2973,492,"Признаки транзита: получает от 3 плательщ. (765 тыс ₸); платит 4 получат. (148 тыс ₸); 93% уходит ≤2 дн. после поступления; повтор. маршрутов: 4; seed, входящие занижены",0,True,False,0,0,3,4,24,6,764704.0,148000.0,,0.9324,1,3,2,4,0.00062778,4e-07,3,2,0,0.8375,0.8,0.7625,0.7125,
100000008188026100,peripheral,0.5836,4,0.2973,493,"Периферия, явных признаков нет: получает от 2 плательщ. (86 тыс ₸); платит 4 получат. (338 тыс ₸); отдаёт в 3.9 раза больше видимого входа; повтор. маршрутов: 1",1,False,False,1,1,2,4,5,4,86468.0,337983.17,0.0,0.0,1,0,0,1,0.0002993,8.203e-05,2,0,0,0.6624,0.9002,0.8025,0.8684,
100000000945428100,terminal,0.589,3,0.2972,494,Конечная точка в данных: получает от 1 плательщ. (90 тыс ₸); повтор. маршрутов: 2; исходящих ≥5 тыс ₸ нет,1,False,False,1,1,1,0,1,0,89629.0,0.0,1.0,0.0,1,0,0,2,0.00030239,0.0,1,0,0,0.0,0.0,0.5287,0.0,
100000004544958100,peripheral,0.6678,1,0.2969,495,"Периферия, явных признаков нет: деньги от 2 seed; получает от 1 плательщ. (168 тыс ₸); платит 2 получат. (23 тыс ₸); отдаёт дальше 14% полученного; 22% уходит ≤2 дн. после поступления",2,False,False,2,0,1,2,3,2,168000.0,23200.0,0.8619,0.2241,1,0,0,0,0.00121461,2.081e-05,1,1,0,0.0,0.7614,0.6616,0.7874,
100000000440392100,terminal,0.5987,4,0.2968,496,Конечная точка в данных: получает от 1 плательщ. (106 тыс ₸); повтор. маршрутов: 2; исходящих ≥5 тыс ₸ нет,1,False,False,1,1,1,0,4,0,105705.0,0.0,1.0,0.0,1,0,0,2,0.00029693,0.0,1,0,0,0.0,0.0,0.5669,0.0,
100000002559089100,terminal,0.6962,11,0.2968,497,Конечная точка в данных: получает от 2 плательщ. (715 тыс ₸); исходящих ≥5 тыс ₸ нет,3,False,False,1,0,2,0,2,0,715000.0,0.0,1.0,0.0,2,0,0,0,0.00039243,0.0,2,0,0,0.8414,0.0,0.901,0.0,
100000002205022100,peripheral,0.6679,9,0.2963,498,"Периферия, явных признаков нет: деньги от 2 seed; получает от 1 плательщ. (7 тыс ₸); платит 3 получат. (518 тыс ₸); отдаёт в 73.0 раза больше видимого входа; 1% уходит ≤2 дн. после поступления",2,False,False,2,0,1,3,1,3,7100.0,518000.0,0.0,0.0116,1,0,0,0,0.00054564,5.451e-05,0,1,0,0.0,0.8395,0.8373,0.8482,
100000001714173100,terminal,0.6551,11,0.2959,499,Конечная точка в данных: получает от 1 плательщ. (639 тыс ₸); исходящих ≥5 тыс ₸ нет,3,False,False,1,0,1,0,6,0,638905.0,0.0,1.0,0.0,1,0,0,0,0.00057068,0.0,1,0,0,0.0,0.0,0.8959,0.0,
100000004588479100,terminal,0.6169,4,0.2958,500,Конечная точка в данных: получает от 1 плательщ. (178 тыс ₸); повтор. маршрутов: 1; исходящих ≥5 тыс ₸ нет,1,False,False,1,1,1,0,2,0,177633.0,0.0,1.0,0.0,1,0,0,1,0.00030467,0.0,1,0,0,0.0,0.0,0.6497,0.0,
100000000607941100,peripheral,0.5412,4,0.2953,501,"Периферия, явных признаков нет: деньги от 2 seed; получает от 2 плательщ. (50 тыс ₸); платит 1 получат. (70 тыс ₸); отдаёт в 1.4 раза больше видимого входа; 29% уходит ≤2 дн. после поступления",2,False,False,2,0,2,1,3,4,50000.0,70000.0,0.0,0.2857,1,0,0,0,0.00057857,5.766e-05,1,0,0,0.731,0.5835,0.5683,0.8525,
100000005614315100,terminal,0.6474,4,0.2952,502,Конечная точка в данных: получает от 1 плательщ. (455 тыс ₸); исходящих ≥5 тыс ₸ нет,2,False,False,1,0,1,0,1,0,455000.0,0.0,1.0,0.0,1,0,0,0,0.00057509,0.0,0,0,0,0.0,0.0,0.8113,0.0,
100000004674799100,terminal,0.6082,2,0.2951,503,Конечная точка в данных: получает от 1 плательщ. (140 тыс ₸); повтор. маршрутов: 1; исходящих ≥5 тыс ₸ нет,2,False,False,1,0,1,0,5,0,140000.0,0.0,1.0,0.0,1,0,0,1,0.00079067,0.0,1,0,0,0.0,0.0,0.59,0.0,
100000008011159100,peripheral,0.4666,23,0.2951,504,"Периферия, явных признаков нет: получает от 3 плательщ. (363 тыс ₸); платит 5 получат. (153 тыс ₸); отдаёт дальше 42% полученного; 36% уходит ≤2 дн. после поступления",2,False,False,1,0,3,5,6,5,363000.0,153037.0,0.5784,0.3594,1,0,0,0,0.00048611,0.00012211,1,1,1,0.8503,0.9002,0.8308,0.8959,
100000008531186100,terminal,0.6542,3,0.295,505,Конечная точка в данных: деньги от 3 seed; получает от 1 плательщ. (125 тыс ₸); исходящих ≥5 тыс ₸ нет,2,False,False,3,0,1,0,1,0,125000.0,0.0,1.0,0.0,1,0,0,0,0.00036196,0.0,1,0,0,0.0,0.0,0.5792,0.0,
100000008728457100,terminal,0.6318,1,0.2946,506,Конечная точка в данных: деньги от 4 seed (1 напрямую); получает от 1 плательщ. (45 тыс ₸); исходящих ≥5 тыс ₸ нет,1,False,False,4,1,1,0,1,0,45000.0,0.0,1.0,0.0,1,0,0,0,0.00029239,0.0,1,0,0,0.0,0.0,0.3461,0.0,
100000003131016100,peripheral,0.688,2,0.294,507,"Периферия, явных признаков нет: получает от 1 плательщ. (406 тыс ₸); платит 1 получат. (126 тыс ₸); отдаёт дальше 31% полученного; 33% уходит ≤2 дн. после поступления; повтор. маршрутов: 1",2,False,False,1,0,1,1,7,4,405700.0,126000.0,0.6894,0.3254,1,1,0,1,0.00167746,0.0,1,1,0,0.0,0.5835,0.8395,0.0,
100000003097324100,terminal,0.7004,11,0.2937,508,Конечная точка в данных: деньги от 2 seed; получает от 2 плательщ. (294 тыс ₸); исходящих ≥5 тыс ₸ нет,3,False,False,2,0,2,0,2,0,294000.0,0.0,1.0,0.0,2,0,0,0,0.00032601,0.0,2,0,0,0.8414,0.0,0.7576,0.0,
100000005857058100,consolidator,0.3525,4,0.2937,509,Признаки консолидации: деньги от 3 seed; получает от 3 плательщ. (80 тыс ₸); по числу плательщиков выше 95% узлов 3-го колена; исходящих ≥5 тыс ₸ нет,3,False,False,3,0,3,0,3,0,80222.0,0.0,1.0,0.0,1,0,0,0,0.00038993,0.0,2,0,2,0.953,0.0,0.4848,0.0,in_degree
100000008038077100,terminal,0.6999,23,0.2936,510,Конечная точка в данных: деньги от 3 seed; получает от 1 плательщ. (500 тыс ₸); исходящих ≥5 тыс ₸ нет,3,False,False,3,0,1,0,2,0,499850.0,0.0,1.0,0.0,1,0,0,0,0.00030177,0.0,1,0,0,0.0,0.0,0.8642,0.0,
100000007392365100,distributor,0.3316,30,0.2932,511,Признаки веерной раздачи: деньги от 2 seed; получает от 1 плательщ. (10 тыс ₸); платит 6 получат. (1.8 млн ₸); отдаёт в 183.7 раза больше видимого входа,3,False,False,2,0,1,6,1,9,9613.0,1765600.0,0.0,0.0,1,0,0,0,0.00028611,0.00011532,1,0,0,0.0,0.9721,0.9746,0.9594,"out_degree,volume,betweenness"
100000003116106100,terminal,0.6995,23,0.2931,512,Конечная точка в данных: деньги от 3 seed; получает от 1 плательщ. (494 тыс ₸); исходящих ≥5 тыс ₸ нет,3,False,False,3,0,1,0,2,0,494050.0,0.0,1.0,0.0,1,0,0,0,0.00030158,0.0,1,0,0,0.0,0.0,0.8591,0.0,
100000002945626100,terminal,0.7336,11,0.2923,513,Конечная точка в данных: получает от 3 плательщ. (584 тыс ₸); по числу плательщиков выше 95% узлов 3-го колена; исходящих ≥5 тыс ₸ нет,3,False,False,1,0,3,0,3,0,584000.0,0.0,1.0,0.0,2,0,0,0,0.00033776,0.0,3,0,0,0.953,0.0,0.8832,0.0,in_degree
100000000031787100,peripheral,0.5913,17,0.2922,514,"Периферия, явных признаков нет: получает от 1 плательщ. (90 тыс ₸); платит 2 получат. (90 тыс ₸); отдаёт дальше 100% полученного; 44% уходит ≤2 дн. после поступления; повтор. маршрутов: 4",2,False,False,1,0,1,2,2,4,90000.0,90000.0,0.0,0.4444,1,0,0,4,0.00043154,4e-07,1,1,0,0.0,0.7614,0.6486,0.6573,
100000002901457100,peripheral,0.5902,2,0.2913,515,"Периферия, явных признаков нет: деньги от 2 seed; получает от 1 плательщ. (340 тыс ₸); платит 3 получат. (119 тыс ₸); отдаёт дальше 35% полученного",3,False,False,2,0,1,3,1,3,340000.0,119000.0,0.65,0.0,1,1,0,0,0.00037427,7.569e-05,1,0,1,0.0,0.9124,0.8439,0.9429,
100000002548759100,terminal,0.7071,11,0.2909,516,Конечная точка в данных: деньги от 2 seed; получает от 2 плательщ. (375 тыс ₸); исходящих ≥5 тыс ₸ нет,3,False,False,2,0,2,0,2,0,375000.0,0.0,1.0,0.0,2,0,0,0,0.00030853,0.0,2,0,0,0.8414,0.0,0.8122,0.0,
100000003795588100,terminal,0.6443,2,0.2905,517,Конечная точка в данных: получает от 1 плательщ. (400 тыс ₸); повтор. маршрутов: 1; исходящих ≥5 тыс ₸ нет,3,False,False,1,0,1,0,2,0,400000.0,0.0,1.0,0.0,1,0,0,1,0.00032104,0.0,1,0,0,0.0,0.0,0.8236,0.0,
100000005530114100,peripheral,0.4764,10,0.2903,518,"Периферия, явных признаков нет: получает от 2 плательщ. (137 тыс ₸); платит 1 получат. (25 тыс ₸); отдаёт дальше 18% полученного; 100% уходит ≤2 дн. после поступления",3,False,False,1,0,2,1,2,1,136970.0,25000.0,0.8175,1.0,1,0,0,0,0.00049487,4.46e-06,1,1,1,0.8414,0.6409,0.6472,0.7221,
100000008532050100,terminal,0.6975,23,0.2902,519,Конечная точка в данных: деньги от 3 seed; получает от 1 плательщ. (455 тыс ₸); исходящих ≥5 тыс ₸ нет,3,False,False,3,0,1,0,1,0,455156.0,0.0,1.0,0.0,1,0,0,0,0.00030032,0.0,1,0,0,0.0,0.0,0.8426,0.0,
100000002433697100,peripheral,0.3103,23,0.2902,520,"Периферия, явных признаков нет: деньги от 3 seed; получает от 1 плательщ. (130 тыс ₸); платит 1 получат. (110 тыс ₸); отдаёт дальше 85% полученного; 100% уходит ≤2 дн. после поступления",3,False,False,3,0,1,1,1,1,130000.0,110000.0,0.1538,1.0,1,0,0,0,0.00028978,1.922e-05,1,0,0,0.0,0.6409,0.7183,0.7297,
100000003886323100,peripheral,0.7434,4,0.2901,521,"Периферия, явных признаков нет: получает от 2 плательщ. (78 тыс ₸); платит 1 получат. (8 тыс ₸); отдаёт дальше 10% полученного; повтор. маршрутов: 1",1,False,False,1,1,2,1,6,1,78168.0,7650.0,0.9021,0.0,1,0,0,1,0.00180484,1.922e-05,1,0,0,0.6624,0.6476,0.518,0.7558,
100000002527114100,distributor,0.8537,35,0.2899,522,"Признаки веерной раздачи: получает от 3 плательщ. (129 тыс ₸); платит 111 получат. (3.3 млн ₸); по числу получателей больше всех seed; 45% уходит ≤2 дн. после поступления; seed, входящие занижены",0,True,False,0,0,3,111,4,113,129000.0,3289249.0,,0.4464,1,0,0,0,0.00081111,0.00019339,1,1,0,0.8375,1.0,0.925,0.9375,out_degree
100000003798151100,terminal,0.6404,4,0.2899,523,Конечная точка в данных: получает от 1 плательщ. (350 тыс ₸); исходящих ≥5 тыс ₸ нет,2,False,False,1,0,1,0,3,0,350000.0,0.0,1.0,0.0,1,0,0,0,0.00057539,0.0,0,0,0,0.0,0.0,0.7657,0.0,
100000002958343100,peripheral,0.6631,17,0.2896,524,"Периферия, явных признаков нет: получает от 1 плательщ. (2.9 млн ₸); платит 2 получат. (1.4 млн ₸); отдаёт дальше 48% полученного; по обороту выше 97% узлов 2-го колена; повтор. маршрутов: 2",2,False,False,1,0,1,2,4,17,2900000.0,1390000.0,0.5207,0.1079,1,0,1,2,0.00062951,4e-07,1,1,0,0.0,0.7614,0.974,0.6573,volume
100000003831324100,terminal,0.677,17,0.2895,525,Конечная точка в данных: получает от 2 плательщ. (300 тыс ₸); исходящих ≥5 тыс ₸ нет,1,False,False,1,1,2,0,2,0,300000.0,0.0,1.0,0.0,1,0,0,0,0.00031519,0.0,2,0,1,0.6624,0.0,0.7473,0.0,
100000000976943100,peripheral,0.6472,0,0.2895,526,"Периферия, явных признаков нет: получает от 1 плательщ. (70 тыс ₸); платит 1 получат. (84 тыс ₸); отдаёт в 1.2 раза больше видимого входа; 13% уходит ≤2 дн. после поступления; повтор. маршрутов: 2",3,False,False,1,0,1,1,1,3,70000.0,84000.0,0.0,0.131,1,0,0,2,0.00037346,2.18e-05,1,0,0,0.0,0.6409,0.6371,0.8541,
100000008192264100,peripheral,0.3358,23,0.2892,527,"Периферия, явных признаков нет: деньги от 3 seed; получает от 1 плательщ. (163 тыс ₸); платит 1 получат. (188 тыс ₸); отдаёт в 1.2 раза больше видимого входа; 87% уходит ≤2 дн. после поступления",3,False,False,3,0,1,1,1,2,162810.0,187910.0,0.0,0.875,1,0,0,0,0.00029085,1.922e-05,1,0,0,0.0,0.6409,0.7957,0.7297,
100000002738256100,peripheral,0.35,8,0.2886,528,"Периферия, явных признаков нет: получает от 1 плательщ. (150 тыс ₸); платит 1 получат. (175 тыс ₸); отдаёт в 1.2 раза больше видимого входа; 100% уходит ≤2 дн. после поступления",2,False,False,1,0,1,1,1,1,150200.0,175000.0,0.0,1.0,1,0,0,0,0.00050731,0.0,1,1,0,0.0,0.5835,0.7527,0.0,
100000005546031100,peripheral,0.5144,41,0.2882,529,"Периферия, явных признаков нет: получает от 3 плательщ. (67 тыс ₸); платит 1 получат. (8 тыс ₸); отдаёт дальше 12% полученного; 100% уходит ≤2 дн. после поступления",1,False,False,1,1,3,1,6,1,66800.0,8000.0,0.8802,1.0,2,0,0,0,0.00071253,5.9e-07,0,0,0,0.8429,0.6476,0.4735,0.6921,
100000002733905100,peripheral,0.5743,35,0.2881,530,"Периферия, явных признаков нет: получает от 3 плательщ. (100 тыс ₸); платит 2 получат. (718 тыс ₸); отдаёт в 7.2 раза больше видимого входа; 33% уходит ≤2 дн. после поступления; повтор. маршрутов: 1",2,False,False,1,0,3,2,5,3,100000.0,717839.0,0.0,0.3274,2,0,1,1,0.00291696,1.78e-06,1,0,0,0.8503,0.7614,0.8764,0.7007,
100000003050771100,terminal,0.6518,3,0.288,531,Конечная точка в данных: деньги от 2 seed; получает от 1 плательщ. (229 тыс ₸); исходящих ≥5 тыс ₸ нет,3,False,False,2,0,1,0,1,0,229000.0,0.0,1.0,0.0,1,0,0,0,0.00037034,0.0,1,0,0,0.0,0.0,0.7043,0.0,
100000006492770100,peripheral,0.4647,30,0.288,532,"Периферия, явных признаков нет: деньги от 2 seed; получает от 1 плательщ. (269 тыс ₸); платит 1 получат. (20 тыс ₸); отдаёт дальше 7% полученного; 100% уходит ≤2 дн. после поступления",3,False,False,2,0,1,1,1,1,269000.0,20000.0,0.9257,1.0,1,0,0,0,0.00030072,1.922e-05,1,0,0,0.0,0.6409,0.7563,0.7297,
100000000961900100,terminal,0.5872,3,0.2879,533,Конечная точка в данных: получает от 2 плательщ. (36 тыс ₸); повтор. маршрутов: 4; исходящих ≥5 тыс ₸ нет,1,False,False,1,1,2,0,3,0,36000.0,0.0,1.0,0.0,1,0,0,4,0.00029432,0.0,2,0,0,0.6624,0.0,0.2824,0.0,
100000006534886100,peripheral,0.5824,4,0.2877,534,"Периферия, явных признаков нет: получает от 1 плательщ. (72 тыс ₸); платит 1 получат. (168 тыс ₸); отдаёт в 2.3 раза больше видимого входа; 48% уходит ≤2 дн. после поступления; повтор. маршрутов: 1",2,False,False,1,0,1,1,5,8,71700.0,167500.0,0.0,0.4836,1,1,0,1,0.0011277,0.0,1,1,0,0.0,0.5835,0.7158,0.0,
100000008237827100,terminal,0.6269,9,0.2874,535,Конечная точка в данных: деньги от 4 seed (1 напрямую); получает от 1 плательщ. (40 тыс ₸); исходящих ≥5 тыс ₸ нет,1,False,False,4,1,1,0,1,0,40001.0,0.0,1.0,0.0,1,0,0,0,0.00029358,0.0,1,0,0,0.0,0.0,0.3163,0.0,
100000006789108100,terminal,0.6236,1,0.2873,536,Конечная точка в данных: деньги от 4 seed (1 напрямую); получает от 1 плательщ. (38 тыс ₸); исходящих ≥5 тыс ₸ нет,1,False,False,4,1,1,0,1,0,37500.0,0.0,1.0,0.0,1,0,0,0,0.00029126,0.0,1,0,0,0.0,0.0,0.2866,0.0,
100000008708207100,terminal,0.688,11,0.2873,537,Конечная точка в данных: получает от 2 плательщ. (465 тыс ₸); исходящих ≥5 тыс ₸ нет,3,False,False,1,0,2,0,2,0,465000.0,0.0,1.0,0.0,2,0,0,0,0.00035979,0.0,2,0,0,0.8414,0.0,0.8503,0.0,
100000002633108100,terminal,0.638,13,0.2872,538,Конечная точка в данных: получает от 1 плательщ. (320 тыс ₸); повтор. маршрутов: 1; исходящих ≥5 тыс ₸ нет,3,False,False,1,0,1,0,3,0,320000.0,0.0,1.0,0.0,1,0,0,1,0.00037602,0.0,1,0,0,0.0,0.0,0.7779,0.0,
100000008647905100,peripheral,0.3864,15,0.2867,539,"Периферия, явных признаков нет: получает от 1 плательщ. (50 тыс ₸); платит 2 получат. (344 тыс ₸); отдаёт в 6.9 раза больше видимого входа; 67% уходит ≤2 дн. после поступления",2,False,False,1,0,1,2,1,2,50000.0,344222.0,0.0,0.6705,1,0,0,0,0.00032871,3.844e-05,0,0,0,0.0,0.7614,0.7874,0.8178,
100000000764836100,peripheral,0.6234,2,0.2864,540,"Периферия, явных признаков нет: получает от 1 плательщ. (252 тыс ₸); платит 2 получат. (50 тыс ₸); отдаёт дальше 20% полученного; 50% уходит ≤2 дн. после поступления",3,False,False,1,0,1,2,1,2,251716.0,50000.0,0.8014,0.5,1,0,0,0,0.00033678,3.844e-05,1,0,0,0.0,0.8363,0.7652,0.8731,
100000003031890100,terminal,0.6252,6,0.2862,541,Конечная точка в данных: получает от 1 плательщ. (215 тыс ₸); повтор. маршрутов: 1; исходящих ≥5 тыс ₸ нет,2,False,False,1,0,1,0,10,0,215000.0,0.0,1.0,0.0,1,0,0,1,0.00039212,0.0,1,0,0,0.0,0.0,0.692,0.0,
100000002826669100,terminal,0.613,2,0.2862,542,Конечная точка в данных: получает от 1 плательщ. (160 тыс ₸); повтор. маршрутов: 1; исходящих ≥5 тыс ₸ нет,2,False,False,1,0,1,0,4,0,159900.0,0.0,1.0,0.0,1,0,0,1,0.00047624,0.0,1,0,0,0.0,0.0,0.6269,0.0,
100000008732488100,peripheral,0.465,2,0.2861,543,"Периферия, явных признаков нет: получает от 1 плательщ. (137 тыс ₸); платит 1 получат. (10 тыс ₸); отдаёт дальше 7% полученного; 100% уходит ≤2 дн. после поступления",3,False,False,1,0,1,1,1,1,137000.0,10000.0,0.927,1.0,1,0,0,0,0.00031344,1.922e-05,1,0,0,0.0,0.6409,0.6142,0.7297,
100000003057225100,terminal,0.6284,4,0.286,544,Конечная точка в данных: получает от 1 плательщ. (236 тыс ₸); исходящих ≥5 тыс ₸ нет,1,False,False,1,1,1,0,1,0,236000.0,0.0,1.0,0.0,1,0,0,0,0.00031094,0.0,1,0,0,0.0,0.0,0.7134,0.0,
100000000413678100,peripheral,0.5047,27,0.2858,545,"Периферия, явных признаков нет: деньги от 3 seed; получает от 2 плательщ. (306 тыс ₸); платит 3 получат. (528 тыс ₸); отдаёт в 1.7 раза больше видимого входа; 15% уходит ≤2 дн. после поступления",3,False,False,3,0,2,3,2,18,306500.0,528198.0,0.0,0.1477,2,0,0,0,0.0003007,5.766e-05,2,0,1,0.8414,0.9124,0.9251,0.9175,
100000005093521100,terminal,0.5753,9,0.2857,546,Конечная точка в данных: деньги от 4 seed (1 напрямую); получает от 1 плательщ. (15 тыс ₸); повтор. маршрутов: 2; исходящих ≥5 тыс ₸ нет,1,False,False,4,1,1,0,1,0,15200.0,0.0,1.0,0.0,1,0,0,2,0.00028861,0.0,1,0,0,0.0,0.0,0.0701,0.0,
100000002593344100,terminal,0.686,11,0.2854,547,Конечная точка в данных: получает от 2 плательщ. (431 тыс ₸); исходящих ≥5 тыс ₸ нет,3,False,False,1,0,2,0,2,0,431000.0,0.0,1.0,0.0,2,0,0,0,0.00035896,0.0,2,0,0,0.8414,0.0,0.835,0.0,
100000005394708100,peripheral,0.3467,15,0.2853,548,"Периферия, явных признаков нет: получает от 1 плательщ. (26 тыс ₸); платит 1 получат. (65 тыс ₸); отдаёт в 2.5 раза больше видимого входа; 100% уходит ≤2 дн. после поступления",1,False,False,1,1,1,1,1,1,26000.0,65000.0,0.0,1.0,1,1,0,0,0.00034518,2e-07,0,1,0,0.0,0.6476,0.535,0.6624,
100000006901046100,peripheral,0.5355,4,0.2848,549,"Периферия, явных признаков нет: получает от 1 плательщ. (76 тыс ₸); платит 1 получат. (6 тыс ₸); отдаёт дальше 7% полученного; 100% уходит ≤2 дн. после поступления",2,False,False,1,0,1,1,3,1,75800.0,5500.0,0.9274,1.0,1,0,0,0,0.00299988,0.0,0,0,0,0.0,0.5835,0.4685,0.0,
100000007939160100,peripheral,0.6717,19,0.2847,550,"Периферия, явных признаков нет: получает от 1 плательщ. (795 тыс ₸); платит 2 получат. (14 тыс ₸); отдаёт дальше 2% полученного; повтор. маршрутов: 1",1,False,False,1,1,1,2,2,2,795000.0,14300.0,0.982,0.0,1,0,0,1,0.00066535,4e-07,1,1,0,0.0,0.7834,0.9002,0.6794,
100000001009583100,terminal,0.6935,23,0.2846,551,Конечная точка в данных: деньги от 3 seed; получает от 1 плательщ. (394 тыс ₸); исходящих ≥5 тыс ₸ нет,3,False,False,3,0,1,0,1,0,393740.0,0.0,1.0,0.0,1,0,0,0,0.00029833,0.0,1,0,0,0.0,0.0,0.8185,0.0,
100000005523088100,terminal,0.8058,4,0.2845,552,"Конечная точка в данных: деньги от 7 seed (1 напрямую); получает от 1 плательщ. (700 тыс ₸); исходящих ≥5 тыс ₸ нет; seed, входящие занижены",0,True,False,7,1,1,0,2,0,700000.0,0.0,,0.0,1,0,0,0,0.00172064,0.0,0,0,0,0.525,0.0,0.725,0.0,
100000004097972100,peripheral,0.6463,2,0.2843,553,"Периферия, явных признаков нет: деньги от 2 seed; получает от 1 плательщ. (119 тыс ₸); платит 2 получат. (10 тыс ₸); отдаёт дальше 8% полученного; 50% уходит ≤2 дн. после поступления",3,False,False,2,0,1,2,1,2,118878.0,10000.0,0.9159,0.5,1,0,0,0,0.00031658,3.844e-05,1,0,0,0.0,0.8363,0.5888,0.8731,
100000005475379100,peripheral,0.6942,0,0.284,554,"Периферия, явных признаков нет: получает от 1 плательщ. (108 тыс ₸); платит 3 получат. (81 тыс ₸); отдаёт дальше 75% полученного; повтор. маршрутов: 1",3,False,False,1,0,1,3,1,3,108370.0,81000.0,0.2526,0.0,1,0,0,1,0.00042164,6.539e-05,1,0,0,0.0,0.9124,0.6751,0.9365,
100000004715209100,distributor,0.299,25,0.2839,555,Признаки веерной раздачи: получает от 1 плательщ. (5 тыс ₸); платит 5 получат. (350 тыс ₸); отдаёт в 70.1 раза больше видимого входа; по числу получателей выше 95% узлов 3-го колена,3,False,False,1,0,1,5,1,17,5000.0,350450.0,0.0,0.1278,1,0,0,1,0.00028754,7.767e-05,1,1,0,0.0,0.9569,0.8033,0.9467,out_degree
100000002255058100,terminal,0.6494,9,0.2837,556,Конечная точка в данных: получает от 1 плательщ. (492 тыс ₸); исходящих ≥5 тыс ₸ нет,3,False,False,1,0,1,0,2,0,491500.0,0.0,1.0,0.0,1,0,0,0,0.00042613,0.0,0,0,0,0.0,0.0,0.8579,0.0,
100000003171006100,terminal,0.689,11,0.2837,557,Конечная точка в данных: получает от 2 плательщ. (485 тыс ₸); исходящих ≥5 тыс ₸ нет,3,False,False,1,0,2,0,2,0,485000.0,0.0,1.0,0.0,2,0,0,0,0.00033497,0.0,2,0,0,0.8414,0.0,0.8553,0.0,
100000008427027100,terminal,0.637,9,0.2835,558,Конечная точка в данных: получает от 1 плательщ. (300 тыс ₸); исходящих ≥5 тыс ₸ нет,3,False,False,1,0,1,0,1,0,300000.0,0.0,1.0,0.0,1,0,0,0,0.00055126,0.0,0,0,0,0.0,0.0,0.7602,0.0,
100000008751380100,terminal,0.7049,11,0.2835,559,Конечная точка в данных: деньги от 2 seed; получает от 2 плательщ. (346 тыс ₸); исходящих ≥5 тыс ₸ нет,3,False,False,2,0,2,0,2,0,345780.0,0.0,1.0,0.0,1,0,0,0,0.00031276,0.0,2,0,0,0.8414,0.0,0.7893,0.0,
100000003016438100,peripheral,0.4085,11,0.2833,560,"Периферия, явных признаков нет: получает от 1 плательщ. (200 тыс ₸); платит 1 получат. (300 тыс ₸); отдаёт в 1.5 раза больше видимого входа; 67% уходит ≤2 дн. после поступления",3,False,False,1,0,1,1,1,3,200000.0,300000.0,0.0,0.6667,1,0,0,0,0.00031668,2.14e-05,1,0,0,0.0,0.6409,0.8655,0.8439,
100000002697752100,terminal,0.6849,2,0.2833,561,Конечная точка в данных: деньги от 2 seed; получает от 2 плательщ. (191 тыс ₸); исходящих ≥5 тыс ₸ нет,3,False,False,2,0,2,0,2,0,190785.0,0.0,1.0,0.0,1,0,0,0,0.00032958,0.0,2,0,0,0.8414,0.0,0.6789,0.0,
100000003254723100,terminal,0.658,27,0.2832,562,Конечная точка в данных: деньги от 2 seed; получает от 1 плательщ. (270 тыс ₸); исходящих ≥5 тыс ₸ нет,2,False,False,2,0,1,0,6,0,269850.0,0.0,1.0,0.0,1,0,0,0,0.00053004,0.0,0,0,0,0.0,0.0,0.7375,0.0,
100000001904863100,terminal,0.6507,13,0.2832,563,Конечная точка в данных: получает от 1 плательщ. (500 тыс ₸); исходящих ≥5 тыс ₸ нет,2,False,False,1,0,1,0,1,0,500000.0,0.0,1.0,0.0,1,0,0,0,0.0004818,0.0,0,0,0,0.0,0.0,0.8243,0.0,
100000000913911100,peripheral,0.6336,9,0.2831,564,"Периферия, явных признаков нет: получает от 2 плательщ. (467 тыс ₸); платит 1 получат. (600 тыс ₸); отдаёт в 1.3 раза больше видимого входа; повтор. маршрутов: 1",2,False,False,1,0,2,1,2,1,467000.0,600000.0,0.0,0.0,2,0,0,1,0.00045944,1.942e-05,1,0,1,0.731,0.5835,0.898,0.7549,
100000008665380100,peripheral,0.4269,30,0.2826,565,"Периферия, явных признаков нет: деньги от 2 seed (1 напрямую); получает от 2 плательщ. (69 тыс ₸); платит 1 получат. (18 тыс ₸); отдаёт дальше 26% полученного; 100% уходит ≤2 дн. после поступления",1,False,False,2,1,2,1,2,1,69100.0,18200.0,0.7366,1.0,1,0,0,0,0.00029077,1.922e-05,2,0,1,0.6624,0.6476,0.5244,0.7558,
100000001690558100,terminal,0.6568,15,0.2824,566,Конечная точка в данных: получает от 1 плательщ. (740 тыс ₸); исходящих ≥5 тыс ₸ нет,3,False,False,1,0,1,0,1,0,740000.0,0.0,1.0,0.0,1,0,0,0,0.00041212,0.0,1,0,0,0.0,0.0,0.9036,0.0,
100000003832231100,terminal,0.6211,9,0.2821,567,Конечная точка в данных: деньги от 4 seed (1 напрямую); получает от 1 плательщ. (35 тыс ₸); исходящих ≥5 тыс ₸ нет,1,False,False,4,1,1,0,1,0,35000.0,0.0,1.0,0.0,1,0,0,0,0.00029258,0.0,1,0,0,0.0,0.0,0.2696,0.0,
100000004744306100,peripheral,0.6831,15,0.2816,568,"Периферия, явных признаков нет: получает от 1 плательщ. (69 тыс ₸); платит 2 получат. (92 тыс ₸); отдаёт в 1.3 раза больше видимого входа",1,False,False,1,1,1,2,1,3,69000.0,92000.0,0.0,0.0,1,2,0,0,0.00046078,3.923e-05,0,1,0,0.0,0.7834,0.6306,0.8259,
100000000769919100,terminal,0.6309,38,0.2814,569,Конечная точка в данных: получает от 1 плательщ. (250 тыс ₸); повтор. маршрутов: 1; исходящих ≥5 тыс ₸ нет,2,False,False,1,0,1,0,1,0,250000.0,0.0,1.0,0.0,1,0,0,1,0.00073545,0.0,0,0,0,0.0,0.0,0.7245,0.0,
100000005664632100,terminal,0.6465,9,0.2814,570,Конечная точка в данных: деньги от 2 seed; получает от 1 плательщ. (199 тыс ₸); исходящих ≥5 тыс ₸ нет,2,False,False,2,0,1,0,18,0,198620.0,0.0,1.0,0.0,1,0,0,0,0.00036514,0.0,0,0,0,0.0,0.0,0.6703,0.0,
100000008295429100,terminal,0.6906,23,0.2814,571,Конечная точка в данных: деньги от 3 seed; получает от 1 плательщ. (352 тыс ₸); исходящих ≥5 тыс ₸ нет,3,False,False,3,0,1,0,1,0,352000.0,0.0,1.0,0.0,1,0,0,0,0.00029698,0.0,1,0,0,0.0,0.0,0.8008,0.0,
100000008356606100,terminal,0.6556,4,0.2811,572,Конечная точка в данных: получает от 2 плательщ. (168 тыс ₸); исходящих ≥5 тыс ₸ нет,2,False,False,1,0,2,0,2,0,168500.0,0.0,1.0,0.0,1,0,0,0,0.00062679,0.0,0,0,0,0.731,0.0,0.6464,0.0,
100000008244300100,consolidator,0.3078,3,0.281,573,Признаки консолидации: получает от 5 плательщ. (65 тыс ₸); по числу плательщиков выше 97% узлов 1-го колена; исходящих ≥5 тыс ₸ нет,1,False,False,1,1,5,0,6,0,65430.0,0.0,1.0,0.0,1,0,0,0,0.00047937,0.0,3,0,2,0.9703,0.0,0.4437,0.0,in_degree
100000002947299100,terminal,0.6374,3,0.2803,574,Конечная точка в данных: деньги от 3 seed; получает от 1 плательщ. (85 тыс ₸); исходящих ≥5 тыс ₸ нет,2,False,False,3,0,1,0,1,0,85000.0,0.0,1.0,0.0,1,0,0,0,0.00033751,0.0,1,0,0,0.0,0.0,0.4881,0.0,
100000004398811100,peripheral,0.5979,9,0.2801,575,"Периферия, явных признаков нет: получает от 1 плательщ. (426 тыс ₸); платит 3 получат. (1.0 млн ₸); отдаёт в 2.4 раза больше видимого входа; 39% уходит ≤2 дн. после поступления; повтор. маршрутов: 1",2,False,False,1,0,1,3,1,4,426000.0,1040672.0,0.0,0.3949,1,0,0,1,0.00034969,1.49e-06,1,1,0,0.0,0.8395,0.9197,0.6941,
100000006100920100,terminal,0.5969,3,0.2801,576,Конечная точка в данных: получает от 1 плательщ. (100 тыс ₸); повтор. маршрутов: 2; исходящих ≥5 тыс ₸ нет,3,False,False,1,0,1,0,1,0,100000.0,0.0,1.0,0.0,1,0,0,2,0.00032651,0.0,1,0,0,0.0,0.0,0.5317,0.0,
100000008223756100,terminal,0.7038,27,0.2801,577,Конечная точка в данных: деньги от 2 seed; получает от 2 плательщ. (332 тыс ₸); исходящих ≥5 тыс ₸ нет,3,False,False,2,0,2,0,2,0,331682.0,0.0,1.0,0.0,1,0,0,0,0.00035628,0.0,2,0,1,0.8414,0.0,0.783,0.0,
100000008625905100,peripheral,0.6818,4,0.28,578,"Периферия, явных признаков нет: получает от 1 плательщ. (198 тыс ₸); платит 2 получат. (635 тыс ₸); отдаёт в 3.2 раза больше видимого входа",3,False,False,1,0,1,2,1,2,197800.0,635000.0,0.0,0.0,1,0,0,0,0.00054531,3.963e-05,1,0,0,0.0,0.8363,0.9239,0.9036,
100000004019124100,consolidator,0.4721,4,0.2799,579,"Признаки консолидации: деньги от 5 seed (2 напрямую); получает от 3 плательщ. (193 тыс ₸); исходящих ≥5 тыс ₸ нет; seed, входящие занижены",0,True,False,5,2,3,0,3,0,193000.0,0.0,,0.0,1,0,0,0,0.00120287,0.0,1,0,0,0.8375,0.0,0.6125,0.0,
100000007647294100,terminal,0.6428,20,0.2798,580,Конечная точка в данных: получает от 1 плательщ. (385 тыс ₸); исходящих ≥5 тыс ₸ нет,3,False,False,1,0,1,0,1,0,385000.0,0.0,1.0,0.0,1,0,0,0,0.00057922,0.0,1,0,0,0.0,0.0,0.8147,0.0,
100000002989353100,peripheral,0.4188,16,0.2793,581,"Периферия, явных признаков нет: получает от 1 плательщ. (500 тыс ₸); платит 2 получат. (321 тыс ₸); отдаёт дальше 64% полученного; 93% уходит ≤2 дн. после поступления",3,False,False,1,0,1,2,2,2,500000.0,321160.0,0.3577,0.9341,1,0,0,0,0.00030939,2.77e-06,1,0,0,0.0,0.8363,0.9226,0.7132,
100000001927599100,terminal,0.6843,17,0.2793,582,Конечная точка в данных: деньги от 2 seed; получает от 2 плательщ. (188 тыс ₸); исходящих ≥5 тыс ₸ нет,3,False,False,2,0,2,0,2,0,188000.0,0.0,1.0,0.0,2,0,0,0,0.00032726,0.0,2,0,1,0.8414,0.0,0.6739,0.0,
100000005031696100,peripheral,0.6335,9,0.2792,583,"Периферия, явных признаков нет: деньги от 2 seed; получает от 1 плательщ. (5 тыс ₸); платит 2 получат. (115 тыс ₸); отдаёт в 23.0 раза больше видимого входа; 4% уходит ≤2 дн. после поступления",2,False,False,2,0,1,2,1,3,5000.0,115000.0,0.0,0.0435,1,0,0,0,0.00053971,9.59e-05,0,0,0,0.0,0.7614,0.5683,0.8785,
100000004417753100,terminal,0.6602,2,0.2789,584,Конечная точка в данных: получает от 2 плательщ. (192 тыс ₸); исходящих ≥5 тыс ₸ нет,3,False,False,1,0,2,0,2,0,192099.0,0.0,1.0,0.0,2,0,0,0,0.00039315,0.0,2,0,0,0.8414,0.0,0.6815,0.0,
100000008619857100,coordinator,0.4411,30,0.2789,585,Связующий узел между хабами: связан с 1+2 хабами (вход+выход); деньги от 2 seed; получает от 1 плательщ. (29 тыс ₸); платит 2 получат. (13 тыс ₸); отдаёт дальше 45% полученного,3,False,False,2,0,1,2,1,2,29000.0,13000.0,0.5517,0.6154,1,1,0,0,0.0002872,1.76e-06,1,2,1,0.0,0.8363,0.3503,0.7094,
100000002956779100,terminal,0.6448,9,0.2788,586,Конечная точка в данных: получает от 1 плательщ. (411 тыс ₸); исходящих ≥5 тыс ₸ нет,3,False,False,1,0,1,0,1,0,411000.0,0.0,1.0,0.0,1,0,0,0,0.00040311,0.0,0,0,0,0.0,0.0,0.8274,0.0,
100000002883402100,terminal,0.742,11,0.2785,587,Конечная точка в данных: деньги от 2 seed; получает от 3 плательщ. (300 тыс ₸); по числу плательщиков выше 95% узлов 3-го колена; исходящих ≥5 тыс ₸ нет,3,False,False,2,0,3,0,3,0,300000.0,0.0,1.0,0.0,1,0,0,0,0.00030066,0.0,3,0,2,0.953,0.0,0.7602,0.0,in_degree
100000002799941100,terminal,0.6544,15,0.2784,588,Конечная точка в данных: получает от 1 плательщ. (600 тыс ₸); исходящих ≥5 тыс ₸ нет,3,False,False,1,0,1,0,1,0,600000.0,0.0,1.0,0.0,1,0,0,0,0.00038818,0.0,1,0,0,0.0,0.0,0.8883,0.0,
100000002632742100,terminal,0.6932,11,0.2783,589,Конечная точка в данных: деньги от 2 seed; получает от 2 плательщ. (236 тыс ₸); исходящих ≥5 тыс ₸ нет,3,False,False,2,0,2,0,2,0,235500.0,0.0,1.0,0.0,1,0,0,0,0.00031756,0.0,2,0,0,0.8414,0.0,0.7132,0.0,
100000002432143100,terminal,0.6354,3,0.2782,590,Конечная точка в данных: деньги от 3 seed; получает от 1 плательщ. (81 тыс ₸); исходящих ≥5 тыс ₸ нет,2,False,False,3,0,1,0,1,0,81310.0,0.0,1.0,0.0,1,0,0,0,0.00033526,0.0,1,0,0,0.0,0.0,0.4707,0.0,
100000000288317100,peripheral,0.6027,2,0.2781,591,"Периферия, явных признаков нет: получает от 2 плательщ. (100 тыс ₸); платит 3 получат. (54 тыс ₸); отдаёт дальше 54% полученного; 31% уходит ≤2 дн. после поступления; повтор. маршрутов: 1",3,False,False,1,0,2,3,2,3,100000.0,53500.0,0.465,0.3084,1,0,0,1,0.00031283,5.826e-05,2,0,0,0.8414,0.9124,0.6358,0.9239,
100000006424479100,peripheral,0.6429,42,0.2778,592,"Периферия, явных признаков нет: деньги от 2 seed; получает от 1 плательщ. (500 тыс ₸); платит 2 получат. (220 тыс ₸); отдаёт дальше 44% полученного",2,False,False,2,0,1,2,2,3,500000.0,220000.0,0.56,0.0,1,0,0,0,0.00094382,7.312e-05,0,0,0,0.0,0.7614,0.8655,0.8677,
100000008775471100,terminal,0.6535,11,0.2777,593,Конечная точка в данных: получает от 1 плательщ. (580 тыс ₸); исходящих ≥5 тыс ₸ нет,3,False,False,1,0,1,0,2,0,580000.0,0.0,1.0,0.0,1,0,0,0,0.00035838,0.0,1,0,0,0.0,0.0,0.882,0.0,
100000000569479100,terminal,0.638,2,0.2773,594,Конечная точка в данных: получает от 1 плательщ. (320 тыс ₸); исходящих ≥5 тыс ₸ нет,3,False,False,1,0,1,0,1,0,320000.0,0.0,1.0,0.0,1,0,0,0,0.00039495,0.0,1,0,0,0.0,0.0,0.7779,0.0,
100000003062895100,terminal,0.6784,11,0.277,595,Конечная точка в данных: получает от 2 плательщ. (328 тыс ₸); исходящих ≥5 тыс ₸ нет,2,False,False,1,0,2,0,2,0,328444.0,0.0,1.0,0.0,1,0,0,0,0.00040765,0.0,2,0,1,0.731,0.0,0.757,0.0,
100000002257794100,terminal,0.6123,6,0.2767,596,Конечная точка в данных: получает от 1 плательщ. (154 тыс ₸); исходящих ≥5 тыс ₸ нет,3,False,False,1,0,1,0,1,0,154000.0,0.0,1.0,0.0,1,0,0,0,0.00086063,0.0,0,0,0,0.0,0.0,0.6371,0.0,
100000002556775100,terminal,0.687,23,0.2764,597,Конечная точка в данных: деньги от 3 seed; получает от 1 плательщ. (300 тыс ₸); исходящих ≥5 тыс ₸ нет,3,False,False,3,0,1,0,1,0,300000.0,0.0,1.0,0.0,1,0,0,0,0.00029529,0.0,1,0,0,0.0,0.0,0.7602,0.0,
100000003164661100,terminal,0.654,36,0.2758,598,Конечная точка в данных: получает от 1 плательщ. (596 тыс ₸); исходящих ≥5 тыс ₸ нет,3,False,False,1,0,1,0,3,0,596200.0,0.0,1.0,0.0,1,0,0,0,0.00060074,0.0,0,0,0,0.0,0.0,0.8858,0.0,
100000003920950100,terminal,0.6382,3,0.2756,599,Конечная точка в данных: получает от 1 плательщ. (323 тыс ₸); исходящих ≥5 тыс ₸ нет,3,False,False,1,0,1,0,1,0,323290.0,0.0,1.0,0.0,1,0,0,0,0.00039173,0.0,1,0,0,0.0,0.0,0.7805,0.0,
100000004905207100,terminal,0.6425,13,0.2752,600,Конечная точка в данных: получает от 1 плательщ. (380 тыс ₸); исходящих ≥5 тыс ₸ нет,2,False,False,1,0,1,0,1,0,380000.0,0.0,1.0,0.0,1,0,0,0,0.0004347,0.0,0,0,0,0.0,0.0,0.7809,0.0,
100000006687202100,terminal,0.5657,3,0.2746,601,Конечная точка в данных: получает от 1 плательщ. (50 тыс ₸); повтор. маршрутов: 2; исходящих ≥5 тыс ₸ нет,1,False,False,1,1,1,0,1,0,50000.0,0.0,1.0,0.0,1,0,0,2,0.00029495,0.0,1,0,0,0.0,0.0,0.3758,0.0,
100000003823811100,peripheral,0.6437,15,0.2746,602,"Периферия, явных признаков нет: деньги от 2 seed; получает от 1 плательщ. (30 тыс ₸); платит 3 получат. (66 тыс ₸); отдаёт в 2.2 раза больше видимого входа; повтор. маршрутов: 1",2,False,False,2,0,1,3,1,3,30000.0,66130.0,0.0,0.0,1,0,0,1,0.00035698,0.00012452,1,0,0,0.0,0.8395,0.5293,0.9002,
100000004997515100,peripheral,0.3821,11,0.2746,603,"Периферия, явных признаков нет: деньги от 2 seed; получает от 4 плательщ. (395 тыс ₸); платит 4 получат. (54 тыс ₸); отдаёт дальше 14% полученного; по числу плательщиков выше 98% узлов 3-го колена",3,False,False,2,0,4,4,4,4,395000.0,54500.0,0.862,0.0,1,0,0,0,0.00035662,8.956e-05,4,0,0,0.9873,0.9404,0.8414,0.953,"in_degree,betweenness"
100000002822472100,terminal,0.6973,16,0.2741,604,Конечная точка в данных: деньги от 2 seed; получает от 2 плательщ. (267 тыс ₸); исходящих ≥5 тыс ₸ нет,3,False,False,2,0,2,0,2,0,266722.0,0.0,1.0,0.0,1,0,0,0,0.00031224,0.0,2,0,1,0.8414,0.0,0.7398,0.0,
100000002692750100,peripheral,0.5748,21,0.2738,605,"Периферия, явных признаков нет: получает от 3 плательщ. (113 тыс ₸); платит 1 получат. (77 тыс ₸); отдаёт дальше 68% полученного; 16% уходит ≤2 дн. после поступления; повтор. маршрутов: 1",2,False,False,1,0,3,1,3,8,112830.0,77000.0,0.3176,0.1558,1,0,0,1,0.00201424,1.981e-05,2,0,1,0.8503,0.5835,0.6573,0.7722,
100000003603979100,terminal,0.6146,6,0.2738,606,Конечная точка в данных: получает от 1 плательщ. (165 тыс ₸); исходящих ≥5 тыс ₸ нет,2,False,False,1,0,1,0,3,0,165000.0,0.0,1.0,0.0,1,0,0,0,0.00058565,0.0,0,0,0,0.0,0.0,0.6377,0.0,
100000001641789100,terminal,0.5579,13,0.2737,607,Конечная точка в данных: деньги от 3 seed (1 напрямую); получает от 1 плательщ. (18 тыс ₸); исходящих ≥5 тыс ₸ нет,1,False,False,3,1,1,0,1,0,17826.0,0.0,1.0,0.0,1,0,0,0,0.00048958,0.0,1,0,0,0.0,0.0,0.1146,0.0,
100000000933075100,peripheral,0.3812,29,0.2737,608,"Периферия, явных признаков нет: получает от 1 плательщ. (40 тыс ₸); платит 2 получат. (55 тыс ₸); отдаёт в 1.4 раза больше видимого входа; 73% уходит ≤2 дн. после поступления",3,False,False,1,0,1,2,1,2,40000.0,55000.0,0.0,0.7273,1,0,0,0,0.0008087,2.14e-05,0,0,0,0.0,0.8363,0.5254,0.8439,
100000008555233100,terminal,0.6464,11,0.2733,609,Конечная точка в данных: получает от 1 плательщ. (441 тыс ₸); исходящих ≥5 тыс ₸ нет,3,False,False,1,0,1,0,1,0,440600.0,0.0,1.0,0.0,1,0,0,0,0.00036341,0.0,1,0,0,0.0,0.0,0.8388,0.0,
100000002469065100,terminal,0.6483,9,0.2732,610,Конечная точка в данных: деньги от 2 seed; получает от 1 плательщ. (200 тыс ₸); исходящих ≥5 тыс ₸ нет,2,False,False,2,0,1,0,1,0,200000.0,0.0,1.0,0.0,1,0,0,0,0.0003187,0.0,1,0,0,0.0,0.0,0.6725,0.0,
100000001805543100,terminal,0.573,4,0.2731,611,Конечная точка в данных: получает от 1 плательщ. (59 тыс ₸); повтор. маршрутов: 2; исходящих ≥5 тыс ₸ нет,1,False,False,1,1,1,0,1,0,59000.0,0.0,1.0,0.0,1,0,0,2,0.00029191,0.0,1,0,0,0.0,0.0,0.4246,0.0,
100000002575080100,peripheral,0.2742,4,0.2729,612,"Периферия, явных признаков нет: получает от 1 плательщ. (13 тыс ₸); платит 1 получат. (12 тыс ₸); отдаёт дальше 96% полученного; 100% уходит ≤2 дн. после поступления",3,False,False,1,0,1,1,1,1,13000.0,12500.0,0.0385,1.0,1,0,0,0,0.00055182,1.981e-05,0,0,0,0.0,0.6409,0.2386,0.8211,
100000008692291100,peripheral,0.3957,11,0.2726,613,"Периферия, явных признаков нет: получает от 3 плательщ. (160 тыс ₸); платит 3 получат. (156 тыс ₸); отдаёт дальше 98% полученного; по числу плательщиков выше 95% узлов 3-го колена",3,False,False,1,0,3,3,3,3,160000.0,156000.0,0.025,0.1346,2,0,0,1,0.00030785,6.42e-05,3,0,1,0.953,0.9124,0.7766,0.9353,in_degree
100000008737514100,terminal,0.6374,4,0.2721,614,Конечная точка в данных: деньги от 3 seed; получает от 1 плательщ. (85 тыс ₸); исходящих ≥5 тыс ₸ нет,2,False,False,3,0,1,0,1,0,85000.0,0.0,1.0,0.0,1,0,0,0,0.00031261,0.0,1,0,0,0.0,0.0,0.4881,0.0,
100000000896111100,terminal,0.6352,5,0.2721,615,Конечная точка в данных: получает от 1 плательщ. (287 тыс ₸); исходящих ≥5 тыс ₸ нет,3,False,False,1,0,1,0,1,0,287100.0,0.0,1.0,0.0,1,0,0,0,0.00038717,0.0,0,0,0,0.0,0.0,0.7525,0.0,
100000001985793100,terminal,0.6453,13,0.2719,616,Конечная точка в данных: получает от 1 плательщ. (420 тыс ₸); исходящих ≥5 тыс ₸ нет,2,False,False,1,0,1,0,1,0,420000.0,0.0,1.0,0.0,1,0,0,0,0.00037266,0.0,1,0,0,0.0,0.0,0.7983,0.0,
100000001538095100,terminal,0.6742,11,0.2718,617,Конечная точка в данных: получает от 2 плательщ. (280 тыс ₸); исходящих ≥5 тыс ₸ нет,3,False,False,1,0,2,0,2,0,280000.0,0.0,1.0,0.0,2,0,0,0,0.00033014,0.0,2,0,0,0.8414,0.0,0.7475,0.0,
100000004360785100,terminal,0.5922,4,0.2716,618,Конечная точка в данных: получает от 1 плательщ. (95 тыс ₸); повтор. маршрутов: 1; исходящих ≥5 тыс ₸ нет,1,False,False,1,1,1,0,1,0,94705.0,0.0,1.0,0.0,1,0,0,1,0.00029575,0.0,1,0,0,0.0,0.0,0.5435,0.0,
100000006530134100,consolidator,0.3633,23,0.2715,619,Признаки консолидации: деньги от 3 seed; получает от 2 плательщ. (145 тыс ₸); исходящих ≥5 тыс ₸ нет,3,False,False,3,0,2,0,2,0,144663.0,0.0,1.0,0.0,1,0,0,0,0.00029909,0.0,2,0,1,0.8414,0.0,0.6117,0.0,
100000003054328100,peripheral,0.3512,16,0.2709,620,"Периферия, явных признаков нет: получает от 1 плательщ. (140 тыс ₸); платит 2 получат. (194 тыс ₸); отдаёт в 1.4 раза больше видимого входа; 96% уходит ≤2 дн. после поступления",2,False,False,1,0,1,2,1,2,140000.0,193720.0,0.0,0.9639,1,0,0,0,0.00033591,7.9e-07,1,0,0,0.0,0.7614,0.7614,0.6768,
100000002753146100,terminal,0.6579,16,0.2706,621,Конечная точка в данных: получает от 1 плательщ. (804 тыс ₸); исходящих ≥5 тыс ₸ нет,3,False,False,1,0,1,0,3,0,803540.0,0.0,1.0,0.0,1,0,0,0,0.00032384,0.0,1,0,0,0.0,0.0,0.9175,0.0,
100000005034574100,terminal,0.6315,44,0.2705,622,Конечная точка в данных: получает от 1 плательщ. (259 тыс ₸); исходящих ≥5 тыс ₸ нет,1,False,False,1,1,1,0,16,0,258816.0,0.0,1.0,0.0,1,0,0,0,0.00042509,0.0,0,0,0,0.0,0.0,0.7282,0.0,
100000003191430100,terminal,0.6176,4,0.2704,623,Конечная точка в данных: получает от 1 плательщ. (180 тыс ₸); исходящих ≥5 тыс ₸ нет,2,False,False,1,0,1,0,1,0,180000.0,0.0,1.0,0.0,1,0,0,0,0.00053074,0.0,0,0,0,0.0,0.0,0.6486,0.0,
100000002335358100,terminal,0.6082,4,0.2704,624,Конечная точка в данных: получает от 1 плательщ. (140 тыс ₸); исходящих ≥5 тыс ₸ нет,2,False,False,1,0,1,0,2,0,140000.0,0.0,1.0,0.0,1,0,0,0,0.00061249,0.0,1,0,0,0.0,0.0,0.59,0.0,
100000002722108100,terminal,0.6578,16,0.2704,625,Конечная точка в данных: получает от 1 плательщ. (800 тыс ₸); исходящих ≥5 тыс ₸ нет,3,False,False,1,0,1,0,2,0,800000.0,0.0,1.0,0.0,1,0,0,0,0.00032367,0.0,1,0,0,0.0,0.0,0.915,0.0,
100000008582730100,peripheral,0.35,2,0.2703,626,"Периферия, явных признаков нет: получает от 1 плательщ. (5 тыс ₸); платит 1 получат. (5 тыс ₸); отдаёт дальше 100% полученного; 100% уходит ≤2 дн. после поступления; повтор. маршрутов: 1",3,False,False,1,0,1,1,1,1,5000.0,5000.0,0.0,1.0,1,4,0,1,0.00089259,0.0,1,1,0,0.0,0.6409,0.0457,0.0,
100000002748761100,terminal,0.6577,16,0.2703,627,Конечная точка в данных: получает от 1 плательщ. (797 тыс ₸); исходящих ≥5 тыс ₸ нет,3,False,False,1,0,1,0,3,0,796800.0,0.0,1.0,0.0,1,0,0,0,0.00032352,0.0,1,0,0,0.0,0.0,0.9137,0.0,
100000001714413100,terminal,0.681,23,0.2703,628,Конечная точка в данных: деньги от 3 seed; получает от 1 плательщ. (250 тыс ₸); исходящих ≥5 тыс ₸ нет,3,False,False,3,0,1,0,1,0,250172.0,0.0,1.0,0.0,1,0,0,0,0.00029368,0.0,1,0,0,0.0,0.0,0.7297,0.0,
100000004698193100,peripheral,0.6911,21,0.2702,629,"Периферия, явных признаков нет: получает от 2 плательщ. (223 тыс ₸); платит 3 получат. (38 тыс ₸); отдаёт дальше 17% полученного; 32% уходит ≤2 дн. после поступления; повтор. маршрутов: 1",2,False,False,1,0,2,3,15,5,222700.0,38000.0,0.8294,0.3158,1,0,0,1,0.00082541,1.59e-06,1,0,0,0.731,0.8395,0.731,0.6963,
100000003031003100,terminal,0.7143,11,0.27,630,Конечная точка в данных: получает от 3 плательщ. (280 тыс ₸); по числу плательщиков выше 95% узлов 3-го колена; исходящих ≥5 тыс ₸ нет,3,False,False,1,0,3,0,3,0,280090.0,0.0,1.0,0.0,2,0,0,0,0.0003115,0.0,3,0,1,0.953,0.0,0.7487,0.0,in_degree
100000005756189100,peripheral,0.3286,23,0.2699,631,"Периферия, явных признаков нет: деньги от 3 seed; получает от 1 плательщ. (65 тыс ₸); платит 1 получат. (49 тыс ₸); отдаёт дальше 75% полученного; 100% уходит ≤2 дн. после поступления",3,False,False,3,0,1,1,1,1,65000.0,49050.0,0.2454,1.0,1,0,0,0,0.00028768,1.922e-05,1,0,0,0.0,0.6409,0.5673,0.7297,
100000008071620100,terminal,0.5586,3,0.2697,632,Конечная точка в данных: получает от 1 плательщ. (47 тыс ₸); повтор. маршрутов: 2; исходящих ≥5 тыс ₸ нет,1,False,False,1,1,1,0,1,0,46968.0,0.0,1.0,0.0,1,0,0,2,0.00029438,0.0,1,0,0,0.0,0.0,0.3503,0.0,
100000008724461100,peripheral,0.2542,11,0.2696,633,"Периферия, явных признаков нет: получает от 1 плательщ. (100 тыс ₸); платит 1 получат. (130 тыс ₸); отдаёт в 1.3 раза больше видимого входа; 100% уходит ≤2 дн. после поступления",3,False,False,1,0,1,1,1,1,100111.0,130000.0,0.0,1.0,1,0,0,0,0.00029073,2.239e-05,1,0,0,0.0,0.6409,0.7069,0.8591,
100000002958286100,terminal,0.6315,31,0.2695,634,Конечная точка в данных: получает от 1 плательщ. (257 тыс ₸); исходящих ≥5 тыс ₸ нет,1,False,False,1,1,1,0,1,0,257000.0,0.0,1.0,0.0,1,0,0,0,0.00031317,0.0,1,0,0,0.0,0.0,0.7261,0.0,
100000003149149100,terminal,0.6798,23,0.2692,635,Конечная точка в данных: деньги от 3 seed; получает от 1 плательщ. (245 тыс ₸); исходящих ≥5 тыс ₸ нет,3,False,False,3,0,1,0,1,0,245000.0,0.0,1.0,0.0,1,0,0,0,0.00029351,0.0,1,0,0,0.0,0.0,0.7234,0.0,
100000008332511100,terminal,0.5969,4,0.2692,636,Конечная точка в данных: получает от 1 плательщ. (100 тыс ₸); исходящих ≥5 тыс ₸ нет,3,False,False,1,0,1,0,1,0,100000.0,0.0,1.0,0.0,1,0,0,0,0.00111278,0.0,0,0,0,0.0,0.0,0.5317,0.0,
100000005481280100,peripheral,0.5238,4,0.269,637,"Периферия, явных признаков нет: деньги от 3 seed; получает от 1 плательщ. (33 тыс ₸); платит 3 получат. (50 тыс ₸); отдаёт в 1.5 раза больше видимого входа; 34% уходит ≤2 дн. после поступления",2,False,False,3,0,1,3,1,3,32700.0,50000.0,0.0,0.34,1,1,0,0,0.00029597,4.366e-05,1,0,0,0.0,0.8395,0.4794,0.8373,
100000002537811100,peripheral,0.7467,0,0.2689,638,"Периферия, явных признаков нет: деньги от 2 seed; получает от 1 плательщ. (52 тыс ₸); платит 1 получат. (15 тыс ₸); отдаёт дальше 29% полученного",3,False,False,2,0,1,1,1,1,52000.0,15000.0,0.7115,0.0,1,0,0,0,0.00123138,2.635e-05,1,0,0,0.0,0.6409,0.4607,0.8693,
100000001680944100,terminal,0.6432,11,0.2684,639,Конечная точка в данных: получает от 1 плательщ. (393 тыс ₸); исходящих ≥5 тыс ₸ нет,3,False,False,1,0,1,0,1,0,393000.0,0.0,1.0,0.0,1,0,0,0,0.00034559,0.0,1,0,0,0.0,0.0,0.8173,0.0,
100000003289405100,terminal,0.6408,9,0.268,640,Конечная точка в данных: получает от 1 плательщ. (355 тыс ₸); исходящих ≥5 тыс ₸ нет,2,False,False,1,0,1,0,1,0,355000.0,0.0,1.0,0.0,1,0,0,0,0.000339,0.0,1,0,0,0.0,0.0,0.7679,0.0,
100000003122817100,terminal,0.6466,24,0.2678,641,Конечная точка в данных: получает от 1 плательщ. (445 тыс ₸); исходящих ≥5 тыс ₸ нет,3,False,False,1,0,1,0,1,0,444680.0,0.0,1.0,0.0,1,0,0,0,0.00039708,0.0,1,0,0,0.0,0.0,0.8401,0.0,
100000002591469100,terminal,0.6283,17,0.2677,642,Конечная точка в данных: получает от 1 плательщ. (236 тыс ₸); исходящих ≥5 тыс ₸ нет,1,False,False,1,1,1,0,1,0,235670.0,0.0,1.0,0.0,1,0,0,0,0.00029908,0.0,1,0,0,0.0,0.0,0.7113,0.0,
100000004184158100,terminal,0.624,2,0.2677,643,Конечная точка в данных: получает от 1 плательщ. (204 тыс ₸); повтор. маршрутов: 1; исходящих ≥5 тыс ₸ нет,3,False,False,1,0,1,0,1,0,203805.0,0.0,1.0,0.0,1,0,0,1,0.00030364,0.0,1,0,0,0.0,0.0,0.6904,0.0,
100000002710570100,terminal,0.6265,18,0.2676,644,Конечная точка в данных: получает от 1 плательщ. (225 тыс ₸); исходящих ≥5 тыс ₸ нет,2,False,False,1,0,1,0,1,0,225015.0,0.0,1.0,0.0,1,0,0,0,0.00053913,0.0,1,0,0,0.0,0.0,0.7007,0.0,
100000008174521100,terminal,0.6109,4,0.2675,645,Конечная точка в данных: деньги от 2 seed; получает от 1 плательщ. (82 тыс ₸); исходящих ≥5 тыс ₸ нет,2,False,False,2,0,1,0,1,0,82110.0,0.0,1.0,0.0,1,0,0,0,0.00044053,0.0,1,0,0,0.0,0.0,0.4772,0.0,
100000002308091100,terminal,0.6189,16,0.267,646,Конечная точка в данных: получает от 1 плательщ. (187 тыс ₸); исходящих ≥5 тыс ₸ нет,3,False,False,1,0,1,0,1,0,186720.0,0.0,1.0,0.0,1,0,0,0,0.00056111,0.0,0,0,0,0.0,0.0,0.6713,0.0,
100000002696152100,peripheral,0.6107,1,0.2669,647,"Периферия, явных признаков нет: получает от 1 плательщ. (22 тыс ₸); платит 2 получат. (69 тыс ₸); отдаёт в 3.2 раза больше видимого входа; 22% уходит ≤2 дн. после поступления",3,False,False,1,0,1,2,3,8,21800.0,69000.0,0.0,0.2174,1,1,0,0,0.00120506,2.14e-05,0,0,0,0.0,0.8363,0.5178,0.8439,
100000003406094100,peripheral,0.6838,4,0.2668,648,"Периферия, явных признаков нет: получает от 1 плательщ. (70 тыс ₸); платит 3 получат. (47 тыс ₸); отдаёт дальше 67% полученного; 15% уходит ≤2 дн. после поступления",3,False,False,1,0,1,3,4,3,70000.0,47000.0,0.3286,0.1489,1,0,0,0,0.00077815,3.884e-05,0,0,0,0.0,0.9124,0.5749,0.8921,
100000001285440100,terminal,0.6696,11,0.2667,649,Конечная точка в данных: получает от 2 плательщ. (243 тыс ₸); исходящих ≥5 тыс ₸ нет,3,False,False,1,0,2,0,2,0,243000.0,0.0,1.0,0.0,2,0,0,0,0.00032036,0.0,2,0,0,0.8414,0.0,0.7208,0.0,
100000002681544100,terminal,0.6548,3,0.2664,650,Конечная точка в данных: получает от 2 плательщ. (166 тыс ₸); исходящих ≥5 тыс ₸ нет,3,False,False,1,0,2,0,2,0,166072.0,0.0,1.0,0.0,2,0,0,0,0.00033572,0.0,2,0,1,0.8414,0.0,0.6523,0.0,
100000002815005100,terminal,0.6484,11,0.2663,651,Конечная точка в данных: получает от 1 плательщ. (476 тыс ₸); исходящих ≥5 тыс ₸ нет,3,False,False,1,0,1,0,1,0,476500.0,0.0,1.0,0.0,1,0,0,0,0.00031901,0.0,1,0,0,0.0,0.0,0.8528,0.0,
100000008536546100,terminal,0.6709,11,0.2659,652,Конечная точка в данных: получает от 2 плательщ. (250 тыс ₸); исходящих ≥5 тыс ₸ нет,3,False,False,1,0,2,0,2,0,250000.0,0.0,1.0,0.0,2,0,0,0,0.00031725,0.0,2,0,0,0.8414,0.0,0.7272,0.0,
100000004539443100,terminal,0.6149,9,0.2659,653,Конечная точка в данных: получает от 2 плательщ. (62 тыс ₸); исходящих ≥5 тыс ₸ нет,3,False,False,1,0,2,0,2,0,61990.0,0.0,1.0,0.0,2,0,0,0,0.00095618,0.0,1,0,0,0.8414,0.0,0.4467,0.0,
100000005314565100,terminal,0.6257,3,0.2658,654,Конечная точка в данных: получает от 1 плательщ. (218 тыс ₸); исходящих ≥5 тыс ₸ нет,3,False,False,1,0,1,0,3,0,218500.0,0.0,1.0,0.0,1,0,0,0,0.00037502,0.0,1,0,0,0.0,0.0,0.6992,0.0,
100000005539910100,peripheral,0.7093,9,0.2654,655,"Периферия, явных признаков нет: деньги от 2 seed; получает от 1 плательщ. (102 тыс ₸); платит 2 получат. (22 тыс ₸); отдаёт дальше 22% полученного",2,False,False,2,0,1,2,1,2,102000.0,22000.0,0.7843,0.0,1,0,0,0,0.00049873,4.795e-05,0,0,0,0.0,0.7614,0.577,0.8395,
100000005882013100,peripheral,0.5352,42,0.2653,656,"Периферия, явных признаков нет: деньги от 2 seed; получает от 2 плательщ. (135 тыс ₸); платит 1 получат. (10 тыс ₸); отдаёт дальше 7% полученного; 100% уходит ≤2 дн. после поступления",2,False,False,2,0,2,1,3,1,135000.0,10000.0,0.9259,1.0,1,0,0,0,0.00052642,0.0,0,0,0,0.731,0.5835,0.5987,0.0,
100000008676812100,terminal,0.6273,15,0.2649,657,Конечная точка в данных: получает от 1 плательщ. (231 тыс ₸); исходящих ≥5 тыс ₸ нет,3,False,False,1,0,1,0,1,0,230800.0,0.0,1.0,0.0,1,0,0,0,0.00047313,0.0,0,0,0,0.0,0.0,0.7094,0.0,
100000008650785100,consolidator,0.3398,4,0.2648,658,"Признаки консолидации: деньги от 3 seed (1 напрямую); получает от 2 плательщ. (92 тыс ₸); платит 2 получат. (120 тыс ₸); 58% уходит ≤2 дн. после поступления; seed, входящие занижены",0,True,False,3,1,2,2,2,2,92000.0,120120.0,,0.5829,1,0,0,0,0.00061252,2.242e-05,1,1,0,0.7,0.625,0.6375,0.85,
100000008514970100,peripheral,0.5187,27,0.2648,659,"Периферия, явных признаков нет: получает от 1 плательщ. (380 тыс ₸); платит 1 получат. (31 тыс ₸); отдаёт дальше 8% полученного; 100% уходит ≤2 дн. после поступления",3,False,False,1,0,1,1,1,1,379966.0,31000.0,0.9184,1.0,1,0,0,0,0.00031263,7.9e-07,1,0,0,0.0,0.6409,0.8261,0.6853,
100000006209210100,terminal,0.6269,3,0.2648,660,Конечная точка в данных: получает от 1 плательщ. (229 тыс ₸); исходящих ≥5 тыс ₸ нет,3,False,False,1,0,1,0,1,0,229111.0,0.0,1.0,0.0,1,0,0,0,0.0003608,0.0,1,0,0,0.0,0.0,0.7056,0.0,
100000004746397100,peripheral,0.425,23,0.2644,661,"Периферия, явных признаков нет: деньги от 3 seed; получает от 1 плательщ. (220 тыс ₸); платит 1 получат. (8 тыс ₸); отдаёт дальше 3% полученного; по посредничеству выше 98% узлов 3-го колена",3,False,False,3,0,1,1,1,1,219520.0,7500.0,0.9658,0.0,1,1,0,0,0.00029268,0.00066777,1,1,1,0.0,0.6409,0.7018,0.986,betweenness
100000001524952100,terminal,0.5979,3,0.2643,662,Конечная точка в данных: получает от 1 плательщ. (104 тыс ₸); исходящих ≥5 тыс ₸ нет,1,False,False,1,1,1,0,1,0,103807.0,0.0,1.0,0.0,1,0,0,0,0.00030505,0.0,1,0,0,0.0,0.0,0.5648,0.0,
100000005852946100,terminal,0.5987,9,0.2641,663,Конечная точка в данных: деньги от 4 seed (1 напрямую); получает от 1 плательщ. (24 тыс ₸); исходящих ≥5 тыс ₸ нет,1,False,False,4,1,1,0,1,0,23746.0,0.0,1.0,0.0,1,0,0,0,0.00029032,0.0,1,0,0,0.0,0.0,0.1847,0.0,
100000002356167100,peripheral,0.6225,23,0.2641,664,"Периферия, явных признаков нет: деньги от 3 seed; получает от 1 плательщ. (300 тыс ₸); платит 2 получат. (30 тыс ₸); отдаёт дальше 10% полученного; 19% уходит ≤2 дн. после поступления",3,False,False,3,0,1,2,1,3,300000.0,29500.0,0.9017,0.1864,1,0,0,0,0.00029529,3.844e-05,1,0,0,0.0,0.8363,0.7817,0.8731,
100000005142492100,peripheral,0.35,21,0.2638,665,"Периферия, явных признаков нет: получает от 1 плательщ. (10 тыс ₸); платит 1 получат. (57 тыс ₸); отдаёт в 5.7 раза больше видимого входа; 100% уходит ≤2 дн. после поступления",3,False,False,1,0,1,1,1,1,10000.0,57000.0,0.0,1.0,1,0,0,0,0.00190779,0.0,0,0,0,0.0,0.6409,0.4607,0.0,
100000002615479100,terminal,0.6259,31,0.2635,666,Конечная точка в данных: получает от 1 плательщ. (220 тыс ₸); исходящих ≥5 тыс ₸ нет,1,False,False,1,1,1,0,1,0,220000.0,0.0,1.0,0.0,1,0,0,0,0.0003092,0.0,1,0,0,0.0,0.0,0.6964,0.0,
100000008472324100,terminal,0.6741,23,0.2632,667,Конечная точка в данных: деньги от 3 seed; получает от 1 плательщ. (205 тыс ₸); исходящих ≥5 тыс ₸ нет,3,False,False,3,0,1,0,1,0,205200.0,0.0,1.0,0.0,1,0,0,0,0.00029222,0.0,1,0,0,0.0,0.0,0.6916,0.0,
100000002570206100,terminal,0.68,23,0.2631,668,Конечная точка в данных: деньги от 2 seed; получает от 2 плательщ. (167 тыс ₸); исходящих ≥5 тыс ₸ нет,2,False,False,2,0,2,0,2,0,166959.6,0.0,1.0,0.0,1,0,0,0,0.00031851,0.0,2,0,1,0.731,0.0,0.6399,0.0,
100000000821507100,terminal,0.6443,16,0.2631,669,Конечная точка в данных: получает от 1 плательщ. (400 тыс ₸); исходящих ≥5 тыс ₸ нет,2,False,False,1,0,1,0,1,0,400000.0,0.0,1.0,0.0,1,0,0,0,0.00033554,0.0,1,0,0,0.0,0.0,0.7918,0.0,
100000008680912100,peripheral,0.5234,3,0.2631,670,"Периферия, явных признаков нет: получает от 1 плательщ. (45 тыс ₸); платит 1 получат. (6 тыс ₸); отдаёт дальше 13% полученного; 100% уходит ≤2 дн. после поступления",3,False,False,1,0,1,1,2,1,45112.0,5990.85,0.8672,1.0,1,0,0,0,0.00053518,0.0,0,0,0,0.0,0.6409,0.4112,0.0,
100000001674850100,terminal,0.6686,11,0.2631,671,Конечная точка в данных: получает от 2 плательщ. (237 тыс ₸); исходящих ≥5 тыс ₸ нет,3,False,False,1,0,2,0,2,0,237000.0,0.0,1.0,0.0,2,0,0,0,0.00031409,0.0,2,0,0,0.8414,0.0,0.7145,0.0,
100000002755292100,terminal,0.6739,23,0.263,672,Конечная точка в данных: деньги от 3 seed; получает от 1 плательщ. (203 тыс ₸); исходящих ≥5 тыс ₸ нет,3,False,False,3,0,1,0,1,0,203400.0,0.0,1.0,0.0,1,0,0,0,0.00029216,0.0,1,0,0,0.0,0.0,0.6891,0.0,
100000002964966100,terminal,0.6483,37,0.2628,673,Конечная точка в данных: деньги от 2 seed; получает от 1 плательщ. (200 тыс ₸); исходящих ≥5 тыс ₸ нет,2,False,False,2,0,1,0,1,0,200000.0,0.0,1.0,0.0,1,0,0,0,0.00039542,0.0,1,0,0,0.0,0.0,0.6725,0.0,
100000007641801100,terminal,0.6233,17,0.2627,674,Конечная точка в данных: получает от 1 плательщ. (200 тыс ₸); исходящих ≥5 тыс ₸ нет,1,False,False,1,1,1,0,1,0,200000.0,0.0,1.0,0.0,1,0,0,0,0.00029704,0.0,1,0,0,0.0,0.0,0.673,0.0,
100000004130144100,terminal,0.6233,17,0.2627,675,Конечная точка в данных: получает от 1 плательщ. (200 тыс ₸); исходящих ≥5 тыс ₸ нет,1,False,False,1,1,1,0,1,0,200000.0,0.0,1.0,0.0,1,0,0,0,0.00029704,0.0,1,0,0,0.0,0.0,0.673,0.0,
100000002635780100,terminal,0.614,17,0.2627,676,Конечная точка в данных: получает от 1 плательщ. (163 тыс ₸); исходящих ≥5 тыс ₸ нет,2,False,False,1,0,1,0,1,0,163000.02,0.0,1.0,0.0,1,0,0,0,0.00055539,0.0,0,0,0,0.0,0.0,0.6312,0.0,
100000004904960100,terminal,0.6074,2,0.2626,677,Конечная точка в данных: деньги от 2 seed; получает от 2 плательщ. (32 тыс ₸); исходящих ≥5 тыс ₸ нет,2,False,False,2,0,2,0,2,0,32000.0,0.0,1.0,0.0,1,0,0,0,0.00077792,0.0,1,0,0,0.731,0.0,0.2842,0.0,
100000002757240100,terminal,0.6171,3,0.2624,678,Конечная точка в данных: деньги от 3 seed; получает от 1 плательщ. (51 тыс ₸); исходящих ≥5 тыс ₸ нет,2,False,False,3,0,1,0,1,0,51183.0,0.0,1.0,0.0,1,0,0,0,0.00031685,0.0,1,0,0,0.0,0.0,0.3883,0.0,
100000002032323100,peripheral,0.5923,25,0.2624,679,"Периферия, явных признаков нет: получает от 1 плательщ. (300 тыс ₸); платит 1 получат. (1.1 млн ₸); отдаёт в 3.5 раза больше видимого входа; по обороту выше 95% узлов 3-го колена",3,False,False,1,0,1,1,1,2,300000.0,1050000.0,0.0,0.2857,1,0,0,0,0.00040405,1.962e-05,1,0,0,0.0,0.6409,0.9581,0.8096,volume
100000004756901100,terminal,0.6371,9,0.2623,680,Конечная точка в данных: деньги от 2 seed; получает от 1 плательщ. (153 тыс ₸); исходящих ≥5 тыс ₸ нет,2,False,False,2,0,1,0,1,0,153248.0,0.0,1.0,0.0,1,0,0,0,0.00031095,0.0,1,0,0,0.0,0.0,0.6204,0.0,
100000008531133100,peripheral,0.6122,4,0.2622,681,"Периферия, явных признаков нет: получает от 1 плательщ. (25 тыс ₸); платит 3 получат. (158 тыс ₸); отдаёт в 6.3 раза больше видимого входа; 20% уходит ≤2 дн. после поступления",2,False,False,1,0,1,3,1,3,25000.0,158271.68,0.0,0.2007,1,0,0,0,0.00053275,2.335e-05,0,1,0,0.0,0.8395,0.6529,0.7983,
100000000254336100,peripheral,0.3561,30,0.2622,682,"Периферия, явных признаков нет: деньги от 2 seed; получает от 2 плательщ. (97 тыс ₸); платит 1 получат. (60 тыс ₸); отдаёт дальше 62% полученного; 100% уходит ≤2 дн. после поступления",3,False,False,2,0,2,1,2,1,97177.0,60000.0,0.3826,1.0,1,0,0,0,0.00029194,1.922e-05,2,0,1,0.8414,0.6409,0.6434,0.7297,
100000005357705100,peripheral,0.5368,2,0.2621,683,"Периферия, явных признаков нет: получает от 1 плательщ. (53 тыс ₸); платит 4 получат. (387 тыс ₸); отдаёт в 7.4 раза больше видимого входа; 27% уходит ≤2 дн. после поступления",3,False,False,1,0,1,4,1,5,52595.0,387080.0,0.0,0.2725,1,0,0,0,0.00029627,7.688e-05,1,0,0,0.0,0.9404,0.8363,0.9442,
100000001477796100,terminal,0.6181,37,0.262,684,Конечная точка в данных: получает от 1 плательщ. (182 тыс ₸); исходящих ≥5 тыс ₸ нет,1,False,False,1,1,1,0,1,0,182000.0,0.0,1.0,0.0,1,0,0,0,0.00033066,0.0,1,0,0,0.0,0.0,0.6561,0.0,
100000004331458100,terminal,0.6709,41,0.2618,685,Конечная точка в данных: получает от 2 плательщ. (250 тыс ₸); исходящих ≥5 тыс ₸ нет,2,False,False,1,0,2,0,2,0,250000.0,0.0,1.0,0.0,1,0,0,0,0.00132344,0.0,0,0,0,0.731,0.0,0.7245,0.0,
100000003031633100,terminal,0.645,11,0.2617,686,Конечная точка в данных: получает от 1 плательщ. (414 тыс ₸); исходящих ≥5 тыс ₸ нет,3,False,False,1,0,1,0,2,0,414000.0,0.0,1.0,0.0,1,0,0,0,0.00031463,0.0,1,0,0,0.0,0.0,0.8312,0.0,
100000002600345100,terminal,0.608,4,0.2616,687,Конечная точка в данных: получает от 2 плательщ. (52 тыс ₸); повтор. маршрутов: 1; исходящих ≥5 тыс ₸ нет,1,False,False,1,1,2,0,2,0,52400.0,0.0,1.0,0.0,1,0,0,1,0.00029572,0.0,2,0,0,0.6624,0.0,0.3928,0.0,
100000001140785100,terminal,0.6652,11,0.2616,688,Конечная точка в данных: получает от 2 плательщ. (215 тыс ₸); исходящих ≥5 тыс ₸ нет,3,False,False,1,0,2,0,2,0,215000.0,0.0,1.0,0.0,2,0,0,0,0.00031535,0.0,2,0,0,0.8414,0.0,0.6954,0.0,
100000005940652100,terminal,0.5536,0,0.2615,689,Конечная точка в данных: деньги от 4 seed (1 напрямую); получает от 1 плательщ. (8 тыс ₸); повтор. маршрутов: 1; исходящих ≥5 тыс ₸ нет,1,False,False,4,1,1,0,1,0,8395.0,0.0,1.0,0.0,1,0,0,1,0.00028809,0.0,1,0,0,0.0,0.0,0.0064,0.0,
100000002934441100,terminal,0.6145,3,0.2615,690,Конечная точка в данных: получает от 2 плательщ. (61 тыс ₸); исходящих ≥5 тыс ₸ нет,1,False,False,1,1,2,0,2,0,60845.6,0.0,1.0,0.0,2,0,0,0,0.00030248,0.0,2,0,0,0.6624,0.0,0.4289,0.0,
100000006704530100,peripheral,0.6771,24,0.2615,691,"Периферия, явных признаков нет: получает от 1 плательщ. (450 тыс ₸); платит 3 получат. (428 тыс ₸); отдаёт дальше 95% полученного",3,False,False,1,0,1,3,1,5,450500.0,428000.0,0.0499,0.0,1,0,0,0,0.00039854,5.885e-05,1,0,0,0.0,0.9124,0.9302,0.9264,
100000005182219100,consolidator,0.3151,23,0.2615,692,Признаки консолидации: деньги от 3 seed; получает от 2 плательщ. (55 тыс ₸); исходящих ≥5 тыс ₸ нет,3,False,False,3,0,2,0,2,0,55000.0,0.0,1.0,0.0,1,0,0,0,0.00035413,0.0,1,0,0,0.8414,0.0,0.4302,0.0,
100000008568512100,terminal,0.6718,23,0.2615,693,Конечная точка в данных: деньги от 3 seed; получает от 1 плательщ. (200 тыс ₸); исходящих ≥5 тыс ₸ нет,3,False,False,3,0,1,0,1,0,199640.0,0.0,1.0,0.0,1,0,0,0,0.00029204,0.0,1,0,0,0.0,0.0,0.6853,0.0,
100000002812641100,peripheral,0.4095,13,0.2613,694,"Периферия, явных признаков нет: деньги от 2 seed; получает от 1 плательщ. (10 тыс ₸); платит 1 получат. (7 тыс ₸); отдаёт дальше 70% полученного; 100% уходит ≤2 дн. после поступления",2,False,False,2,0,1,1,1,1,10000.0,7023.95,0.2976,1.0,1,1,0,0,0.00206385,0.0,1,1,0,0.0,0.5835,0.128,0.0,
100000007322059100,peripheral,0.416,37,0.2612,695,"Периферия, явных признаков нет: получает от 2 плательщ. (29 тыс ₸); платит 1 получат. (22 тыс ₸); отдаёт дальше 78% полученного; 69% уходит ≤2 дн. после поступления",2,False,False,1,0,2,1,2,2,29000.0,22500.0,0.2241,0.6889,1,0,0,0,0.00068016,4.003e-05,1,0,0,0.731,0.5835,0.3905,0.8286,
100000003102157100,terminal,0.5929,3,0.2611,696,Конечная точка в данных: получает от 1 плательщ. (97 тыс ₸); исходящих ≥5 тыс ₸ нет,1,False,False,1,1,1,0,2,0,96746.0,0.0,1.0,0.0,1,0,0,0,0.00030372,0.0,1,0,0,0.0,0.0,0.5456,0.0,
100000005799271100,terminal,0.5818,1,0.261,697,Конечная точка в данных: деньги от 2 seed; получает от 1 плательщ. (45 тыс ₸); исходящих ≥5 тыс ₸ нет,2,False,False,2,0,1,0,2,0,45000.0,0.0,1.0,0.0,1,0,0,0,0.00053667,0.0,1,0,0,0.0,0.0,0.3341,0.0,
100000007283257100,terminal,0.6201,44,0.2609,698,Конечная точка в данных: получает от 1 плательщ. (192 тыс ₸); исходящих ≥5 тыс ₸ нет,1,False,False,1,1,1,0,7,0,192000.0,0.0,1.0,0.0,1,0,0,0,0.00038907,0.0,0,0,0,0.0,0.0,0.6624,0.0,
100000004917367100,consolidator,0.3554,23,0.2609,699,Признаки консолидации: деньги от 3 seed; получает от 2 плательщ. (120 тыс ₸); исходящих ≥5 тыс ₸ нет,3,False,False,3,0,2,0,2,0,120000.0,0.0,1.0,0.0,1,0,0,0,0.00029403,0.0,2,0,1,0.8414,0.0,0.5787,0.0,
100000002784085100,terminal,0.6233,31,0.2608,700,Конечная точка в данных: получает от 1 плательщ. (200 тыс ₸); исходящих ≥5 тыс ₸ нет,1,False,False,1,1,1,0,1,0,200000.0,0.0,1.0,0.0,1,0,0,0,0.00030705,0.0,1,0,0,0.0,0.0,0.673,0.0,
100000006169033100,peripheral,0.6831,23,0.2608,701,"Периферия, явных признаков нет: получает от 1 плательщ. (49 тыс ₸); платит 3 получат. (1.1 млн ₸); отдаёт в 23.3 раза больше видимого входа; по обороту выше 95% узлов 3-го колена",3,False,False,1,0,1,3,1,10,49000.0,1140271.0,0.0,0.0,1,0,0,0,0.00041804,3.923e-05,0,0,0,0.0,0.9124,0.9543,0.8997,volume
100000008497298100,terminal,0.6544,31,0.2607,702,Конечная точка в данных: получает от 1 плательщ. (600 тыс ₸); исходящих ≥5 тыс ₸ нет,2,False,False,1,0,1,0,1,0,600000.0,0.0,1.0,0.0,1,0,0,0,0.00034203,0.0,1,0,0,0.0,0.0,0.8503,0.0,
100000002890167100,terminal,0.6023,4,0.2605,703,Конечная точка в данных: получает от 1 плательщ. (118 тыс ₸); исходящих ≥5 тыс ₸ нет,1,False,False,1,1,1,0,1,0,118150.0,0.0,1.0,0.0,1,0,0,0,0.00029827,0.0,1,0,0,0.0,0.0,0.5839,0.0,
100000003044431100,consolidator,0.3189,3,0.2604,704,Признаки консолидации: деньги от 3 seed; получает от 2 плательщ. (60 тыс ₸); исходящих ≥5 тыс ₸ нет,2,False,False,3,0,2,0,2,0,60000.0,0.0,1.0,0.0,1,0,0,0,0.00030246,0.0,2,0,1,0.731,0.0,0.4208,0.0,
100000008258458100,peripheral,0.5242,4,0.2604,705,"Периферия, явных признаков нет: получает от 1 плательщ. (19 тыс ₸); платит 2 получат. (1.6 млн ₸); отдаёт в 82.0 раза больше видимого входа; по обороту выше 96% узлов 3-го колена",3,False,False,1,0,1,2,1,4,19000.0,1557988.0,0.0,0.3643,1,0,0,0,0.00029126,3.844e-05,1,0,0,0.0,0.8363,0.967,0.8731,volume
100000008335401100,terminal,0.6113,17,0.2601,706,Конечная точка в данных: получает от 1 плательщ. (150 тыс ₸); исходящих ≥5 тыс ₸ нет,2,False,False,1,0,1,0,3,0,150000.0,0.0,1.0,0.0,1,0,0,0,0.00055123,0.0,1,0,0,0.0,0.0,0.603,0.0,
100000005474472100,terminal,0.5969,5,0.26,707,Конечная точка в данных: получает от 1 плательщ. (100 тыс ₸); исходящих ≥5 тыс ₸ нет,2,False,False,1,0,1,0,1,0,100000.0,0.0,1.0,0.0,1,0,0,0,0.00054495,0.0,0,0,0,0.0,0.0,0.5336,0.0,
100000001703168100,peripheral,0.2795,3,0.2598,708,"Периферия, явных признаков нет: получает от 1 плательщ. (45 тыс ₸); платит 1 получат. (90 тыс ₸); отдаёт в 2.0 раза больше видимого входа; 100% уходит ≤2 дн. после поступления",2,False,False,1,0,1,1,1,1,45000.0,90000.0,0.0,1.0,1,0,0,0,0.00029266,1.922e-05,1,0,0,0.0,0.5835,0.5835,0.7354,
100000008774237100,peripheral,0.51,6,0.2598,709,"Периферия, явных признаков нет: получает от 1 плательщ. (50 тыс ₸); платит 1 получат. (10 тыс ₸); отдаёт дальше 20% полученного; 100% уходит ≤2 дн. после поступления; повтор. маршрутов: 1",2,False,False,1,0,1,1,1,1,50000.0,10000.0,0.8,1.0,1,0,0,1,0.00031035,0.0,1,0,0,0.0,0.5835,0.4208,0.0,
100000001138283100,peripheral,0.4737,2,0.2598,710,"Периферия, явных признаков нет: получает от 1 плательщ. (82 тыс ₸); платит 2 получат. (50 тыс ₸); отдаёт дальше 61% полученного; 80% уходит ≤2 дн. после поступления",3,False,False,1,0,1,2,1,2,81805.0,50000.0,0.3888,0.8,1,2,0,0,0.00030221,1.902e-05,1,1,0,0.0,0.8363,0.5939,0.7284,
100000008238112100,terminal,0.6699,23,0.2597,711,Конечная точка в данных: деньги от 3 seed; получает от 1 плательщ. (190 тыс ₸); исходящих ≥5 тыс ₸ нет,3,False,False,3,0,1,0,1,0,190000.0,0.0,1.0,0.0,1,0,0,0,0.00029173,0.0,1,0,0,0.0,0.0,0.6777,0.0,
100000004368189100,peripheral,0.6067,16,0.2596,712,"Периферия, явных признаков нет: получает от 1 плательщ. (385 тыс ₸); платит 2 получат. (28 тыс ₸); отдаёт дальше 7% полученного; 77% уходит ≤2 дн. после поступления",3,False,False,1,0,1,2,1,2,384600.0,28200.0,0.9267,0.7695,1,0,0,0,0.00030389,2.77e-06,1,0,0,0.0,0.8363,0.8299,0.7132,
100000001637376100,peripheral,0.5067,23,0.2594,713,"Периферия, явных признаков нет: деньги от 3 seed; получает от 1 плательщ. (117 тыс ₸); платит 1 получат. (234 тыс ₸); отдаёт в 2.0 раза больше видимого входа; 50% уходит ≤2 дн. после поступления",3,False,False,3,0,1,1,1,2,116700.0,234250.0,0.0,0.4952,1,0,0,0,0.00028935,1.922e-05,1,0,0,0.0,0.6409,0.7982,0.7297,
100000002705460100,terminal,0.5927,4,0.2594,714,Конечная точка в данных: получает от 1 плательщ. (95 тыс ₸); исходящих ≥5 тыс ₸ нет,3,False,False,1,0,1,0,1,0,95000.0,0.0,1.0,0.0,1,0,0,0,0.00055773,0.0,0,0,0,0.0,0.0,0.5254,0.0,
100000002521039100,terminal,0.6651,30,0.2593,715,Конечная точка в данных: деньги от 2 seed; получает от 1 плательщ. (349 тыс ₸); исходящих ≥5 тыс ₸ нет,3,False,False,2,0,1,0,1,0,349370.0,0.0,1.0,0.0,1,0,0,0,0.00030525,0.0,1,0,0,0.0,0.0,0.7919,0.0,
100000008106997100,peripheral,0.3638,3,0.2592,716,"Периферия, явных признаков нет: получает от 2 плательщ. (36 тыс ₸); платит 1 получат. (21 тыс ₸); отдаёт дальше 58% полученного; 100% уходит ≤2 дн. после поступления",2,False,False,1,0,2,1,2,1,35600.0,20600.0,0.4213,1.0,1,0,0,0,0.00030537,1.922e-05,2,0,0,0.731,0.5835,0.4143,0.7354,
100000003060517100,terminal,0.6377,23,0.2592,717,Конечная точка в данных: получает от 1 плательщ. (316 тыс ₸); исходящих ≥5 тыс ₸ нет,3,False,False,1,0,1,0,1,0,315955.0,0.0,1.0,0.0,1,0,0,0,0.00036188,0.0,1,0,0,0.0,0.0,0.7754,0.0,
100000008077552100,terminal,0.6249,2,0.2592,718,Конечная точка в данных: получает от 1 плательщ. (214 тыс ₸); исходящих ≥5 тыс ₸ нет,3,False,False,1,0,1,0,1,0,214000.0,0.0,1.0,0.0,1,0,0,0,0.00032911,0.0,1,0,0,0.0,0.0,0.6942,0.0,
100000001677929100,peripheral,0.6569,17,0.259,719,"Периферия, явных признаков нет: получает от 3 плательщ. (127 тыс ₸); платит 2 получат. (286 тыс ₸); отдаёт в 2.3 раза больше видимого входа; 27% уходит ≤2 дн. после поступления",2,False,False,1,0,3,2,3,4,126777.0,286098.0,0.0,0.2705,1,0,0,0,0.00333409,1.19e-06,0,0,0,0.8503,0.7614,0.7961,0.6833,
100000005895525100,terminal,0.6033,40,0.2588,720,Конечная точка в данных: получает от 1 плательщ. (120 тыс ₸); исходящих ≥5 тыс ₸ нет,1,False,False,1,1,1,0,3,0,120000.0,0.0,1.0,0.0,1,0,0,0,0.00039127,0.0,1,0,0,0.0,0.0,0.586,0.0,
100000001317336100,peripheral,0.6811,18,0.2588,721,"Периферия, явных признаков нет: получает от 1 плательщ. (131 тыс ₸); платит 2 получат. (1.8 млн ₸); отдаёт в 13.4 раза больше видимого входа; по обороту выше 97% узлов 3-го колена",3,False,False,1,0,1,2,1,3,131196.0,1752000.0,0.0,0.0,1,0,0,0,0.00034385,4.003e-05,1,0,0,0.0,0.8363,0.9772,0.9074,volume
100000002109656100,terminal,0.6507,16,0.2587,722,Конечная точка в данных: получает от 1 плательщ. (500 тыс ₸); исходящих ≥5 тыс ₸ нет,3,False,False,1,0,1,0,1,0,500000.0,0.0,1.0,0.0,1,0,0,0,0.00030939,0.0,1,0,0,0.0,0.0,0.8655,0.0,
100000002644285100,terminal,0.6507,16,0.2587,723,Конечная точка в данных: получает от 1 плательщ. (500 тыс ₸); исходящих ≥5 тыс ₸ нет,3,False,False,1,0,1,0,1,0,500000.0,0.0,1.0,0.0,1,0,0,0,0.00030939,0.0,1,0,0,0.0,0.0,0.8655,0.0,
100000006664478100,peripheral,0.4786,13,0.2586,724,"Периферия, явных признаков нет: получает от 1 плательщ. (55 тыс ₸); платит 2 получат. (60 тыс ₸); отдаёт в 1.1 раза больше видимого входа; 67% уходит ≤2 дн. после поступления",3,False,False,1,0,1,2,3,2,55000.0,60000.0,0.0,0.6667,1,0,0,0,0.00061684,1.19e-06,0,0,0,0.0,0.8363,0.5685,0.6954,
100000008659445100,transit,0.4004,7,0.2583,725,"Признаки транзита: получает от 3 плательщ. (138 тыс ₸); платит 4 получат. (875 тыс ₸); 52% уходит ≤2 дн. после поступления; повтор. маршрутов: 3; seed, входящие занижены",0,True,False,0,0,3,4,7,18,138490.0,875150.0,,0.5179,2,3,1,3,0.0024238,9.9e-07,2,3,0,0.8375,0.8,0.8,0.7375,
100000001851289100,terminal,0.5997,4,0.2579,726,Конечная точка в данных: получает от 1 плательщ. (110 тыс ₸); исходящих ≥5 тыс ₸ нет,1,False,False,1,1,1,0,3,0,109510.0,0.0,1.0,0.0,1,0,0,0,0.00029734,0.0,1,0,0,0.0,0.0,0.5732,0.0,
100000008388049100,terminal,0.6498,16,0.2579,727,Конечная точка в данных: получает от 1 плательщ. (496 тыс ₸); исходящих ≥5 тыс ₸ нет,3,False,False,1,0,1,0,1,0,496400.0,0.0,1.0,0.0,1,0,0,0,0.00030921,0.0,1,0,0,0.0,0.0,0.8629,0.0,
100000005168487100,peripheral,0.7217,1,0.2578,728,"Периферия, явных признаков нет: деньги от 2 seed; получает от 1 плательщ. (15 тыс ₸); платит 1 получат. (104 тыс ₸); отдаёт в 6.9 раза больше видимого входа; 17% уходит ≤2 дн. после поступления",2,False,False,2,0,1,1,1,14,15000.0,103510.0,0.0,0.174,1,1,0,0,0.00181255,0.0,1,1,0,0.0,0.5835,0.564,0.0,
100000003977183100,coordinator,0.5401,13,0.2572,729,Связующий узел между хабами: связан с 2+2 хабами (вход+выход); получает от 2 плательщ. (124 тыс ₸); платит 4 получат. (766 тыс ₸); 21% уходит ≤2 дн. после поступления; повтор. маршрутов: 2,0,True,False,1,1,2,4,2,6,123800.0,766000.0,,0.2115,1,0,0,2,0.00033146,1.59e-06,2,2,1,0.7,0.8,0.75,0.7875,
100000004094958100,peripheral,0.3467,41,0.2572,730,"Периферия, явных признаков нет: получает от 1 плательщ. (39 тыс ₸); платит 1 получат. (40 тыс ₸); отдаёт в 1.0 раза больше видимого входа; 100% уходит ≤2 дн. после поступления",1,False,False,1,1,1,1,1,1,39000.0,40000.0,0.0,1.0,1,0,0,0,0.00039146,2e-07,0,0,0,0.0,0.6476,0.4904,0.6624,
100000002670960100,terminal,0.6488,16,0.2568,731,Конечная точка в данных: получает от 1 плательщ. (480 тыс ₸); исходящих ≥5 тыс ₸ нет,3,False,False,1,0,1,0,1,0,480310.0,0.0,1.0,0.0,1,0,0,0,0.00030845,0.0,1,0,0,0.0,0.0,0.8541,0.0,
100000002663511100,terminal,0.6328,2,0.2566,732,Конечная точка в данных: получает от 1 плательщ. (269 тыс ₸); исходящих ≥5 тыс ₸ нет,3,False,False,1,0,1,0,1,0,268940.0,0.0,1.0,0.0,1,0,0,0,0.00030942,0.0,1,0,0,0.0,0.0,0.7424,0.0,
100000008200810100,terminal,0.6482,16,0.2566,733,Конечная точка в данных: получает от 1 плательщ. (475 тыс ₸); исходящих ≥5 тыс ₸ нет,3,False,False,1,0,1,0,1,0,475000.0,0.0,1.0,0.0,1,0,0,0,0.00030819,0.0,1,0,0,0.0,0.0,0.8515,0.0,
100000001270349100,terminal,0.6233,11,0.2565,734,Конечная точка в данных: получает от 1 плательщ. (200 тыс ₸); исходящих ≥5 тыс ₸ нет,3,False,False,1,0,1,0,1,0,200000.0,0.0,1.0,0.0,1,0,0,0,0.0003553,0.0,1,0,0,0.0,0.0,0.6865,0.0,
100000005241556100,terminal,0.5969,11,0.2561,735,Конечная точка в данных: получает от 1 плательщ. (100 тыс ₸); исходящих ≥5 тыс ₸ нет,3,False,False,1,0,1,0,1,0,100000.0,0.0,1.0,0.0,1,0,0,0,0.00054907,0.0,0,0,0,0.0,0.0,0.5317,0.0,
100000002762076100,peripheral,0.6758,17,0.256,736,"Периферия, явных признаков нет: деньги от 2 seed (2 напрямую); получает от 2 плательщ. (140 тыс ₸); платит 1 получат. (30 тыс ₸); отдаёт дальше 21% полученного",1,False,False,2,2,2,1,2,1,140350.0,30000.0,0.7862,0.0,1,0,0,0,0.00029915,4e-07,2,0,1,0.6624,0.6476,0.6454,0.6794,
100000005667841100,terminal,0.6589,11,0.256,737,Конечная точка в данных: получает от 2 плательщ. (186 тыс ₸); исходящих ≥5 тыс ₸ нет,3,False,False,1,0,2,0,2,0,186000.0,0.0,1.0,0.0,2,0,0,0,0.00031223,0.0,2,0,0,0.8414,0.0,0.6701,0.0,
100000002605184100,terminal,0.6082,4,0.2557,738,Конечная точка в данных: получает от 1 плательщ. (140 тыс ₸); исходящих ≥5 тыс ₸ нет,2,False,False,1,0,1,0,1,0,140000.0,0.0,1.0,0.0,1,0,0,0,0.00039107,0.0,0,0,0,0.0,0.0,0.59,0.0,
100000002773323100,peripheral,0.6504,11,0.2556,739,"Периферия, явных признаков нет: получает от 2 плательщ. (285 тыс ₸); платит 1 получат. (1.2 млн ₸); отдаёт в 4.1 раза больше видимого входа; по обороту выше 96% узлов 3-го колена",3,False,False,1,0,2,1,2,2,285000.0,1171644.0,0.0,0.0,2,0,0,0,0.0003255,2.14e-05,2,0,0,0.8414,0.6409,0.9619,0.8439,volume
100000002581346100,terminal,0.665,23,0.2551,740,Конечная точка в данных: деньги от 3 seed; получает от 1 плательщ. (166 тыс ₸); исходящих ≥5 тыс ₸ нет,3,False,False,3,0,1,0,1,0,166400.0,0.0,1.0,0.0,1,0,0,0,0.00029096,0.0,1,0,0,0.0,0.0,0.6548,0.0,
100000002462183100,terminal,0.5991,40,0.255,741,Конечная точка в данных: получает от 1 плательщ. (108 тыс ₸); исходящих ≥5 тыс ₸ нет,1,False,False,1,1,1,0,3,0,107500.0,0.0,1.0,0.0,1,0,0,0,0.00038026,0.0,1,0,0,0.0,0.0,0.5711,0.0,
100000005061890100,terminal,0.5899,3,0.255,742,Конечная точка в данных: получает от 1 плательщ. (90 тыс ₸); исходящих ≥5 тыс ₸ нет,3,False,False,1,0,1,0,1,0,90000.0,0.0,1.0,0.0,1,0,0,0,0.00053463,0.0,0,0,0,0.0,0.0,0.5114,0.0,
100000001484381100,terminal,0.6328,13,0.255,743,Конечная точка в данных: получает от 2 плательщ. (96 тыс ₸); повтор. маршрутов: 1; исходящих ≥5 тыс ₸ нет,3,False,False,1,0,2,0,4,0,95585.0,0.0,1.0,0.0,1,0,0,1,0.00032131,0.0,2,0,0,0.8414,0.0,0.5279,0.0,
100000002911170100,terminal,0.637,16,0.2548,744,Конечная точка в данных: получает от 1 плательщ. (300 тыс ₸); исходящих ≥5 тыс ₸ нет,2,False,False,1,0,1,0,2,0,300000.0,0.0,1.0,0.0,1,0,0,0,0.00032305,0.0,1,0,0,0.0,0.0,0.7462,0.0,
100000003034546100,terminal,0.6491,31,0.2548,745,Конечная точка в данных: получает от 1 плательщ. (487 тыс ₸); исходящих ≥5 тыс ₸ нет,2,False,False,1,0,1,0,2,0,486715.0,0.0,1.0,0.0,1,0,0,0,0.00033137,0.0,1,0,0,0.0,0.0,0.8178,0.0,
100000002691583100,terminal,0.6348,24,0.2546,746,Конечная точка в данных: получает от 1 плательщ. (285 тыс ₸); исходящих ≥5 тыс ₸ нет,3,False,False,1,0,1,0,1,0,285200.0,0.0,1.0,0.0,1,0,0,0,0.00035709,0.0,1,0,0,0.0,0.0,0.7513,0.0,
100000001227106100,terminal,0.6642,23,0.2545,747,Конечная точка в данных: деньги от 3 seed; получает от 1 плательщ. (165 тыс ₸); исходящих ≥5 тыс ₸ нет,3,False,False,3,0,1,0,1,0,164765.0,0.0,1.0,0.0,1,0,0,0,0.00029091,0.0,1,0,0,0.0,0.0,0.6497,0.0,
100000002981527100,terminal,0.6154,31,0.2544,748,Конечная точка в данных: получает от 1 плательщ. (168 тыс ₸); исходящих ≥5 тыс ₸ нет,1,False,False,1,1,1,0,1,0,168000.0,0.0,1.0,0.0,1,0,0,0,0.00030361,0.0,1,0,0,0.0,0.0,0.6369,0.0,
100000008659950100,terminal,0.63,11,0.2543,749,Конечная точка в данных: получает от 1 плательщ. (246 тыс ₸); исходящих ≥5 тыс ₸ нет,3,False,False,1,0,1,0,1,0,246000.0,0.0,1.0,0.0,1,0,0,0,0.00032087,0.0,1,0,0,0.0,0.0,0.7246,0.0,
100000007536804100,peripheral,0.5068,17,0.2542,750,"Периферия, явных признаков нет: получает от 1 плательщ. (100 тыс ₸); платит 2 получат. (55 тыс ₸); отдаёт дальше 55% полученного; 82% уходит ≤2 дн. после поступления",1,False,False,1,1,1,2,1,2,100000.0,55000.0,0.45,0.8182,1,0,0,0,0.0002913,7.9e-07,1,0,0,0.0,0.7834,0.62,0.7028,
100000003278020100,terminal,0.6199,3,0.2539,751,Конечная точка в данных: получает от 1 плательщ. (190 тыс ₸); исходящих ≥5 тыс ₸ нет,2,False,False,1,0,1,0,1,0,190000.0,0.0,1.0,0.0,1,0,0,0,0.00032455,0.0,0,0,0,0.0,0.0,0.6594,0.0,
100000001808684100,peripheral,0.4861,21,0.2538,752,"Периферия, явных признаков нет: получает от 1 плательщ. (48 тыс ₸); платит 1 получат. (38 тыс ₸); отдаёт дальше 78% полученного; 80% уходит ≤2 дн. после поступления",3,False,False,1,0,1,1,3,2,48400.0,37700.0,0.2211,0.7958,1,0,0,0,0.0011691,0.0,1,1,0,0.0,0.6409,0.5038,0.0,
100000002712416100,terminal,0.6671,11,0.2538,753,Конечная точка в данных: деньги от 2 seed; получает от 2 плательщ. (117 тыс ₸); исходящих ≥5 тыс ₸ нет,3,False,False,2,0,2,0,2,0,116800.0,0.0,1.0,0.0,1,0,0,0,0.00030266,0.0,2,0,0,0.8414,0.0,0.5736,0.0,
100000002842321100,terminal,0.6636,23,0.2536,754,Конечная точка в данных: деньги от 3 seed; получает от 1 плательщ. (160 тыс ₸); исходящих ≥5 тыс ₸ нет,3,False,False,3,0,1,0,1,0,160000.0,0.0,1.0,0.0,1,0,0,0,0.00029075,0.0,1,0,0,0.0,0.0,0.6447,0.0,
100000005664922100,peripheral,0.7474,5,0.2535,755,"Периферия, явных признаков нет: получает от 2 плательщ. (22 тыс ₸); платит 3 получат. (537 тыс ₸); отдаёт в 24.4 раза больше видимого входа",2,False,False,1,0,2,3,2,4,22000.0,537000.0,0.0,0.0,1,0,0,0,0.00080597,3.96e-06,0,1,1,0.731,0.8395,0.846,0.7093,
100000005820746100,peripheral,0.6645,5,0.2535,756,"Периферия, явных признаков нет: получает от 1 плательщ. (2.0 млн ₸); платит 1 получат. (60 тыс ₸); отдаёт дальше 3% полученного; по обороту выше 98% узлов 3-го колена",3,False,False,1,0,1,1,2,1,1989000.0,60000.0,0.9698,0.0,1,1,0,0,0.00098946,0.0,0,0,0,0.0,0.6409,0.981,0.0,volume
100000008468762100,terminal,0.656,11,0.2535,757,Конечная точка в данных: получает от 2 плательщ. (170 тыс ₸); исходящих ≥5 тыс ₸ нет,3,False,False,1,0,2,0,2,0,170000.0,0.0,1.0,0.0,2,0,0,0,0.00031041,0.0,2,0,0,0.8414,0.0,0.6574,0.0,
100000004041163100,peripheral,0.5991,4,0.2532,758,"Периферия, явных признаков нет: деньги от 6 seed (1 напрямую); получает от 1 плательщ. (50 тыс ₸); платит 2 получат. (866 тыс ₸); 6% уходит ≤2 дн. после поступления; seed, входящие занижены",0,True,False,6,1,1,2,1,6,50000.0,866000.0,,0.0554,1,2,0,0,0.00208475,2.338e-05,1,1,0,0.525,0.625,0.775,0.8625,
100000001386612100,terminal,0.6002,15,0.2532,759,Конечная точка в данных: деньги от 2 seed; получает от 1 плательщ. (62 тыс ₸); исходящих ≥5 тыс ₸ нет,2,False,False,2,0,1,0,1,0,62264.0,0.0,1.0,0.0,1,0,0,0,0.00043377,0.0,1,0,0,0.0,0.0,0.4338,0.0,
100000002087788100,terminal,0.5971,23,0.2527,760,Конечная точка в данных: получает от 1 плательщ. (100 тыс ₸); исходящих ≥5 тыс ₸ нет,2,False,False,1,0,1,0,1,0,100500.0,0.0,1.0,0.0,1,0,0,0,0.00065857,0.0,1,0,0,0.0,0.0,0.5445,0.0,
100000002886166100,terminal,0.6188,6,0.2525,761,Конечная точка в данных: получает от 1 плательщ. (185 тыс ₸); исходящих ≥5 тыс ₸ нет,3,False,False,1,0,1,0,3,0,185000.0,0.0,1.0,0.0,1,0,0,0,0.00032459,0.0,1,0,0,0.0,0.0,0.6675,0.0,
100000007689942100,peripheral,0.6748,2,0.2522,762,"Периферия, явных признаков нет: получает от 1 плательщ. (5 тыс ₸); платит 2 получат. (25 тыс ₸); отдаёт в 5.0 раза больше видимого входа; повтор. маршрутов: 1",3,False,False,1,0,1,2,1,2,5000.0,25000.0,0.0,0.0,1,4,0,1,0.00089259,1.981e-05,1,1,0,0.0,0.8363,0.2779,0.8211,
100000003031761100,terminal,0.648,27,0.2521,763,Конечная точка в данных: получает от 1 плательщ. (460 тыс ₸); исходящих ≥5 тыс ₸ нет,3,False,False,1,0,1,0,1,0,460408.0,0.0,1.0,0.0,1,0,0,0,0.00031836,0.0,1,0,0,0.0,0.0,0.8464,0.0,
100000005668605100,consolidator,0.4362,15,0.252,764,"Признаки консолидации: деньги от 5 seed (1 напрямую); получает от 3 плательщ. (94 тыс ₸); повтор. маршрутов: 1; исходящих ≥5 тыс ₸ нет; seed, входящие занижены",0,True,False,5,1,3,0,3,0,94500.0,0.0,,0.0,1,0,0,1,0.0008383,0.0,2,0,1,0.8375,0.0,0.5125,0.0,
100000002878467100,terminal,0.6633,11,0.252,765,Конечная точка в данных: получает от 2 плательщ. (200 тыс ₸); исходящих ≥5 тыс ₸ нет,3,False,False,1,0,2,0,2,0,200000.0,0.0,1.0,0.0,1,0,0,0,0.0003144,0.0,2,0,0,0.8414,0.0,0.6865,0.0,
100000004659919100,peripheral,0.7432,9,0.2517,766,"Периферия, явных признаков нет: получает от 1 плательщ. (110 тыс ₸); платит 1 получат. (39 тыс ₸); отдаёт дальше 35% полученного",3,False,False,1,0,1,1,2,1,110000.0,39000.0,0.6455,0.0,1,0,0,0,0.00072495,2.417e-05,0,0,0,0.0,0.6409,0.6193,0.8655,
100000000861294100,terminal,0.6113,21,0.2515,767,Конечная точка в данных: получает от 1 плательщ. (150 тыс ₸); повтор. маршрутов: 1; исходящих ≥5 тыс ₸ нет,2,False,False,1,0,1,0,1,0,150000.0,0.0,1.0,0.0,1,0,0,1,0.000314,0.0,1,0,0,0.0,0.0,0.603,0.0,
100000000552584100,peripheral,0.6636,5,0.2515,768,"Периферия, явных признаков нет: получает от 1 плательщ. (2.5 млн ₸); платит 1 получат. (58 тыс ₸); отдаёт дальше 2% полученного; по обороту выше 98% узлов 3-го колена",3,False,False,1,0,1,1,3,1,2500000.0,57500.0,0.977,0.0,1,0,0,0,0.00132544,0.0,1,1,0,0.0,0.6409,0.9873,0.0,volume
100000003486970100,terminal,0.6613,23,0.2511,769,Конечная точка в данных: деньги от 3 seed; получает от 1 плательщ. (150 тыс ₸); исходящих ≥5 тыс ₸ нет,3,False,False,3,0,1,0,1,0,150000.0,0.0,1.0,0.0,1,0,0,0,0.00029043,0.0,1,0,0,0.0,0.0,0.6206,0.0,
100000002459240100,terminal,0.6613,23,0.2511,770,Конечная точка в данных: деньги от 3 seed; получает от 1 плательщ. (150 тыс ₸); исходящих ≥5 тыс ₸ нет,3,False,False,3,0,1,0,1,0,150000.0,0.0,1.0,0.0,1,0,0,0,0.00029043,0.0,1,0,0,0.0,0.0,0.6206,0.0,
100000001046626100,terminal,0.6613,23,0.2511,771,Конечная точка в данных: деньги от 3 seed; получает от 1 плательщ. (150 тыс ₸); исходящих ≥5 тыс ₸ нет,3,False,False,3,0,1,0,1,0,150000.0,0.0,1.0,0.0,1,0,0,0,0.00029043,0.0,1,0,0,0.0,0.0,0.6206,0.0,
100000001733687100,terminal,0.637,11,0.2509,772,Конечная точка в данных: получает от 1 плательщ. (300 тыс ₸); исходящих ≥5 тыс ₸ нет,3,False,False,1,0,1,0,1,0,300000.0,0.0,1.0,0.0,1,0,0,0,0.00030662,0.0,1,0,0,0.0,0.0,0.7602,0.0,
100000008571443100,terminal,0.6421,3,0.2508,773,Конечная точка в данных: деньги от 2 seed; получает от 2 плательщ. (65 тыс ₸); исходящих ≥5 тыс ₸ нет,2,False,False,2,0,2,0,2,0,65000.0,0.0,1.0,0.0,1,0,0,0,0.00031475,0.0,2,0,0,0.731,0.0,0.4403,0.0,
100000003736419100,peripheral,0.3937,2,0.2508,774,"Периферия, явных признаков нет: деньги от 2 seed; получает от 1 плательщ. (23 тыс ₸); платит 1 получат. (10 тыс ₸); отдаёт дальше 43% полученного; 100% уходит ≤2 дн. после поступления",3,False,False,2,0,1,1,1,1,23300.0,10000.0,0.5708,1.0,1,0,0,0,0.00029165,1.922e-05,1,0,0,0.0,0.6409,0.3046,0.7297,
100000006612238100,peripheral,0.5188,35,0.2506,775,"Периферия, явных признаков нет: получает от 1 плательщ. (160 тыс ₸); платит 1 получат. (25 тыс ₸); отдаёт дальше 16% полученного; 100% уходит ≤2 дн. после поступления",2,False,False,1,0,1,1,1,1,160000.0,25000.0,0.8438,1.0,1,0,0,0,0.00033991,0.0,1,1,0,0.0,0.5835,0.6551,0.0,
100000000910216100,peripheral,0.4301,3,0.2503,776,"Периферия, явных признаков нет: получает от 1 плательщ. (71 тыс ₸); платит 1 получат. (52 тыс ₸); отдаёт дальше 73% полученного; по посредничеству выше 95% узлов 2-го колена",2,False,False,1,0,1,1,3,1,71000.0,52010.0,0.2675,0.0,1,1,0,0,0.00032324,0.00048016,1,1,1,0.0,0.5835,0.5748,0.9501,betweenness
100000002472632100,peripheral,0.6603,33,0.2502,777,"Периферия, явных признаков нет: получает от 2 плательщ. (502 тыс ₸); платит 1 получат. (20 тыс ₸); отдаёт дальше 4% полученного",3,False,False,1,0,2,1,3,1,502400.0,20000.0,0.9602,0.0,1,0,0,0,0.00098562,2.001e-05,2,0,0,0.8414,0.6409,0.8744,0.8287,
100000003321895100,peripheral,0.6818,4,0.2499,778,"Периферия, явных признаков нет: получает от 1 плательщ. (24 тыс ₸); платит 2 получат. (554 тыс ₸); отдаёт в 23.1 раза больше видимого входа",3,False,False,1,0,1,2,1,3,24000.0,553830.0,0.0,0.0,1,0,0,0,0.00031126,3.963e-05,1,0,0,0.0,0.8363,0.8807,0.9036,
100000002713074100,peripheral,0.5943,23,0.2499,779,"Периферия, явных признаков нет: получает от 2 плательщ. (700 тыс ₸); платит 1 получат. (430 тыс ₸); отдаёт дальше 61% полученного",3,False,False,1,0,2,1,2,2,700000.0,430000.0,0.3857,0.0,2,0,0,0,0.00043361,1.922e-05,2,0,1,0.8414,0.6409,0.9492,0.7297,
100000001052945100,peripheral,0.6698,13,0.2497,780,"Периферия, явных признаков нет: получает от 1 плательщ. (57 тыс ₸); платит 3 получат. (1.6 млн ₸); отдаёт в 28.2 раза больше видимого входа; по обороту выше 97% узлов 3-го колена",3,False,False,1,0,1,3,1,6,56520.0,1595700.0,0.0,0.0,1,0,0,0,0.00030154,5.766e-05,1,0,0,0.0,0.9124,0.9708,0.9175,volume
100000005942793100,terminal,0.6911,3,0.2487,781,Конечная точка в данных: получает от 4 плательщ. (55 тыс ₸); исходящих ≥5 тыс ₸ нет,2,False,False,1,0,4,0,4,0,55000.0,0.0,1.0,0.0,2,0,0,0,0.00033223,0.0,4,0,0,0.9262,0.0,0.4078,0.0,
100000004657034100,terminal,0.6589,23,0.2486,782,Конечная точка в данных: деньги от 3 seed; получает от 1 плательщ. (141 тыс ₸); исходящих ≥5 тыс ₸ нет,3,False,False,3,0,1,0,1,0,141250.0,0.0,1.0,0.0,1,0,0,0,0.00029015,0.0,1,0,0,0.0,0.0,0.6079,0.0,
100000001822623100,terminal,0.6236,14,0.2485,783,Конечная точка в данных: получает от 1 плательщ. (201 тыс ₸); исходящих ≥5 тыс ₸ нет,2,False,False,1,0,1,0,1,0,201300.0,0.0,1.0,0.0,1,0,0,0,0.00032349,0.0,1,0,0,0.0,0.0,0.6876,0.0,
100000000533217100,terminal,0.5694,3,0.2484,784,Конечная точка в данных: получает от 1 плательщ. (54 тыс ₸); исходящих ≥5 тыс ₸ нет,2,False,False,1,0,1,0,1,0,53587.0,0.0,1.0,0.0,1,0,0,0,0.0006536,0.0,1,0,0,0.0,0.0,0.397,0.0,
100000003824464100,terminal,0.6233,14,0.2483,785,Конечная точка в данных: получает от 1 плательщ. (200 тыс ₸); исходящих ≥5 тыс ₸ нет,2,False,False,1,0,1,0,1,0,200000.0,0.0,1.0,0.0,1,0,0,0,0.00032325,0.0,1,0,0,0.0,0.0,0.6725,0.0,
100000008238989100,terminal,0.6233,14,0.2483,786,Конечная точка в данных: получает от 1 плательщ. (200 тыс ₸); исходящих ≥5 тыс ₸ нет,2,False,False,1,0,1,0,2,0,200000.0,0.0,1.0,0.0,1,0,0,0,0.00032325,0.0,1,0,0,0.0,0.0,0.6725,0.0,
100000004732589100,terminal,0.6266,31,0.248,787,Конечная точка в данных: получает от 1 плательщ. (228 тыс ₸); исходящих ≥5 тыс ₸ нет,2,False,False,1,0,1,0,1,0,227520.0,0.0,1.0,0.0,1,0,0,0,0.00039397,0.0,1,0,0,0.0,0.0,0.705,0.0,
100000001160401100,terminal,0.5597,3,0.248,788,Конечная точка в данных: получает от 1 плательщ. (47 тыс ₸); повтор. маршрутов: 2; исходящих ≥5 тыс ₸ нет,3,False,False,1,0,1,0,2,0,47190.0,0.0,1.0,0.0,1,0,0,2,0.00030489,0.0,1,0,0,0.0,0.0,0.3858,0.0,
100000003112436100,terminal,0.6219,9,0.2476,789,Конечная точка в данных: деньги от 2 seed; получает от 1 плательщ. (100 тыс ₸); исходящих ≥5 тыс ₸ нет,2,False,False,2,0,1,0,1,0,100000.0,0.0,1.0,0.0,1,0,0,0,0.00030213,0.0,1,0,0,0.0,0.0,0.5336,0.0,
100000003105929100,peripheral,0.6115,23,0.2473,790,"Периферия, явных признаков нет: деньги от 3 seed; получает от 1 плательщ. (430 тыс ₸); платит 1 получат. (156 тыс ₸); отдаёт дальше 36% полученного",3,False,False,3,0,1,1,2,1,429567.0,156354.0,0.636,0.0,1,0,0,0,0.00029949,1.922e-05,1,0,0,0.0,0.6409,0.8845,0.7297,
100000005375968100,peripheral,0.63,30,0.2471,791,"Периферия, явных признаков нет: деньги от 2 seed; получает от 1 плательщ. (170 тыс ₸); платит 2 получат. (86 тыс ₸); отдаёт дальше 51% полученного; 35% уходит ≤2 дн. после поступления",3,False,False,2,0,1,2,1,4,170082.0,86000.0,0.4944,0.3488,1,0,0,0,0.00029515,3.844e-05,1,0,0,0.0,0.8363,0.7348,0.8731,
100000001534244100,peripheral,0.6416,11,0.2471,792,"Периферия, явных признаков нет: получает от 2 плательщ. (366 тыс ₸); платит 1 получат. (45 тыс ₸); отдаёт дальше 12% полученного",3,False,False,1,0,2,1,2,1,366000.0,45000.0,0.877,0.0,2,0,0,0,0.00034151,2.16e-05,2,0,0,0.8414,0.6409,0.8274,0.8515,
100000002529880100,terminal,0.65,11,0.2466,793,Конечная точка в данных: получает от 2 плательщ. (147 тыс ₸); исходящих ≥5 тыс ₸ нет,3,False,False,1,0,2,0,2,0,147000.0,0.0,1.0,0.0,2,0,0,0,0.00030613,0.0,2,0,0,0.8414,0.0,0.6142,0.0,
100000007197866100,peripheral,0.3295,2,0.2466,794,"Периферия, явных признаков нет: получает от 1 плательщ. (20 тыс ₸); платит 1 получат. (15 тыс ₸); отдаёт дальше 75% полученного; 100% уходит ≤2 дн. после поступления; повтор. маршрутов: 1",3,False,False,1,0,1,1,1,1,20000.0,15000.0,0.25,1.0,1,0,0,1,0.00028964,1.922e-05,1,0,0,0.0,0.6409,0.3122,0.7297,
100000008501413100,peripheral,0.2605,1,0.2466,795,"Периферия, явных признаков нет: получает от 1 плательщ. (5 тыс ₸); платит 1 получат. (5 тыс ₸); отдаёт в 1.0 раза больше видимого входа; 100% уходит ≤2 дн. после поступления",3,False,False,1,0,1,1,1,1,5000.0,5100.0,0.0,1.0,1,0,0,0,0.00036665,2.12e-05,1,0,0,0.0,0.6409,0.0647,0.8426,
100000000790311100,terminal,0.6078,4,0.2465,796,Конечная точка в данных: деньги от 3 seed; получает от 1 плательщ. (46 тыс ₸); исходящих ≥5 тыс ₸ нет,2,False,False,3,0,1,0,1,0,46300.0,0.0,1.0,0.0,1,0,0,0,0.0003003,0.0,1,0,0,0.0,0.0,0.3427,0.0,
100000008418934100,terminal,0.6412,31,0.2459,797,Конечная точка в данных: получает от 1 плательщ. (360 тыс ₸); исходящих ≥5 тыс ₸ нет,2,False,False,1,0,1,0,1,0,360000.0,0.0,1.0,0.0,1,0,0,0,0.00031945,0.0,1,0,0,0.0,0.0,0.7701,0.0,
100000001066017100,peripheral,0.4891,30,0.2457,798,"Периферия, явных признаков нет: деньги от 2 seed; получает от 2 плательщ. (136 тыс ₸); платит 4 получат. (82 тыс ₸); отдаёт дальше 61% полученного; 19% уходит ≤2 дн. после поступления",3,False,False,2,0,2,4,3,4,136123.0,82500.0,0.3939,0.1879,1,0,0,0,0.00030124,7.688e-05,2,0,1,0.8414,0.9404,0.7005,0.9442,
100000002212494100,terminal,0.6136,18,0.2456,799,Конечная точка в данных: получает от 1 плательщ. (160 тыс ₸); исходящих ≥5 тыс ₸ нет,3,False,False,1,0,1,0,1,0,160000.0,0.0,1.0,0.0,1,0,0,0,0.00035664,0.0,1,0,0,0.0,0.0,0.6447,0.0,
100000001074553100,terminal,0.6004,31,0.2454,800,Конечная точка в данных: деньги от 2 seed (2 напрямую); получает от 2 плательщ. (29 тыс ₸); исходящих ≥5 тыс ₸ нет,1,False,False,2,2,2,0,2,0,28971.0,0.0,1.0,0.0,1,0,0,0,0.0002895,0.0,2,0,1,0.6624,0.0,0.2272,0.0,
100000005539201100,peripheral,0.7182,4,0.2453,801,"Периферия, явных признаков нет: получает от 1 плательщ. (46 тыс ₸); платит 1 получат. (25 тыс ₸); отдаёт дальше 55% полученного; повтор. маршрутов: 1",1,False,False,1,1,1,1,1,1,45504.0,25000.0,0.4506,0.0,1,0,0,1,0.00029046,4.197e-05,1,0,0,0.0,0.6476,0.465,0.8344,
100000003003821100,terminal,0.5769,9,0.2453,802,Конечная точка в данных: деньги от 2 seed; получает от 1 плательщ. (40 тыс ₸); исходящих ≥5 тыс ₸ нет,2,False,False,2,0,1,0,1,0,40000.0,0.0,1.0,0.0,1,0,0,0,0.00043794,0.0,0,0,0,0.0,0.0,0.3254,0.0,
100000003781406100,terminal,0.5818,29,0.2451,803,Конечная точка в данных: деньги от 2 seed; получает от 1 плательщ. (45 тыс ₸); исходящих ≥5 тыс ₸ нет,3,False,False,2,0,1,0,2,0,45000.0,0.0,1.0,0.0,1,0,0,0,0.00072288,0.0,1,0,0,0.0,0.0,0.3642,0.0,
100000002511825100,terminal,0.5771,3,0.2449,804,Конечная точка в данных: получает от 1 плательщ. (65 тыс ₸); исходящих ≥5 тыс ₸ нет,1,False,False,1,1,1,0,1,0,65000.0,0.0,1.0,0.0,1,0,0,0,0.00029777,0.0,1,0,0,0.0,0.0,0.4374,0.0,
100000003865939100,terminal,0.5855,46,0.2448,805,Конечная точка в данных: получает от 1 плательщ. (81 тыс ₸); исходящих ≥5 тыс ₸ нет,1,False,False,1,1,1,0,1,0,81465.0,0.0,1.0,0.0,1,0,0,0,0.00052859,0.0,0,0,0,0.0,0.0,0.4989,0.0,
100000005974542100,terminal,0.5919,14,0.2448,806,Конечная точка в данных: получает от 1 плательщ. (94 тыс ₸); исходящих ≥5 тыс ₸ нет,3,False,False,1,0,1,0,3,0,94500.0,0.0,1.0,0.0,1,0,0,0,0.00048305,0.0,1,0,0,0.0,0.0,0.5228,0.0,
100000002513028100,peripheral,0.6648,3,0.2447,807,"Периферия, явных признаков нет: получает от 1 плательщ. (10 тыс ₸); платит 3 получат. (333 тыс ₸); отдаёт в 35.0 раза больше видимого входа",3,False,False,1,0,1,3,1,24,9500.0,332709.0,0.0,0.0,1,0,0,0,0.0003056,6.063e-05,1,0,0,0.0,0.9124,0.7855,0.9327,
100000003286537100,terminal,0.6521,11,0.2446,808,Конечная точка в данных: получает от 2 плательщ. (153 тыс ₸); исходящих ≥5 тыс ₸ нет,3,False,False,1,0,2,0,2,0,153000.0,0.0,1.0,0.0,2,0,0,0,0.00030109,0.0,2,0,0,0.8414,0.0,0.6345,0.0,
100000001641951100,terminal,0.6039,27,0.2444,809,Конечная точка в данных: деньги от 4 seed; получает от 1 плательщ. (25 тыс ₸); исходящих ≥5 тыс ₸ нет,2,False,False,4,0,1,0,4,0,25000.0,0.0,1.0,0.0,1,0,0,0,0.00031906,0.0,0,0,0,0.0,0.0,0.2039,0.0,
100000002435265100,terminal,0.6308,30,0.2442,810,Конечная точка в данных: деньги от 2 seed; получает от 1 плательщ. (133 тыс ₸); повтор. маршрутов: 1; исходящих ≥5 тыс ₸ нет,3,False,False,2,0,1,0,3,0,132628.0,0.0,1.0,0.0,1,0,0,1,0.00029304,0.0,1,0,0,0.0,0.0,0.5964,0.0,
100000002481974100,peripheral,0.5277,27,0.2438,811,"Периферия, явных признаков нет: получает от 2 плательщ. (89 тыс ₸); платит 2 получат. (318 тыс ₸); отдаёт в 3.6 раза больше видимого входа; 19% уходит ≤2 дн. после поступления",3,False,False,1,0,2,2,2,4,89447.0,318000.0,0.0,0.1855,1,0,0,0,0.00033167,3.884e-05,2,0,1,0.8414,0.8363,0.8249,0.8921,
100000003711830100,terminal,0.5657,2,0.2436,812,Конечная точка в данных: получает от 1 плательщ. (50 тыс ₸); повтор. маршрутов: 2; исходящих ≥5 тыс ₸ нет,3,False,False,1,0,1,0,1,0,50000.0,0.0,1.0,0.0,1,0,0,2,0.00029574,0.0,1,0,0,0.0,0.0,0.3959,0.0,
100000005815602100,peripheral,0.7262,4,0.2433,813,"Периферия, явных признаков нет: получает от 1 плательщ. (20 тыс ₸); платит 1 получат. (165 тыс ₸); отдаёт в 8.2 раза больше видимого входа",3,False,False,1,0,1,1,1,1,20000.0,165000.0,0.0,0.0,1,0,0,0,0.00055217,1.942e-05,0,0,0,0.0,0.6409,0.6675,0.8033,
100000002769809100,terminal,0.6015,15,0.2428,814,Конечная точка в данных: получает от 1 плательщ. (113 тыс ₸); исходящих ≥5 тыс ₸ нет,3,False,False,1,0,1,0,1,0,113422.0,0.0,1.0,0.0,1,0,0,0,0.00037774,0.0,0,0,0,0.0,0.0,0.566,0.0,
100000005849100100,terminal,0.5682,9,0.2427,815,Конечная точка в данных: деньги от 2 seed; получает от 1 плательщ. (33 тыс ₸); исходящих ≥5 тыс ₸ нет,2,False,False,2,0,1,0,1,0,33300.0,0.0,1.0,0.0,1,0,0,0,0.00049072,0.0,0,0,0,0.0,0.0,0.2928,0.0,
100000008686234100,terminal,0.5503,3,0.2425,816,Конечная точка в данных: получает от 1 плательщ. (40 тыс ₸); повтор. маршрутов: 1; исходящих ≥5 тыс ₸ нет,1,False,False,1,1,1,0,1,0,39778.0,0.0,1.0,0.0,1,0,0,1,0.00029303,0.0,1,0,0,0.0,0.0,0.3079,0.0,
100000003134474100,terminal,0.6518,23,0.2425,817,Конечная точка в данных: деньги от 3 seed; получает от 1 плательщ. (116 тыс ₸); исходящих ≥5 тыс ₸ нет,3,False,False,3,0,1,0,1,0,116000.0,0.0,1.0,0.0,1,0,0,0,0.00028933,0.0,1,0,0,0.0,0.0,0.5698,0.0,
100000002958345100,terminal,0.6376,16,0.2424,818,Конечная точка в данных: получает от 1 плательщ. (307 тыс ₸); исходящих ≥5 тыс ₸ нет,3,False,False,1,0,1,0,1,0,307000.0,0.0,1.0,0.0,1,0,0,0,0.00030019,0.0,1,0,0,0.0,0.0,0.769,0.0,
100000002757797100,terminal,0.5969,29,0.2423,819,Конечная точка в данных: получает от 1 плательщ. (100 тыс ₸); исходящих ≥5 тыс ₸ нет,1,False,False,1,1,1,0,1,0,100000.0,0.0,1.0,0.0,1,0,0,0,0.00030216,0.0,1,0,0,0.0,0.0,0.5584,0.0,
100000000917179100,terminal,0.5917,13,0.2423,820,Конечная точка в данных: получает от 1 плательщ. (94 тыс ₸); исходящих ≥5 тыс ₸ нет,2,False,False,1,0,1,0,2,0,94465.0,0.0,1.0,0.0,1,0,0,0,0.00042586,0.0,0,0,0,0.0,0.0,0.5206,0.0,
100000002509598100,terminal,0.6373,16,0.2423,821,Конечная точка в данных: получает от 1 плательщ. (306 тыс ₸); исходящих ≥5 тыс ₸ нет,3,False,False,1,0,1,0,1,0,305550.0,0.0,1.0,0.0,1,0,0,0,0.00030012,0.0,1,0,0,0.0,0.0,0.7678,0.0,
100000003192220100,terminal,0.5742,4,0.242,822,Конечная точка в данных: получает от 1 плательщ. (60 тыс ₸); исходящих ≥5 тыс ₸ нет,2,False,False,1,0,1,0,2,0,60000.0,0.0,1.0,0.0,1,0,0,0,0.00050317,0.0,0,0,0,0.0,0.0,0.4208,0.0,
100000005628518100,terminal,0.584,15,0.2418,823,Конечная точка в данных: получает от 1 плательщ. (77 тыс ₸); исходящих ≥5 тыс ₸ нет,3,False,False,1,0,1,0,3,0,77000.0,0.0,1.0,0.0,1,0,0,0,0.00053299,0.0,0,0,0,0.0,0.0,0.4822,0.0,
100000008352542100,terminal,0.591,9,0.2416,824,Конечная точка в данных: деньги от 2 seed; получает от 1 плательщ. (50 тыс ₸); исходящих ≥5 тыс ₸ нет,2,False,False,2,0,1,0,1,0,50220.0,0.0,1.0,0.0,1,0,0,0,0.00033148,0.0,1,0,0,0.0,0.0,0.3839,0.0,
100000003270419100,terminal,0.6113,42,0.2414,825,Конечная точка в данных: получает от 1 плательщ. (150 тыс ₸); исходящих ≥5 тыс ₸ нет,3,False,False,1,0,1,0,1,0,150000.0,0.0,1.0,0.0,1,0,0,0,0.00083348,0.0,0,0,0,0.0,0.0,0.6206,0.0,
100000005222360100,peripheral,0.5125,13,0.2414,826,"Периферия, явных признаков нет: получает от 1 плательщ. (5 тыс ₸); платит 1 получат. (27 тыс ₸); отдаёт в 5.4 раза больше видимого входа; по посредничеству больше всех узлов 3-го колена",3,False,False,1,0,1,1,1,1,5000.0,27000.0,0.0,0.0,1,0,0,0,0.00060086,0.00190871,0,1,1,0.0,0.6409,0.2957,0.9962,betweenness
100000003235780100,terminal,0.6421,30,0.2413,827,Конечная точка в данных: деньги от 2 seed (1 напрямую); получает от 2 плательщ. (65 тыс ₸); исходящих ≥5 тыс ₸ нет,1,False,False,2,1,2,0,2,0,65000.0,0.0,1.0,0.0,1,0,0,0,0.0002912,0.0,2,0,1,0.6624,0.0,0.4374,0.0,
100000000291908100,peripheral,0.6993,28,0.2413,828,"Периферия, явных признаков нет: получает от 1 плательщ. (296 тыс ₸); платит 1 получат. (13 тыс ₸); отдаёт дальше 5% полученного",3,False,False,1,0,1,1,5,1,295500.0,13300.0,0.955,0.0,1,0,0,0,0.00070655,1.981e-05,0,0,0,0.0,0.6409,0.7703,0.8211,
100000007641183100,terminal,0.5344,4,0.2412,829,Конечная точка в данных: получает от 1 плательщ. (28 тыс ₸); повтор. маршрутов: 2; исходящих ≥5 тыс ₸ нет,1,False,False,1,1,1,0,1,0,28000.0,0.0,1.0,0.0,1,0,0,2,0.00028858,0.0,1,0,0,0.0,0.0,0.2208,0.0,
100000001837130100,terminal,0.6164,2,0.2411,830,Конечная точка в данных: получает от 1 плательщ. (173 тыс ₸); исходящих ≥5 тыс ₸ нет,3,False,False,1,0,1,0,1,0,172900.0,0.0,1.0,0.0,1,0,0,0,0.0003009,0.0,1,0,0,0.0,0.0,0.6612,0.0,
100000000640800100,peripheral,0.4576,27,0.241,831,"Периферия, явных признаков нет: получает от 1 плательщ. (80 тыс ₸); платит 4 получат. (518 тыс ₸); отдаёт в 6.5 раза больше видимого входа; по посредничеству выше 96% узлов 3-го колена",3,False,False,1,0,1,4,1,6,80000.0,518135.0,0.0,0.0311,1,0,0,0,0.00030324,0.00014517,1,1,1,0.0,0.9404,0.8871,0.9695,betweenness
100000003242795100,terminal,0.6506,23,0.2409,832,Конечная точка в данных: деньги от 3 seed; получает от 1 плательщ. (111 тыс ₸); исходящих ≥5 тыс ₸ нет,3,False,False,3,0,1,0,1,0,111000.0,0.0,1.0,0.0,1,0,0,0,0.00028917,0.0,1,0,0,0.0,0.0,0.5596,0.0,
100000003917461100,peripheral,0.6713,29,0.2409,833,"Периферия, явных признаков нет: деньги от 2 seed; получает от 1 плательщ. (10 тыс ₸); платит 2 получат. (140 тыс ₸); отдаёт в 14.0 раза больше видимого входа; 7% уходит ≤2 дн. после поступления",3,False,False,2,0,1,2,1,5,10000.0,140000.0,0.0,0.0714,1,1,0,0,0.00039913,2.021e-05,1,1,0,0.0,0.8363,0.6206,0.8338,
100000001363952100,peripheral,0.5943,27,0.2408,834,"Периферия, явных признаков нет: получает от 2 плательщ. (197 тыс ₸); платит 1 получат. (91 тыс ₸); отдаёт дальше 46% полученного; 11% уходит ≤2 дн. после поступления",1,False,False,1,1,2,1,2,2,196655.0,91000.0,0.5373,0.1099,1,0,0,0,0.0003071,1.922e-05,2,0,1,0.6624,0.6476,0.7431,0.7558,
100000004737477100,peripheral,0.5943,30,0.2408,835,"Периферия, явных признаков нет: деньги от 2 seed (1 напрямую); получает от 2 плательщ. (50 тыс ₸); платит 1 получат. (40 тыс ₸); отдаёт дальше 82% полученного; 37% уходит ≤2 дн. после поступления",1,False,False,2,1,2,1,3,3,49598.0,40500.0,0.1834,0.3704,1,0,0,0,0.00029232,1.922e-05,2,0,1,0.6624,0.6476,0.5308,0.7558,
100000001241318100,terminal,0.5687,3,0.2406,836,Конечная точка в данных: получает от 1 плательщ. (53 тыс ₸); исходящих ≥5 тыс ₸ нет,2,False,False,1,0,1,0,1,0,53000.0,0.0,1.0,0.0,1,0,0,0,0.00053084,0.0,0,0,0,0.0,0.0,0.3948,0.0,
100000003254277100,peripheral,0.2966,30,0.2406,837,"Периферия, явных признаков нет: деньги от 2 seed; получает от 1 плательщ. (49 тыс ₸); платит 1 получат. (45 тыс ₸); отдаёт дальше 91% полученного; 100% уходит ≤2 дн. после поступления",3,False,False,2,0,1,1,1,1,49200.0,44997.0,0.0854,1.0,1,0,0,0,0.00028834,1.922e-05,1,0,0,0.0,0.6409,0.5216,0.7297,
100000002845605100,terminal,0.5724,3,0.2405,838,Конечная точка в данных: получает от 1 плательщ. (58 тыс ₸); исходящих ≥5 тыс ₸ нет,1,False,False,1,1,1,0,1,0,57567.0,0.0,1.0,0.0,1,0,0,0,0.00029637,0.0,1,0,0,0.0,0.0,0.4225,0.0,
100000006567935100,terminal,0.6233,16,0.2405,839,Конечная точка в данных: получает от 1 плательщ. (200 тыс ₸); исходящих ≥5 тыс ₸ нет,2,False,False,1,0,1,0,1,0,200000.0,0.0,1.0,0.0,1,0,0,0,0.00031056,0.0,1,0,0,0.0,0.0,0.6725,0.0,
100000005904580100,terminal,0.621,29,0.2405,840,Конечная точка в данных: получает от 2 плательщ. (72 тыс ₸); исходящих ≥5 тыс ₸ нет,2,False,False,1,0,2,0,2,0,72000.0,0.0,1.0,0.0,2,0,0,0,0.00052271,0.0,2,0,0,0.731,0.0,0.4555,0.0,
100000003073635100,terminal,0.6049,2,0.2405,841,Конечная точка в данных: получает от 1 плательщ. (129 тыс ₸); исходящих ≥5 тыс ₸ нет,3,False,False,1,0,1,0,1,0,129231.0,0.0,1.0,0.0,1,0,0,0,0.00031186,0.0,1,0,0,0.0,0.0,0.5901,0.0,
100000000580561100,transit,0.4784,19,0.2404,842,"Признаки транзита: получает от 2 плательщ. (28 тыс ₸); платит 3 получат. (1.5 млн ₸); 57% уходит ≤2 дн. после поступления; повтор. маршрутов: 2; seed, входящие занижены",0,True,False,0,0,2,3,3,13,27980.0,1488077.0,,0.5712,1,0,2,2,0.00083499,1.19e-06,0,0,0,0.7,0.725,0.85,0.7625,
100000006952718100,terminal,0.5808,4,0.2403,843,Конечная точка в данных: получает от 1 плательщ. (71 тыс ₸); исходящих ≥5 тыс ₸ нет,1,False,False,1,1,1,0,1,0,71489.0,0.0,1.0,0.0,1,0,0,0,0.00029326,0.0,1,0,0,0.0,0.0,0.4671,0.0,
100000002943472100,terminal,0.616,11,0.2403,844,Конечная точка в данных: получает от 1 плательщ. (170 тыс ₸); исходящих ≥5 тыс ₸ нет,3,False,False,1,0,1,0,1,0,170000.0,0.0,1.0,0.0,1,0,0,0,0.00030996,0.0,1,0,0,0.0,0.0,0.6574,0.0,
100000008571433100,transit,0.4513,8,0.2402,845,"Признаки транзита: получает от 2 плательщ. (350 тыс ₸); платит 2 получат. (1.4 млн ₸); 74% уходит ≤2 дн. после поступления; повтор. маршрутов: 1; seed, входящие занижены",0,True,False,0,0,2,2,2,3,350000.0,1434000.0,,0.742,1,0,0,1,0.00162648,9.9e-07,1,1,0,0.7,0.625,0.875,0.7375,
100000002692044100,terminal,0.5932,29,0.2401,846,Конечная точка в данных: получает от 1 плательщ. (97 тыс ₸); исходящих ≥5 тыс ₸ нет,1,False,False,1,1,1,0,1,0,97000.0,0.0,1.0,0.0,1,0,0,0,0.00030167,0.0,1,0,0,0.0,0.0,0.5478,0.0,
100000003271151100,terminal,0.6045,2,0.2401,847,Конечная точка в данных: получает от 1 плательщ. (127 тыс ₸); исходящих ≥5 тыс ₸ нет,3,False,False,1,0,1,0,1,0,127294.0,0.0,1.0,0.0,1,0,0,0,0.00031147,0.0,1,0,0,0.0,0.0,0.5876,0.0,
100000006122699100,terminal,0.5973,4,0.24,848,Конечная точка в данных: получает от 2 плательщ. (46 тыс ₸); исходящих ≥5 тыс ₸ нет,2,False,False,1,0,2,0,2,0,45865.0,0.0,1.0,0.0,2,0,0,0,0.00040471,0.0,1,0,0,0.731,0.0,0.3406,0.0,
100000003724440100,terminal,0.6307,3,0.2399,849,Конечная точка в данных: деньги от 2 seed; получает от 2 плательщ. (50 тыс ₸); исходящих ≥5 тыс ₸ нет,2,False,False,2,0,2,0,2,0,50000.0,0.0,1.0,0.0,1,0,0,0,0.00030809,0.0,2,0,0,0.731,0.0,0.3623,0.0,
100000005620225100,terminal,0.6023,3,0.2395,850,Конечная точка в данных: получает от 2 плательщ. (50 тыс ₸); исходящих ≥5 тыс ₸ нет,1,False,False,1,1,2,0,2,0,49845.66,0.0,1.0,0.0,1,0,0,0,0.00029624,0.0,2,0,0,0.6624,0.0,0.3715,0.0,
100000001330595100,peripheral,0.6886,6,0.2395,851,"Периферия, явных признаков нет: получает от 3 плательщ. (87 тыс ₸); платит 1 получат. (154 тыс ₸); отдаёт в 1.8 раза больше видимого входа",2,False,False,1,0,3,1,6,1,87000.0,154000.0,0.0,0.0,2,0,0,0,0.00067557,1.19e-06,2,0,0,0.8503,0.5835,0.718,0.6833,
100000001339466100,terminal,0.5898,3,0.2393,852,Конечная точка в данных: деньги от 3 seed; получает от 1 плательщ. (30 тыс ₸); исходящих ≥5 тыс ₸ нет,2,False,False,3,0,1,0,1,0,30000.0,0.0,1.0,0.0,1,0,0,0,0.0003039,0.0,1,0,0,0.0,0.0,0.2538,0.0,
100000008097580100,terminal,0.5824,2,0.2393,853,Конечная точка в данных: получает от 2 плательщ. (32 тыс ₸); исходящих ≥5 тыс ₸ нет,3,False,False,1,0,2,0,4,0,32000.0,0.0,1.0,0.0,1,0,0,0,0.00067479,0.0,2,0,1,0.8414,0.0,0.2957,0.0,
100000008624978100,terminal,0.5996,11,0.239,854,Конечная точка в данных: получает от 1 плательщ. (109 тыс ₸); исходящих ≥5 тыс ₸ нет,2,False,False,1,0,1,0,1,0,109000.0,0.0,1.0,0.0,1,0,0,0,0.00033803,0.0,1,0,0,0.0,0.0,0.5531,0.0,
100000003760160100,terminal,0.6481,23,0.239,855,Конечная точка в данных: деньги от 3 seed; получает от 1 плательщ. (104 тыс ₸); исходящих ≥5 тыс ₸ нет,3,False,False,3,0,1,0,1,0,104470.0,0.0,1.0,0.0,1,0,0,0,0.00028896,0.0,1,0,0,0.0,0.0,0.5508,0.0,
100000008596924100,terminal,0.5969,21,0.2389,856,Конечная точка в данных: получает от 1 плательщ. (100 тыс ₸); исходящих ≥5 тыс ₸ нет,3,False,False,1,0,1,0,1,0,100000.0,0.0,1.0,0.0,1,0,0,0,0.00041602,0.0,1,0,0,0.0,0.0,0.5317,0.0,
100000003292979100,terminal,0.5862,9,0.2388,857,Конечная точка в данных: деньги от 2 seed; получает от 1 плательщ. (49 тыс ₸); исходящих ≥5 тыс ₸ нет,2,False,False,2,0,1,0,1,0,48950.0,0.0,1.0,0.0,1,0,0,0,0.00033031,0.0,1,0,0,0.0,0.0,0.3536,0.0,
100000001063678100,peripheral,0.5818,14,0.2388,858,"Периферия, явных признаков нет: получает от 1 плательщ. (35 тыс ₸); платит 2 получат. (90 тыс ₸); отдаёт в 2.6 раза больше видимого входа; 22% уходит ≤2 дн. после поступления",3,False,False,1,0,1,2,1,2,35000.0,90000.0,0.0,0.2222,1,0,0,0,0.00032775,3.963e-05,1,0,0,0.0,0.8363,0.5825,0.9036,
100000002779485100,terminal,0.5904,27,0.2387,859,Конечная точка в данных: получает от 1 плательщ. (91 тыс ₸); исходящих ≥5 тыс ₸ нет,2,False,False,1,0,1,0,2,0,91000.0,0.0,1.0,0.0,1,0,0,0,0.00054691,0.0,0,0,0,0.0,0.0,0.5098,0.0,
100000005893892100,terminal,0.6477,23,0.2386,860,Конечная точка в данных: деньги от 3 seed; получает от 1 плательщ. (103 тыс ₸); исходящих ≥5 тыс ₸ нет,3,False,False,3,0,1,0,1,0,102780.0,0.0,1.0,0.0,1,0,0,0,0.0002889,0.0,1,0,0,0.0,0.0,0.5482,0.0,
100000008417359100,peripheral,0.4343,10,0.2384,861,"Периферия, явных признаков нет: получает от 1 плательщ. (41 тыс ₸); платит 2 получат. (111 тыс ₸); отдаёт в 2.7 раза больше видимого входа; 81% уходит ≤2 дн. после поступления; повтор. маршрутов: 1",3,False,False,1,0,1,2,2,3,40810.0,110760.0,0.0,0.8126,1,0,0,1,0.00029199,0.0,1,1,0,0.0,0.8363,0.6332,0.0,
100000001384826100,peripheral,0.6169,23,0.2383,862,"Периферия, явных признаков нет: деньги от 3 seed; получает от 1 плательщ. (364 тыс ₸); платит 1 получат. (10 тыс ₸); отдаёт дальше 3% полученного",3,False,False,3,0,1,1,1,1,364260.0,10000.0,0.9725,0.0,1,0,0,0,0.00029737,1.922e-05,1,0,0,0.0,0.6409,0.8109,0.7297,
100000002958139100,terminal,0.6244,11,0.2383,863,Конечная точка в данных: получает от 1 плательщ. (210 тыс ₸); исходящих ≥5 тыс ₸ нет,3,False,False,1,0,1,0,2,0,209500.0,0.0,1.0,0.0,1,0,0,0,0.00030027,0.0,1,0,0,0.0,0.0,0.6929,0.0,
100000002842337100,terminal,0.5657,17,0.2382,864,Конечная точка в данных: получает от 1 плательщ. (50 тыс ₸); повтор. маршрутов: 1; исходящих ≥5 тыс ₸ нет,2,False,False,1,0,1,0,1,0,50000.0,0.0,1.0,0.0,1,0,0,1,0.00036666,0.0,1,0,0,0.0,0.0,0.3623,0.0,
100000002492277100,terminal,0.6072,3,0.2379,865,Конечная точка в данных: получает от 1 плательщ. (138 тыс ₸); исходящих ≥5 тыс ₸ нет,2,False,False,1,0,1,0,1,0,138500.0,0.0,1.0,0.0,1,0,0,0,0.0003074,0.0,1,0,0,0.0,0.0,0.5879,0.0,
100000003239379100,terminal,0.5909,29,0.2378,866,Конечная точка в данных: получает от 1 плательщ. (92 тыс ₸); исходящих ≥5 тыс ₸ нет,1,False,False,1,1,1,0,1,0,92500.0,0.0,1.0,0.0,1,0,0,0,0.00030092,0.0,1,0,0,0.0,0.0,0.5393,0.0,
100000008655035100,terminal,0.5648,17,0.2378,867,Конечная точка в данных: деньги от 2 seed; получает от 1 плательщ. (30 тыс ₸); исходящих ≥5 тыс ₸ нет,2,False,False,2,0,1,0,1,0,30000.0,0.0,1.0,0.0,1,0,0,0,0.00054014,0.0,0,0,0,0.0,0.0,0.2538,0.0,
100000002821425100,terminal,0.6334,16,0.2378,868,Конечная точка в данных: получает от 1 плательщ. (275 тыс ₸); исходящих ≥5 тыс ₸ нет,3,False,False,1,0,1,0,1,0,275000.0,0.0,1.0,0.0,1,0,0,0,0.00029867,0.0,1,0,0,0.0,0.0,0.7449,0.0,
100000001686328100,terminal,0.6082,11,0.2377,869,Конечная точка в данных: получает от 1 плательщ. (140 тыс ₸); исходящих ≥5 тыс ₸ нет,3,False,False,1,0,1,0,1,0,140000.0,0.0,1.0,0.0,1,0,0,0,0.00031505,0.0,1,0,0,0.0,0.0,0.6053,0.0,
100000002778085100,terminal,0.5775,4,0.2376,870,Конечная точка в данных: получает от 1 плательщ. (66 тыс ₸); исходящих ≥5 тыс ₸ нет,1,False,False,1,1,1,0,1,0,66208.0,0.0,1.0,0.0,1,0,0,0,0.00029269,0.0,1,0,0,0.0,0.0,0.4459,0.0,
100000003647799100,terminal,0.6469,23,0.2376,871,Конечная точка в данных: деньги от 3 seed; получает от 1 плательщ. (100 тыс ₸); исходящих ≥5 тыс ₸ нет,3,False,False,3,0,1,0,1,0,100000.0,0.0,1.0,0.0,1,0,0,0,0.00028881,0.0,1,0,0,0.0,0.0,0.5317,0.0,
100000004580202100,peripheral,0.6158,14,0.2374,872,"Периферия, явных признаков нет: деньги от 2 seed; получает от 1 плательщ. (9 тыс ₸); платит 3 получат. (45 тыс ₸); отдаёт в 5.0 раза больше видимого входа; 11% уходит ≤2 дн. после поступления",2,False,False,2,0,1,3,1,4,9000.0,45000.0,0.0,0.1111,1,0,0,0,0.00032162,5.944e-05,1,0,0,0.0,0.8395,0.3991,0.8612,
100000006126743100,terminal,0.6211,23,0.2373,873,Конечная точка в данных: деньги от 3 seed; получает от 1 плательщ. (55 тыс ₸); повтор. маршрутов: 1; исходящих ≥5 тыс ₸ нет,3,False,False,3,0,1,0,1,0,55000.0,0.0,1.0,0.0,1,0,0,1,0.00028735,0.0,1,0,0,0.0,0.0,0.4302,0.0,
100000005572303100,peripheral,0.7282,4,0.2372,874,"Периферия, явных признаков нет: деньги от 2 seed; получает от 1 плательщ. (75 тыс ₸); платит 1 получат. (20 тыс ₸); отдаёт дальше 27% полученного",2,False,False,2,0,1,1,1,1,75000.0,20000.0,0.7333,0.0,1,0,0,0,0.00031328,3.844e-05,1,0,0,0.0,0.5835,0.5249,0.8178,
100000001819396100,terminal,0.6149,24,0.2371,875,Конечная точка в данных: получает от 1 плательщ. (166 тыс ₸); исходящих ≥5 тыс ₸ нет,3,False,False,1,0,1,0,1,0,166080.0,0.0,1.0,0.0,1,0,0,0,0.00032722,0.0,1,0,0,0.0,0.0,0.6536,0.0,
100000005317181100,peripheral,0.6951,2,0.2364,876,"Периферия, явных признаков нет: деньги от 2 seed; получает от 1 плательщ. (141 тыс ₸); платит 1 получат. (14 тыс ₸); отдаёт дальше 10% полученного",3,False,False,2,0,1,1,1,1,141250.0,14500.0,0.8973,0.0,1,0,0,0,0.00032242,1.922e-05,1,0,0,0.0,0.6409,0.6409,0.7297,
100000008714412100,terminal,0.6157,17,0.2361,877,Конечная точка в данных: получает от 1 плательщ. (169 тыс ₸); исходящих ≥5 тыс ₸ нет,3,False,False,1,0,1,0,1,0,169000.0,0.0,1.0,0.0,1,0,0,0,0.00031167,0.0,1,0,0,0.0,0.0,0.6561,0.0,
100000002539625100,terminal,0.5921,11,0.236,878,Конечная точка в данных: получает от 1 плательщ. (95 тыс ₸); исходящих ≥5 тыс ₸ нет,2,False,False,1,0,1,0,1,0,94700.0,0.0,1.0,0.0,1,0,0,0,0.00034502,0.0,1,0,0,0.0,0.0,0.5228,0.0,
100000003190207100,peripheral,0.6631,1,0.2359,879,"Периферия, явных признаков нет: получает от 1 плательщ. (5 тыс ₸); платит 1 получат. (377 тыс ₸); отдаёт в 75.4 раза больше видимого входа; 11% уходит ≤2 дн. после поступления",3,False,False,1,0,1,1,1,8,5000.0,377000.0,0.0,0.1061,1,0,0,0,0.00029913,2.1e-05,1,0,0,0.0,0.6409,0.8135,0.8401,
100000006595426100,terminal,0.5868,3,0.2357,880,Конечная точка в данных: получает от 1 плательщ. (85 тыс ₸); исходящих ≥5 тыс ₸ нет,2,False,False,1,0,1,0,3,0,84800.0,0.0,1.0,0.0,1,0,0,0,0.00033432,0.0,1,0,0,0.0,0.0,0.4859,0.0,
100000004096559100,terminal,0.5577,17,0.2356,881,Конечная точка в данных: получает от 1 плательщ. (46 тыс ₸); исходящих ≥5 тыс ₸ нет,3,False,False,1,0,1,0,1,0,46200.0,0.0,1.0,0.0,1,0,0,0,0.00097659,0.0,0,0,0,0.0,0.0,0.3731,0.0,
100000002633701100,terminal,0.6325,31,0.2354,882,Конечная точка в данных: получает от 1 плательщ. (267 тыс ₸); исходящих ≥5 тыс ₸ нет,2,False,False,1,0,1,0,1,0,266850.0,0.0,1.0,0.0,1,0,0,0,0.00031068,0.0,1,0,0,0.0,0.0,0.7354,0.0,
100000003132484100,terminal,0.5899,31,0.2354,883,Конечная точка в данных: получает от 1 плательщ. (90 тыс ₸); исходящих ≥5 тыс ₸ нет,3,False,False,1,0,1,0,1,0,90000.0,0.0,1.0,0.0,1,0,0,0,0.00053882,0.0,0,0,0,0.0,0.0,0.5114,0.0,
100000001056414100,terminal,0.6309,16,0.2353,884,Конечная точка в данных: получает от 1 плательщ. (250 тыс ₸); исходящих ≥5 тыс ₸ нет,3,False,False,1,0,1,0,1,0,250000.0,0.0,1.0,0.0,1,0,0,0,0.00029748,0.0,1,0,0,0.0,0.0,0.7272,0.0,
100000000942301100,terminal,0.5975,2,0.2352,885,Конечная точка в данных: деньги от 2 seed; получает от 1 плательщ. (58 тыс ₸); исходящих ≥5 тыс ₸ нет,3,False,False,2,0,1,0,2,0,57580.0,0.0,1.0,0.0,1,0,0,0,0.00030059,0.0,1,0,0,0.0,0.0,0.4404,0.0,
100000001251686100,terminal,0.5596,3,0.2351,886,Конечная точка в данных: деньги от 3 seed; получает от 1 плательщ. (18 тыс ₸); повтор. маршрутов: 1; исходящих ≥5 тыс ₸ нет,2,False,False,3,0,1,0,1,0,18000.0,0.0,1.0,0.0,1,0,0,1,0.00029657,0.0,1,0,0,0.0,0.0,0.1345,0.0,
100000003089553100,terminal,0.6113,11,0.2351,887,Конечная точка в данных: получает от 1 плательщ. (150 тыс ₸); исходящих ≥5 тыс ₸ нет,3,False,False,1,0,1,0,1,0,150000.0,0.0,1.0,0.0,1,0,0,0,0.00030709,0.0,1,0,0,0.0,0.0,0.6206,0.0,
100000006894637100,terminal,0.5683,2,0.235,888,Конечная точка в данных: получает от 1 плательщ. (53 тыс ₸); повтор. маршрутов: 2; исходящих ≥5 тыс ₸ нет,3,False,False,1,0,1,0,1,0,52831.0,0.0,1.0,0.0,1,0,0,2,0.00029025,0.0,1,0,0,0.0,0.0,0.4213,0.0,
100000002028158100,terminal,0.5951,4,0.2348,889,Конечная точка в данных: деньги от 3 seed; получает от 1 плательщ. (35 тыс ₸); исходящих ≥5 тыс ₸ нет,2,False,False,3,0,1,0,1,0,34800.0,0.0,1.0,0.0,1,0,0,0,0.00029664,0.0,1,0,0,0.0,0.0,0.3037,0.0,
100000004921657100,peripheral,0.35,9,0.2348,890,"Периферия, явных признаков нет: получает от 1 плательщ. (8 тыс ₸); платит 1 получат. (22 тыс ₸); отдаёт в 2.7 раза больше видимого входа; 100% уходит ≤2 дн. после поступления",3,False,False,1,0,1,1,1,1,8300.0,22190.0,0.0,1.0,1,1,0,0,0.0003613,0.0,1,0,0,0.0,0.6409,0.2881,0.0,
100000003104347100,peripheral,0.6874,14,0.2347,891,"Периферия, явных признаков нет: получает от 1 плательщ. (418 тыс ₸); платит 1 получат. (32 тыс ₸); отдаёт дальше 8% полученного",2,False,False,1,0,1,1,1,1,418000.0,32000.0,0.9234,0.0,1,0,0,0,0.00036432,1.922e-05,1,0,0,0.0,0.5835,0.8069,0.7354,
100000001848426100,terminal,0.5927,21,0.2347,892,Конечная точка в данных: получает от 1 плательщ. (96 тыс ₸); повтор. маршрутов: 1; исходящих ≥5 тыс ₸ нет,2,False,False,1,0,1,0,1,0,95530.0,0.0,1.0,0.0,1,0,0,1,0.00030368,0.0,1,0,0,0.0,0.0,0.5271,0.0,
100000001550388100,terminal,0.5657,3,0.2346,893,Конечная точка в данных: получает от 1 плательщ. (50 тыс ₸); исходящих ≥5 тыс ₸ нет,1,False,False,1,1,1,0,1,0,50000.0,0.0,1.0,0.0,1,0,0,0,0.00029495,0.0,1,0,0,0.0,0.0,0.3758,0.0,
100000003123296100,terminal,0.5878,29,0.2345,894,Конечная точка в данных: получает от 1 плательщ. (86 тыс ₸); исходящих ≥5 тыс ₸ нет,1,False,False,1,1,1,0,2,0,86200.0,0.0,1.0,0.0,1,0,0,0,0.00029987,0.0,1,0,0,0.0,0.0,0.5202,0.0,
100000000993112100,terminal,0.6086,37,0.2345,895,Конечная точка в данных: получает от 1 плательщ. (141 тыс ₸); исходящих ≥5 тыс ₸ нет,2,False,False,1,0,1,0,1,0,141000.0,0.0,1.0,0.0,1,0,0,0,0.00044111,0.0,1,0,0,0.0,0.0,0.5965,0.0,
100000002015633100,terminal,0.6424,23,0.2344,896,Конечная точка в данных: деньги от 3 seed; получает от 1 плательщ. (95 тыс ₸); исходящих ≥5 тыс ₸ нет,3,False,False,3,0,1,0,1,0,94970.0,0.0,1.0,0.0,1,0,0,0,0.00028865,0.0,1,0,0,0.0,0.0,0.5241,0.0,
100000002121357100,peripheral,0.6608,11,0.2344,897,"Периферия, явных признаков нет: получает от 2 плательщ. (255 тыс ₸); платит 1 получат. (113 тыс ₸); отдаёт дальше 44% полученного",3,False,False,1,0,2,1,2,1,255300.0,113000.0,0.5574,0.0,1,0,0,0,0.00032627,2.16e-05,2,0,0,0.8414,0.6409,0.8071,0.8515,
100000001541418100,terminal,0.658,31,0.2342,898,Конечная точка в данных: деньги от 2 seed; получает от 2 плательщ. (97 тыс ₸); исходящих ≥5 тыс ₸ нет,2,False,False,2,0,2,0,2,0,96900.0,0.0,1.0,0.0,1,0,0,0,0.00030353,0.0,2,0,1,0.731,0.0,0.5315,0.0,
100000002170580100,terminal,0.6113,31,0.2341,899,Конечная точка в данных: получает от 1 плательщ. (150 тыс ₸); исходящих ≥5 тыс ₸ нет,2,False,False,1,0,1,0,1,0,150000.0,0.0,1.0,0.0,1,0,0,0,0.00035704,0.0,1,0,0,0.0,0.0,0.603,0.0,
100000003215448100,peripheral,0.6591,2,0.2341,900,"Периферия, явных признаков нет: получает от 1 плательщ. (91 тыс ₸); платит 2 получат. (124 тыс ₸); отдаёт в 1.4 раза больше видимого входа; 6% уходит ≤2 дн. после поступления",3,False,False,1,0,1,2,1,4,91309.0,124000.0,0.0,0.0645,1,0,0,0,0.00030415,3.844e-05,1,0,0,0.0,0.8363,0.698,0.8731,
100000003970394100,terminal,0.5874,29,0.2339,901,Конечная точка в данных: получает от 1 плательщ. (85 тыс ₸); исходящих ≥5 тыс ₸ нет,1,False,False,1,1,1,0,1,0,85000.0,0.0,1.0,0.0,1,0,0,0,0.00029968,0.0,1,0,0,0.0,0.0,0.5138,0.0,
100000001373265100,peripheral,0.7324,2,0.2336,902,"Периферия, явных признаков нет: получает от 1 плательщ. (142 тыс ₸); платит 1 получат. (5 тыс ₸); отдаёт дальше 4% полученного; повтор. маршрутов: 1",3,False,False,1,0,1,1,1,1,142482.0,5000.0,0.9649,0.0,1,0,0,1,0.00031456,1.922e-05,1,0,0,0.0,0.6409,0.618,0.7297,
100000005363908100,peripheral,0.35,41,0.2334,903,"Периферия, явных признаков нет: получает от 1 плательщ. (20 тыс ₸); платит 1 получат. (20 тыс ₸); отдаёт дальше 100% полученного; 100% уходит ≤2 дн. после поступления",1,False,False,1,1,1,1,1,1,19500.0,19500.0,0.0,1.0,1,0,0,0,0.00033852,0.0,0,0,0,0.0,0.6476,0.3015,0.0,
100000006882208100,terminal,0.5096,4,0.2334,904,Конечная точка в данных: получает от 1 плательщ. (18 тыс ₸); повтор. маршрутов: 1; исходящих ≥5 тыс ₸ нет,3,False,False,1,0,1,0,1,0,18000.0,0.0,1.0,0.0,1,0,0,1,0.00064032,0.0,1,0,0,0.0,0.0,0.1485,0.0,
100000004441291100,terminal,0.5417,9,0.2331,905,Конечная точка в данных: деньги от 2 seed; получает от 1 плательщ. (20 тыс ₸); исходящих ≥5 тыс ₸ нет,2,False,False,2,0,1,0,1,0,20000.0,0.0,1.0,0.0,1,0,0,0,0.00054884,0.0,1,0,0,0.0,0.0,0.1453,0.0,
100000006989106100,terminal,0.576,17,0.2331,906,Конечная точка в данных: получает от 1 плательщ. (64 тыс ₸); исходящих ≥5 тыс ₸ нет,2,False,False,1,0,1,0,2,0,64000.0,0.0,1.0,0.0,1,0,0,0,0.00049564,0.0,0,0,0,0.0,0.0,0.436,0.0,
100000003677936100,peripheral,0.6852,3,0.2331,907,"Периферия, явных признаков нет: получает от 1 плательщ. (71 тыс ₸); платит 1 получат. (13 тыс ₸); отдаёт дальше 18% полученного; 46% уходит ≤2 дн. после поступления",3,False,False,1,0,1,1,1,2,71000.0,13000.0,0.8169,0.4615,1,0,0,0,0.00030888,1.922e-05,1,0,0,0.0,0.6409,0.4949,0.7297,
100000004183610100,peripheral,0.7135,27,0.2331,908,"Периферия, явных признаков нет: получает от 1 плательщ. (22 тыс ₸); платит 1 получат. (915 тыс ₸); отдаёт в 41.6 раза больше видимого входа; 2% уходит ≤2 дн. после поступления",3,False,False,1,0,1,1,1,3,22000.0,915000.0,0.0,0.0164,1,0,0,0,0.00034076,1.962e-05,1,0,0,0.0,0.6409,0.9365,0.8096,
100000007629121100,terminal,0.5609,9,0.233,909,Конечная точка в данных: деньги от 2 seed; получает от 1 плательщ. (29 тыс ₸); исходящих ≥5 тыс ₸ нет,2,False,False,2,0,1,0,1,0,29000.0,0.0,1.0,0.0,1,0,0,0,0.00039604,0.0,0,0,0,0.0,0.0,0.2451,0.0,
100000001893287100,peripheral,0.63,21,0.233,910,"Периферия, явных признаков нет: получает от 1 плательщ. (18 тыс ₸); платит 1 получат. (153 тыс ₸); отдаёт в 8.5 раза больше видимого входа; 38% уходит ≤2 дн. после поступления",3,False,False,1,0,1,1,3,14,18000.0,152700.0,0.0,0.3779,1,0,0,0,0.00061845,0.0,0,0,0,0.0,0.6409,0.6599,0.0,
100000002293421100,peripheral,0.5773,39,0.2327,911,"Периферия, явных признаков нет: получает от 2 плательщ. (41 тыс ₸); платит 2 получат. (47 тыс ₸); отдаёт в 1.1 раза больше видимого входа; 32% уходит ≤2 дн. после поступления",2,False,False,1,0,2,2,6,5,41000.0,47000.0,0.0,0.3191,1,0,0,0,0.00097483,1.962e-05,1,1,0,0.731,0.7614,0.4924,0.7636,
100000002662768100,terminal,0.5868,37,0.2325,912,Конечная точка в данных: получает от 1 плательщ. (84 тыс ₸); исходящих ≥5 тыс ₸ нет,1,False,False,1,1,1,0,1,0,84300.0,0.0,1.0,0.0,1,0,0,0,0.00030646,0.0,1,0,0,0.0,0.0,0.5074,0.0,
100000001600934100,peripheral,0.7215,2,0.2324,913,"Периферия, явных признаков нет: получает от 1 плательщ. (180 тыс ₸); платит 1 получат. (11 тыс ₸); отдаёт дальше 6% полученного",3,False,False,1,0,1,1,2,1,180300.0,11000.0,0.939,0.0,1,1,0,0,0.00236685,0.0,1,1,0,0.0,0.6409,0.6802,0.0,
100000002933386100,peripheral,0.7152,3,0.2324,914,"Периферия, явных признаков нет: получает от 1 плательщ. (15 тыс ₸); платит 1 получат. (58 тыс ₸); отдаёт в 3.9 раза больше видимого входа",3,False,False,1,0,1,1,1,1,15000.0,58000.0,0.0,0.0,1,0,0,0,0.00065278,2.001e-05,1,0,0,0.0,0.6409,0.4734,0.8287,
100000002284426100,terminal,0.6399,23,0.2322,915,Конечная точка в данных: деньги от 3 seed; получает от 1 плательщ. (90 тыс ₸); исходящих ≥5 тыс ₸ нет,3,False,False,3,0,1,0,2,0,90000.0,0.0,1.0,0.0,1,0,0,0,0.00028849,0.0,1,0,0,0.0,0.0,0.5114,0.0,
100000008459449100,terminal,0.5944,2,0.2321,916,Конечная точка в данных: деньги от 2 seed; получает от 1 плательщ. (54 тыс ₸); исходящих ≥5 тыс ₸ нет,3,False,False,2,0,1,0,1,0,53700.0,0.0,1.0,0.0,1,0,0,0,0.00029958,0.0,1,0,0,0.0,0.0,0.4251,0.0,
100000005077484100,peripheral,0.7296,36,0.2319,917,"Периферия, явных признаков нет: получает от 1 плательщ. (150 тыс ₸); платит 2 получат. (14 тыс ₸); отдаёт дальше 9% полученного; 52% уходит ≤2 дн. после поступления",2,False,False,1,0,1,2,1,2,150000.0,13550.0,0.9097,0.5203,1,0,0,0,0.00053971,4e-07,1,1,0,0.0,0.7614,0.6356,0.6573,
100000001952325100,terminal,0.5841,35,0.2314,918,Конечная точка в данных: получает от 1 плательщ. (78 тыс ₸); исходящих ≥5 тыс ₸ нет,1,False,False,1,1,1,0,2,0,77888.0,0.0,1.0,0.0,1,0,0,0,0.00030192,0.0,1,0,0,0.0,0.0,0.4883,0.0,
100000008599354100,peripheral,0.6853,2,0.2314,919,"Периферия, явных признаков нет: деньги от 2 seed; получает от 1 плательщ. (177 тыс ₸); платит 1 получат. (38 тыс ₸); отдаёт дальше 22% полученного",3,False,False,2,0,1,1,1,2,177000.0,38200.0,0.7842,0.0,1,0,0,0,0.00033174,4.36e-06,1,0,0,0.0,0.6409,0.6967,0.7208,
100000001726614100,terminal,0.6073,2,0.2313,920,Конечная точка в данных: получает от 1 плательщ. (139 тыс ₸); исходящих ≥5 тыс ₸ нет,3,False,False,1,0,1,0,1,0,138717.0,0.0,1.0,0.0,1,0,0,0,0.00029787,0.0,1,0,0,0.0,0.0,0.6041,0.0,
100000003039473100,terminal,0.5462,4,0.2312,921,Конечная точка в данных: деньги от 2 seed; получает от 1 плательщ. (23 тыс ₸); повтор. маршрутов: 1; исходящих ≥5 тыс ₸ нет,2,False,False,2,0,1,0,1,0,23000.0,0.0,1.0,0.0,1,0,0,1,0.00031221,0.0,1,0,0,0.0,0.0,0.1822,0.0,
100000008737422100,terminal,0.5837,35,0.231,922,Конечная точка в данных: получает от 1 плательщ. (77 тыс ₸); исходящих ≥5 тыс ₸ нет,1,False,False,1,1,1,0,1,0,76903.0,0.0,1.0,0.0,1,0,0,0,0.00030171,0.0,1,0,0,0.0,0.0,0.4862,0.0,
100000005326681100,terminal,0.5912,4,0.2309,923,Конечная точка в данных: деньги от 3 seed; получает от 1 плательщ. (31 тыс ₸); исходящих ≥5 тыс ₸ нет,2,False,False,3,0,1,0,1,0,31228.0,0.0,1.0,0.0,1,0,0,0,0.0002955,0.0,1,0,0,0.0,0.0,0.282,0.0,
100000002750956100,terminal,0.56,3,0.2308,924,Конечная точка в данных: получает от 1 плательщ. (47 тыс ₸); исходящих ≥5 тыс ₸ нет,1,False,False,1,1,1,0,1,0,47416.0,0.0,1.0,0.0,1,0,0,0,0.00029447,0.0,1,0,0,0.0,0.0,0.3609,0.0,
100000002593038100,terminal,0.5601,29,0.2308,925,Конечная точка в данных: деньги от 2 seed; получает от 1 плательщ. (28 тыс ₸); исходящих ≥5 тыс ₸ нет,2,False,False,2,0,1,0,1,0,28500.0,0.0,1.0,0.0,1,0,0,0,0.00065861,0.0,1,0,0,0.0,0.0,0.243,0.0,
100000005367445100,peripheral,0.35,11,0.2307,926,"Периферия, явных признаков нет: получает от 1 плательщ. (5 тыс ₸); платит 1 получат. (5 тыс ₸); отдаёт дальше 100% полученного; 100% уходит ≤2 дн. после поступления",3,False,False,1,0,1,1,1,1,5000.0,5000.0,0.0,1.0,1,0,0,0,0.001843,0.0,0,0,0,0.0,0.6409,0.0457,0.0,
100000004134060100,terminal,0.5886,11,0.2304,927,Конечная точка в данных: получает от 1 плательщ. (88 тыс ₸); исходящих ≥5 тыс ₸ нет,2,False,False,1,0,1,0,1,0,88179.0,0.0,1.0,0.0,1,0,0,0,0.00032801,0.0,1,0,0,0.0,0.0,0.4967,0.0,
100000005075949100,peripheral,0.7015,3,0.2304,928,"Периферия, явных признаков нет: 4-е колено: исходящие не видны; получает от 1 плательщ. (2.2 млн ₸); по обороту больше всех узлов 4-го колена",4,False,True,0,0,1,0,7,0,2226000.0,0.0,,0.0,1,0,0,0,0.00076791,0.0,0,0,0,0.0,,1.0,0.0,volume
100000006679055100,terminal,0.5789,3,0.2303,929,Конечная точка в данных: деньги от 3 seed; получает от 1 плательщ. (25 тыс ₸); исходящих ≥5 тыс ₸ нет,2,False,False,3,0,1,0,1,0,25000.0,0.0,1.0,0.0,1,0,0,0,0.00030085,0.0,1,0,0,0.0,0.0,0.2039,0.0,
100000004726132100,peripheral,0.6938,2,0.2302,930,"Периферия, явных признаков нет: получает от 1 плательщ. (349 тыс ₸); платит 1 получат. (24 тыс ₸); отдаёт дальше 7% полученного",3,False,False,1,0,1,1,1,2,349000.0,24000.0,0.9312,0.0,1,0,0,0,0.00031652,1.922e-05,1,0,0,0.0,0.6409,0.8096,0.7297,
100000002653948100,terminal,0.6375,23,0.2301,931,Конечная точка в данных: деньги от 3 seed; получает от 1 плательщ. (85 тыс ₸); исходящих ≥5 тыс ₸ нет,3,False,False,3,0,1,0,1,0,85200.0,0.0,1.0,0.0,1,0,0,0,0.00028833,0.0,1,0,0,0.0,0.0,0.5,0.0,
100000003089018100,terminal,0.6272,31,0.23,932,Конечная точка в данных: получает от 1 плательщ. (230 тыс ₸); исходящих ≥5 тыс ₸ нет,2,False,False,1,0,1,0,1,0,230000.0,0.0,1.0,0.0,1,0,0,0,0.00030721,0.0,1,0,0,0.0,0.0,0.7072,0.0,
100000008655779100,peripheral,0.7002,12,0.2297,933,"Периферия, явных признаков нет: получает от 1 плательщ. (47 тыс ₸); платит 2 получат. (25 тыс ₸); отдаёт дальше 53% полученного",3,False,False,1,0,1,2,1,2,47000.0,24704.0,0.4744,0.0,1,0,0,0,0.00039705,5.921e-05,0,1,0,0.0,0.8363,0.4721,0.9277,
100000003071649100,terminal,0.6196,11,0.2297,934,Конечная точка в данных: получает от 1 плательщ. (190 тыс ₸); исходящих ≥5 тыс ₸ нет,3,False,False,1,0,1,0,1,0,189500.0,0.0,1.0,0.0,1,0,0,0,0.00029533,0.0,1,0,0,0.0,0.0,0.6764,0.0,
100000003942602100,peripheral,0.35,35,0.2296,935,"Периферия, явных признаков нет: получает от 1 плательщ. (30 тыс ₸); платит 1 получат. (30 тыс ₸); отдаёт дальше 100% полученного; 100% уходит ≤2 дн. после поступления",1,False,False,1,1,1,1,1,1,30000.0,30000.0,0.0,1.0,1,0,0,0,0.00029187,0.0,1,1,0,0.0,0.6476,0.4268,0.0,
100000001688676100,terminal,0.606,15,0.2295,936,Конечная точка в данных: получает от 1 плательщ. (134 тыс ₸); исходящих ≥5 тыс ₸ нет,3,False,False,1,0,1,0,1,0,133700.0,0.0,1.0,0.0,1,0,0,0,0.00030843,0.0,1,0,0,0.0,0.0,0.599,0.0,
100000004792397100,terminal,0.5818,35,0.2294,937,Конечная точка в данных: получает от 1 плательщ. (74 тыс ₸); исходящих ≥5 тыс ₸ нет,1,False,False,1,1,1,0,1,0,73520.0,0.0,1.0,0.0,1,0,0,0,0.000301,0.0,1,0,0,0.0,0.0,0.4713,0.0,
100000001961048100,terminal,0.6113,16,0.2294,938,Конечная точка в данных: получает от 1 плательщ. (150 тыс ₸); исходящих ≥5 тыс ₸ нет,2,False,False,1,0,1,0,1,0,150000.0,0.0,1.0,0.0,1,0,0,0,0.00030431,0.0,1,0,0,0.0,0.0,0.603,0.0,
100000001329153100,terminal,0.6366,30,0.2294,939,Конечная точка в данных: деньги от 2 seed; получает от 1 плательщ. (151 тыс ₸); исходящих ≥5 тыс ₸ нет,3,False,False,2,0,1,0,1,0,150687.0,0.0,1.0,0.0,1,0,0,0,0.00029406,0.0,1,0,0,0.0,0.0,0.6282,0.0,
100000006030946100,terminal,0.5815,35,0.2293,940,Конечная точка в данных: получает от 1 плательщ. (73 тыс ₸); исходящих ≥5 тыс ₸ нет,1,False,False,1,1,1,0,1,0,73289.0,0.0,1.0,0.0,1,0,0,0,0.00030095,0.0,1,0,0,0.0,0.0,0.4692,0.0,
100000002475601100,terminal,0.6276,27,0.2289,941,Конечная точка в данных: получает от 1 плательщ. (232 тыс ₸); исходящих ≥5 тыс ₸ нет,3,False,False,1,0,1,0,1,0,232301.0,0.0,1.0,0.0,1,0,0,0,0.00030211,0.0,1,0,0,0.0,0.0,0.7107,0.0,
100000002906470100,terminal,0.6053,15,0.2289,942,Конечная точка в данных: получает от 1 плательщ. (130 тыс ₸); исходящих ≥5 тыс ₸ нет,3,False,False,1,0,1,0,1,0,130000.0,0.0,1.0,0.0,1,0,0,0,0.0003078,0.0,1,0,0,0.0,0.0,0.5926,0.0,
100000000733451100,peripheral,0.6995,42,0.2288,943,"Периферия, явных признаков нет: получает от 1 плательщ. (70 тыс ₸); платит 1 получат. (300 тыс ₸); отдаёт в 4.3 раза больше видимого входа",3,False,False,1,0,1,1,2,1,70000.0,300000.0,0.0,0.0,1,0,0,0,0.00054126,2.457e-05,0,0,0,0.0,0.6409,0.8084,0.868,
100000003888197100,terminal,0.6364,23,0.2288,944,Конечная точка в данных: деньги от 3 seed; получает от 1 плательщ. (83 тыс ₸); исходящих ≥5 тыс ₸ нет,3,False,False,3,0,1,0,1,0,83167.0,0.0,1.0,0.0,1,0,0,0,0.00028826,0.0,1,0,0,0.0,0.0,0.4924,0.0,
100000006967370100,peripheral,0.3981,23,0.2287,945,"Периферия, явных признаков нет: получает от 1 плательщ. (33 тыс ₸); платит 1 получат. (14 тыс ₸); отдаёт дальше 41% полученного; 100% уходит ≤2 дн. после поступления",3,False,False,1,0,1,1,1,1,33225.0,13526.27,0.5929,1.0,1,0,0,0,0.00029359,1.922e-05,1,0,0,0.0,0.6409,0.3756,0.7297,
100000002870937100,terminal,0.5866,17,0.2281,946,Конечная точка в данных: получает от 1 плательщ. (84 тыс ₸); исходящих ≥5 тыс ₸ нет,1,False,False,1,1,1,0,1,0,83700.0,0.0,1.0,0.0,1,0,0,0,0.00029037,0.0,1,0,0,0.0,0.0,0.5053,0.0,
100000005198906100,peripheral,0.6354,23,0.228,947,"Периферия, явных признаков нет: деньги от 3 seed; получает от 1 плательщ. (228 тыс ₸); платит 1 получат. (60 тыс ₸); отдаёт дальше 26% полученного",3,False,False,3,0,1,1,1,1,227970.0,60000.0,0.7368,0.0,1,0,0,0,0.00029296,1.922e-05,1,0,0,0.0,0.6409,0.7551,0.7297,
100000001439416100,peripheral,0.7165,3,0.228,948,"Периферия, явных признаков нет: получает от 1 плательщ. (10 тыс ₸); платит 2 получат. (165 тыс ₸); отдаёт в 16.5 раза больше видимого входа",3,False,False,1,0,1,2,1,3,10000.0,165000.0,0.0,0.0,1,0,0,0,0.0003409,1.981e-05,0,0,0,0.0,0.8363,0.6624,0.8211,
100000003497735100,terminal,0.6042,15,0.2277,949,Конечная точка в данных: получает от 1 плательщ. (125 тыс ₸); исходящих ≥5 тыс ₸ нет,3,False,False,1,0,1,0,1,0,125000.0,0.0,1.0,0.0,1,0,0,0,0.00030695,0.0,1,0,0,0.0,0.0,0.5825,0.0,
100000005877725100,terminal,0.58,35,0.2276,950,Конечная точка в данных: получает от 1 плательщ. (70 тыс ₸); исходящих ≥5 тыс ₸ нет,1,False,False,1,1,1,0,1,0,70000.0,0.0,1.0,0.0,1,0,0,0,0.00030026,0.0,1,0,0,0.0,0.0,0.4544,0.0,
100000004591973100,peripheral,0.7132,29,0.2272,951,"Периферия, явных признаков нет: деньги от 2 seed; получает от 1 плательщ. (10 тыс ₸); платит 1 получат. (100 тыс ₸); отдаёт в 10.0 раза больше видимого входа",3,False,False,2,0,1,1,1,1,10000.0,100000.0,0.0,0.0,1,0,0,0,0.00039913,2.041e-05,1,0,0,0.0,0.6409,0.5571,0.8376,
100000008469048100,peripheral,0.7411,2,0.2271,952,"Периферия, явных признаков нет: 4-е колено: исходящие не видны; получает от 1 плательщ. (265 тыс ₸); повтор. маршрутов: 1",4,False,True,0,0,1,0,7,0,265200.0,0.0,,0.0,1,0,0,1,0.00057881,0.0,1,0,0,0.0,,0.8713,0.0,
100000008116374100,terminal,0.5413,4,0.2269,953,Конечная точка в данных: получает от 1 плательщ. (31 тыс ₸); повтор. маршрутов: 1; исходящих ≥5 тыс ₸ нет,1,False,False,1,1,1,0,1,0,31284.0,0.0,1.0,0.0,1,0,0,1,0.00028893,0.0,1,0,0,0.0,0.0,0.2527,0.0,
100000004806903100,terminal,0.5346,9,0.2269,954,Конечная точка в данных: деньги от 2 seed; получает от 1 плательщ. (18 тыс ₸); исходящих ≥5 тыс ₸ нет,2,False,False,2,0,1,0,1,0,18000.0,0.0,1.0,0.0,1,0,0,0,0.00053354,0.0,1,0,0,0.0,0.0,0.1345,0.0,
100000008571243100,terminal,0.6062,17,0.2268,955,Конечная точка в данных: получает от 1 плательщ. (134 тыс ₸); исходящих ≥5 тыс ₸ нет,3,False,False,1,0,1,0,1,0,134000.0,0.0,1.0,0.0,1,0,0,0,0.00030626,0.0,1,0,0,0.0,0.0,0.6003,0.0,
100000006008169100,terminal,0.58,29,0.2266,956,Конечная точка в данных: получает от 1 плательщ. (70 тыс ₸); исходящих ≥5 тыс ₸ нет,1,False,False,1,1,1,0,1,0,70000.0,0.0,1.0,0.0,1,0,0,0,0.00029719,0.0,1,0,0,0.0,0.0,0.4544,0.0,
100000008516839100,consolidator,0.417,15,0.2264,957,"Признаки консолидации: деньги от 3 seed (1 напрямую); получает от 3 плательщ. (155 тыс ₸); исходящих ≥5 тыс ₸ нет; seed, входящие занижены",0,True,False,3,1,3,0,4,0,155000.0,0.0,,0.0,2,0,0,0,0.00106958,0.0,0,0,0,0.8375,0.0,0.5875,0.0,
100000004689658100,peripheral,0.6841,27,0.2263,958,"Периферия, явных признаков нет: получает от 1 плательщ. (456 тыс ₸); платит 1 получат. (7 тыс ₸); отдаёт дальше 2% полученного",3,False,False,1,0,1,1,1,1,456100.0,7092.0,0.9845,0.0,1,0,0,0,0.00038632,1.922e-05,1,0,0,0.0,0.6409,0.8477,0.7297,
100000008417029100,terminal,0.5969,11,0.2263,959,Конечная точка в данных: получает от 1 плательщ. (100 тыс ₸); исходящих ≥5 тыс ₸ нет,3,False,False,1,0,1,0,1,0,100000.0,0.0,1.0,0.0,1,0,0,0,0.00030663,0.0,1,0,0,0.0,0.0,0.5317,0.0,
100000002609774100,peripheral,0.5411,13,0.2262,960,"Периферия, явных признаков нет: получает от 1 плательщ. (8 тыс ₸); платит 1 получат. (28 тыс ₸); отдаёт в 3.6 раза больше видимого входа; повтор. маршрутов: 1",1,False,False,1,1,1,1,1,1,7700.0,27500.0,0.0,0.0,1,0,0,1,0.0002864,0.0002797,1,0,1,0.0,0.6476,0.2739,0.9384,
100000002983426100,terminal,0.5887,13,0.226,961,Конечная точка в данных: получает от 1 плательщ. (89 тыс ₸); исходящих ≥5 тыс ₸ нет,3,False,False,1,0,1,0,1,0,88945.0,0.0,1.0,0.0,1,0,0,0,0.00031871,0.0,1,0,0,0.0,0.0,0.5089,0.0,
100000006020215100,peripheral,0.5977,3,0.226,962,"Периферия, явных признаков нет: деньги от 2 seed; получает от 1 плательщ. (30 тыс ₸); платит 2 получат. (34 тыс ₸); отдаёт в 1.1 раза больше видимого входа",3,False,False,2,0,1,2,1,2,30000.0,33800.0,0.0,0.0,1,1,0,0,0.00029667,6.056e-05,1,0,1,0.0,0.8363,0.4518,0.9315,
100000001684867100,terminal,0.5403,4,0.2259,963,Конечная точка в данных: получает от 1 плательщ. (31 тыс ₸); повтор. маршрутов: 1; исходящих ≥5 тыс ₸ нет,1,False,False,1,1,1,0,1,0,30550.0,0.0,1.0,0.0,1,0,0,1,0.00028885,0.0,1,0,0,0.0,0.0,0.2463,0.0,
100000000646541100,terminal,0.6093,3,0.2258,964,Конечная точка в данных: получает от 3 плательщ. (25 тыс ₸); исходящих ≥5 тыс ₸ нет,2,False,False,1,0,3,0,4,0,25300.0,0.0,1.0,0.0,1,0,0,0,0.00050586,0.0,1,0,1,0.8503,0.0,0.2234,0.0,
100000002479804100,peripheral,0.5249,37,0.2257,965,"Периферия, явных признаков нет: получает от 1 плательщ. (46 тыс ₸); платит 2 получат. (35 тыс ₸); отдаёт дальше 77% полученного; 65% уходит ≤2 дн. после поступления",1,False,False,1,1,1,2,1,2,46000.0,35300.0,0.2326,0.6516,1,0,0,0,0.00029697,1.78e-06,1,0,0,0.0,0.7834,0.4968,0.7219,
100000002182176100,terminal,0.5538,3,0.2255,966,Конечная точка в данных: получает от 1 плательщ. (42 тыс ₸); исходящих ≥5 тыс ₸ нет,1,False,False,1,1,1,0,1,0,42465.0,0.0,1.0,0.0,1,0,0,0,0.00029354,0.0,1,0,0,0.0,0.0,0.3248,0.0,
100000001601320100,peripheral,0.7806,17,0.2255,967,"Периферия, явных признаков нет: получает от 2 плательщ. (44 тыс ₸); платит 1 получат. (46 тыс ₸); отдаёт в 1.1 раза больше видимого входа; повтор. маршрутов: 1",2,False,False,1,0,2,1,2,1,43500.0,46200.0,0.0,0.0,1,0,0,1,0.00081176,9.9e-07,1,0,0,0.731,0.5835,0.5011,0.679,
100000008737958100,terminal,0.6091,35,0.2254,968,Конечная точка в данных: получает от 2 плательщ. (53 тыс ₸); исходящих ≥5 тыс ₸ нет,1,False,False,1,1,2,0,2,0,53373.0,0.0,1.0,0.0,1,0,0,0,0.00029963,0.0,2,0,0,0.6624,0.0,0.4034,0.0,
100000001835625100,terminal,0.6326,23,0.2254,969,Конечная точка в данных: деньги от 3 seed; получает от 1 плательщ. (75 тыс ₸); исходящих ≥5 тыс ₸ нет,3,False,False,3,0,1,0,1,0,75130.0,0.0,1.0,0.0,1,0,0,0,0.000288,0.0,1,0,0,0.0,0.0,0.4797,0.0,
100000005932987100,terminal,0.5289,12,0.2252,970,Конечная точка в данных: получает от 1 плательщ. (25 тыс ₸); повтор. маршрутов: 1; исходящих ≥5 тыс ₸ нет,2,False,False,1,0,1,0,3,0,25000.0,0.0,1.0,0.0,1,0,0,1,0.00041181,0.0,1,0,0,0.0,0.0,0.2039,0.0,
100000004959752100,terminal,0.5451,27,0.2252,971,Конечная точка в данных: деньги от 2 seed; получает от 1 плательщ. (22 тыс ₸); исходящих ≥5 тыс ₸ нет,3,False,False,2,0,1,0,1,0,22200.0,0.0,1.0,0.0,1,0,0,0,0.00078487,0.0,1,0,0,0.0,0.0,0.1904,0.0,
100000008376089100,terminal,0.6063,16,0.2251,972,Конечная точка в данных: получает от 1 плательщ. (135 тыс ₸); исходящих ≥5 тыс ₸ нет,2,False,False,1,0,1,0,1,0,135000.0,0.0,1.0,0.0,1,0,0,0,0.00030244,0.0,1,0,0,0.0,0.0,0.5835,0.0,
100000006714366100,peripheral,0.3843,3,0.225,973,"Периферия, явных признаков нет: деньги от 2 seed; получает от 1 плательщ. (10 тыс ₸); платит 1 получат. (5 тыс ₸); отдаёт дальше 48% полученного; 100% уходит ≤2 дн. после поступления",3,False,False,2,0,1,1,1,1,10500.0,5000.0,0.5238,1.0,1,0,0,0,0.00028946,1.922e-05,1,0,0,0.0,0.6409,0.1091,0.7297,
100000004192865100,terminal,0.5777,36,0.2249,974,Конечная точка в данных: получает от 1 плательщ. (67 тыс ₸); исходящих ≥5 тыс ₸ нет,2,False,False,1,0,1,0,1,0,66666.0,0.0,1.0,0.0,1,0,0,0,0.00055581,0.0,0,0,0,0.0,0.0,0.4512,0.0,
100000002926970100,terminal,0.5874,13,0.2243,975,Конечная точка в данных: получает от 1 плательщ. (85 тыс ₸); исходящих ≥5 тыс ₸ нет,3,False,False,1,0,1,0,1,0,85000.0,0.0,1.0,0.0,1,0,0,0,0.00031724,0.0,1,0,0,0.0,0.0,0.4987,0.0,
100000004071444100,peripheral,0.7061,2,0.2242,976,"Периферия, явных признаков нет: получает от 1 плательщ. (247 тыс ₸); платит 1 получат. (100 тыс ₸); отдаёт дальше 40% полученного",3,False,False,1,0,1,1,1,1,247350.0,100000.0,0.5957,0.0,1,0,0,0,0.0003075,1.922e-05,1,0,0,0.0,0.6409,0.7906,0.7297,
100000002852402100,terminal,0.5711,4,0.224,977,Конечная точка в данных: получает от 1 плательщ. (55 тыс ₸); исходящих ≥5 тыс ₸ нет,2,False,False,1,0,1,0,1,0,55000.0,0.0,1.0,0.0,1,0,0,0,0.00032702,0.0,0,0,0,0.0,0.0,0.4078,0.0,
100000002457464100,terminal,0.6026,37,0.2237,978,Конечная точка в данных: деньги от 2 seed; получает от 1 плательщ. (67 тыс ₸); исходящих ≥5 тыс ₸ нет,2,False,False,2,0,1,0,1,0,66647.0,0.0,1.0,0.0,1,0,0,0,0.00032217,0.0,1,0,0,0.0,0.0,0.449,0.0,
100000000611474100,terminal,0.5424,14,0.2237,979,Конечная точка в данных: получает от 1 плательщ. (32 тыс ₸); исходящих ≥5 тыс ₸ нет,3,False,False,1,0,1,0,1,0,32000.0,0.0,1.0,0.0,1,0,0,0,0.00059562,0.0,0,0,0,0.0,0.0,0.2957,0.0,
100000003610172100,terminal,0.63,23,0.2237,980,Конечная точка в данных: деньги от 3 seed; получает от 1 плательщ. (70 тыс ₸); исходящих ≥5 тыс ₸ нет,3,False,False,3,0,1,0,1,0,70000.0,0.0,1.0,0.0,1,0,0,0,0.00028784,0.0,1,0,0,0.0,0.0,0.467,0.0,
100000000795374100,terminal,0.5657,2,0.2236,981,Конечная точка в данных: получает от 1 плательщ. (50 тыс ₸); повтор. маршрутов: 1; исходящих ≥5 тыс ₸ нет,3,False,False,1,0,1,0,1,0,50000.0,0.0,1.0,0.0,1,0,0,1,0.00029574,0.0,1,0,0,0.0,0.0,0.3959,0.0,
100000005767403100,peripheral,0.7057,12,0.2235,982,"Периферия, явных признаков нет: 4-е колено: исходящие не видны; получает от 1 плательщ. (1.1 млн ₸); по обороту выше 97% узлов 4-го колена",4,False,True,0,0,1,0,2,0,1100000.0,0.0,,0.0,1,0,0,0,0.00108186,0.0,1,0,0,0.0,,0.9797,0.0,volume
100000002952631100,terminal,0.5603,4,0.2233,983,Конечная точка в данных: получает от 1 плательщ. (48 тыс ₸); исходящих ≥5 тыс ₸ нет,1,False,False,1,1,1,0,1,0,48050.0,0.0,1.0,0.0,1,0,0,0,0.00029074,0.0,1,0,0,0.0,0.0,0.3631,0.0,
100000001169666100,peripheral,0.7113,17,0.2233,984,"Периферия, явных признаков нет: получает от 1 плательщ. (220 тыс ₸); платит 1 получат. (24 тыс ₸); отдаёт дальше 11% полученного",3,False,False,1,0,1,1,2,1,220000.0,24000.0,0.8909,0.0,1,0,0,0,0.00031954,2.199e-05,1,0,0,0.0,0.6409,0.7221,0.8566,
100000008729597100,terminal,0.5863,2,0.2232,985,Конечная точка в данных: получает от 1 плательщ. (83 тыс ₸); исходящих ≥5 тыс ₸ нет,3,False,False,1,0,1,0,1,0,83090.0,0.0,1.0,0.0,1,0,0,0,0.00030247,0.0,1,0,0,0.0,0.0,0.4911,0.0,
100000003292191100,terminal,0.6008,11,0.2231,986,Конечная точка в данных: получает от 1 плательщ. (112 тыс ₸); исходящих ≥5 тыс ₸ нет,3,False,False,1,0,1,0,1,0,112000.0,0.0,1.0,0.0,1,0,0,0,0.00029963,0.0,1,0,0,0.0,0.0,0.5622,0.0,
100000003574895100,peripheral,0.3365,30,0.2231,987,"Периферия, явных признаков нет: деньги от 2 seed; получает от 1 плательщ. (28 тыс ₸); платит 1 получат. (20 тыс ₸); отдаёт дальше 72% полученного; 100% уходит ≤2 дн. после поступления",3,False,False,2,0,1,1,1,1,27968.0,20000.0,0.2849,1.0,1,0,0,0,0.00028714,1.922e-05,1,0,0,0.0,0.6409,0.3909,0.7297,
100000008383405100,terminal,0.5289,5,0.223,988,Конечная точка в данных: получает от 1 плательщ. (25 тыс ₸); исходящих ≥5 тыс ₸ нет,1,False,False,1,1,1,0,2,0,25000.0,0.0,1.0,0.0,1,0,0,0,0.00030603,0.0,0,0,0,0.0,0.0,0.1911,0.0,
100000002454724100,terminal,0.6042,16,0.223,989,Конечная точка в данных: получает от 1 плательщ. (125 тыс ₸); исходящих ≥5 тыс ₸ нет,2,False,False,1,0,1,0,3,0,125000.0,0.0,1.0,0.0,1,0,0,0,0.00030119,0.0,1,0,0,0.0,0.0,0.5792,0.0,
100000002861485100,terminal,0.5361,4,0.2229,990,Конечная точка в данных: получает от 1 плательщ. (29 тыс ₸); повтор. маршрутов: 1; исходящих ≥5 тыс ₸ нет,1,False,False,1,1,1,0,1,0,29323.0,0.0,1.0,0.0,1,0,0,1,0.00028872,0.0,1,0,0,0.0,0.0,0.2335,0.0,
100000003567087100,terminal,0.5751,35,0.2228,991,Конечная точка в данных: получает от 1 плательщ. (62 тыс ₸); исходящих ≥5 тыс ₸ нет,1,False,False,1,1,1,0,1,0,62115.0,0.0,1.0,0.0,1,0,0,0,0.00029861,0.0,1,0,0,0.0,0.0,0.4331,0.0,
100000007653003100,terminal,0.5969,10,0.2227,992,Конечная точка в данных: получает от 1 плательщ. (100 тыс ₸); исходящих ≥5 тыс ₸ нет,3,False,False,1,0,1,0,1,0,100000.0,0.0,1.0,0.0,1,0,0,0,0.00030131,0.0,1,0,0,0.0,0.0,0.5317,0.0,
100000006532229100,terminal,0.5985,11,0.2227,993,Конечная точка в данных: получает от 1 плательщ. (105 тыс ₸); исходящих ≥5 тыс ₸ нет,3,False,False,1,0,1,0,1,0,105000.0,0.0,1.0,0.0,1,0,0,0,0.00030064,0.0,1,0,0,0.0,0.0,0.552,0.0,
100000001785161100,terminal,0.5798,16,0.2225,994,Конечная точка в данных: получает от 2 плательщ. (30 тыс ₸); повтор. маршрутов: 1; исходящих ≥5 тыс ₸ нет,3,False,False,1,0,2,0,2,0,30000.0,0.0,1.0,0.0,1,0,0,1,0.00033122,0.0,2,0,0,0.8414,0.0,0.2779,0.0,
100000002459093100,peripheral,0.6804,13,0.2224,995,"Периферия, явных признаков нет: получает от 1 плательщ. (500 тыс ₸); платит 1 получат. (55 тыс ₸); отдаёт дальше 11% полученного",2,False,False,1,0,1,1,2,3,500000.0,55000.0,0.89,0.0,1,0,0,0,0.00038925,1.19e-06,1,0,0,0.0,0.5835,0.8416,0.6833,
100000000802149100,terminal,0.598,2,0.2221,996,Конечная точка в данных: получает от 1 плательщ. (104 тыс ₸); исходящих ≥5 тыс ₸ нет,3,False,False,1,0,1,0,1,0,104128.0,0.0,1.0,0.0,1,0,0,0,0.0002948,0.0,1,0,0,0.0,0.0,0.5495,0.0,
100000008583360100,peripheral,0.7295,13,0.2221,997,"Периферия, явных признаков нет: получает от 1 плательщ. (113 тыс ₸); платит 1 получат. (170 тыс ₸); отдаёт в 1.5 раза больше видимого входа",3,False,False,1,0,1,1,1,1,112843.0,170000.0,0.0,0.0,1,0,0,0,0.00032761,1.922e-05,1,0,0,0.0,0.6409,0.75,0.7297,
100000002975437100,peripheral,0.6788,18,0.2218,998,"Периферия, явных признаков нет: получает от 1 плательщ. (530 тыс ₸); платит 1 получат. (8 тыс ₸); отдаёт дальше 2% полученного",3,False,False,1,0,1,1,2,1,530000.0,8500.0,0.984,0.0,1,1,0,0,0.00052101,0.0,1,1,0,0.0,0.6409,0.8769,0.0,
100000001275752100,terminal,0.6118,11,0.2216,999,Конечная точка в данных: получает от 1 плательщ. (152 тыс ₸); исходящих ≥5 тыс ₸ нет,3,False,False,1,0,1,0,1,0,151500.0,0.0,1.0,0.0,1,0,0,0,0.00029337,0.0,1,0,0,0.0,0.0,0.632,0.0,
100000002528544100,terminal,0.6205,27,0.2215,1000,Конечная точка в данных: получает от 1 плательщ. (193 тыс ₸); исходящих ≥5 тыс ₸ нет,3,False,False,1,0,1,0,1,0,192912.0,0.0,1.0,0.0,1,0,0,0,0.00029931,0.0,1,0,0,0.0,0.0,0.6827,0.0,
100000002540623100,terminal,0.5969,31,0.2214,1001,Конечная точка в данных: получает от 1 плательщ. (100 тыс ₸); исходящих ≥5 тыс ₸ нет,2,False,False,1,0,1,0,1,0,100000.0,0.0,1.0,0.0,1,0,0,0,0.00033322,0.0,1,0,0,0.0,0.0,0.5336,0.0,
100000004671609100,terminal,0.5969,11,0.2214,1002,Конечная точка в данных: получает от 1 плательщ. (100 тыс ₸); исходящих ≥5 тыс ₸ нет,3,False,False,1,0,1,0,1,0,100000.0,0.0,1.0,0.0,1,0,0,0,0.00030024,0.0,1,0,0,0.0,0.0,0.5317,0.0,
100000002836052100,terminal,0.5751,27,0.2213,1003,Конечная точка в данных: деньги от 4 seed; получает от 1 плательщ. (15 тыс ₸); исходящих ≥5 тыс ₸ нет,2,False,False,4,0,1,0,1,0,15000.0,0.0,1.0,0.0,1,0,0,0,0.00030567,0.0,0,0,0,0.0,0.0,0.102,0.0,
100000005367284100,peripheral,0.5605,2,0.2213,1004,"Периферия, явных признаков нет: деньги от 2 seed; получает от 1 плательщ. (14 тыс ₸); платит 2 получат. (48 тыс ₸); отдаёт в 3.5 раза больше видимого входа; 28% уходит ≤2 дн. после поступления",3,False,False,2,0,1,2,1,5,13700.0,48300.0,0.0,0.2836,1,0,0,0,0.00028914,3.844e-05,1,0,0,0.0,0.8363,0.448,0.8731,
100000002877262100,terminal,0.5969,11,0.2211,1005,Конечная точка в данных: получает от 1 плательщ. (100 тыс ₸); исходящих ≥5 тыс ₸ нет,3,False,False,1,0,1,0,1,0,100000.0,0.0,1.0,0.0,1,0,0,0,0.00029992,0.0,1,0,0,0.0,0.0,0.5317,0.0,
100000008579978100,peripheral,0.5718,23,0.2211,1006,"Периферия, явных признаков нет: деньги от 3 seed; получает от 1 плательщ. (34 тыс ₸); платит 1 получат. (77 тыс ₸); отдаёт в 2.3 раза больше видимого входа; 35% уходит ≤2 дн. после поступления",3,False,False,3,0,1,1,1,6,34000.0,77000.0,0.0,0.3506,1,0,0,0,0.00028667,1.922e-05,1,0,0,0.0,0.6409,0.5596,0.7297,
100000001934935100,terminal,0.6277,30,0.2211,1007,Конечная точка в данных: деньги от 2 seed; получает от 1 плательщ. (119 тыс ₸); исходящих ≥5 тыс ₸ нет,3,False,False,2,0,1,0,1,0,118935.0,0.0,1.0,0.0,1,0,0,0,0.00029227,0.0,1,0,0,0.0,0.0,0.5774,0.0,
100000002677201100,peripheral,0.7296,11,0.221,1008,"Периферия, явных признаков нет: получает от 1 плательщ. (150 тыс ₸); платит 1 получат. (88 тыс ₸); отдаёт дальше 58% полученного",3,False,False,1,0,1,1,1,1,150000.0,87750.0,0.415,0.0,1,0,0,0,0.00030891,2.14e-05,1,0,0,0.0,0.6409,0.7157,0.8439,
100000000560751100,terminal,0.5289,3,0.221,1009,Конечная точка в данных: получает от 1 плательщ. (25 тыс ₸); исходящих ≥5 тыс ₸ нет,3,False,False,1,0,1,0,1,0,25000.0,0.0,1.0,0.0,1,0,0,0,0.00055245,0.0,0,0,0,0.0,0.0,0.2234,0.0,
100000007020162100,terminal,0.5878,13,0.221,1010,Конечная точка в данных: получает от 1 плательщ. (86 тыс ₸); исходящих ≥5 тыс ₸ нет,3,False,False,1,0,1,0,1,0,86395.0,0.0,1.0,0.0,1,0,0,0,0.00030999,0.0,1,0,0,0.0,0.0,0.5051,0.0,
100000004664515100,terminal,0.5487,3,0.2209,1011,Конечная точка в данных: получает от 1 плательщ. (38 тыс ₸); исходящих ≥5 тыс ₸ нет,1,False,False,1,1,1,0,1,0,37691.0,0.0,1.0,0.0,1,0,0,0,0.00029264,0.0,1,0,0,0.0,0.0,0.2909,0.0,
100000002481735100,terminal,0.5203,4,0.2209,1012,Конечная точка в данных: получает от 1 плательщ. (22 тыс ₸); повтор. маршрутов: 1; исходящих ≥5 тыс ₸ нет,2,False,False,1,0,1,0,2,0,22436.0,0.0,1.0,0.0,1,0,0,1,0.0003627,0.0,1,0,0,0.0,0.0,0.18,0.0,
100000003922499100,terminal,0.5657,29,0.2207,1013,Конечная точка в данных: получает от 1 плательщ. (50 тыс ₸); исходящих ≥5 тыс ₸ нет,2,False,False,1,0,1,0,1,0,50000.0,0.0,1.0,0.0,1,0,0,0,0.00053524,0.0,0,0,0,0.0,0.0,0.3623,0.0,
100000005308954100,peripheral,0.7708,4,0.2206,1014,"Периферия, явных признаков нет: получает от 1 плательщ. (69 тыс ₸); платит 1 получат. (30 тыс ₸); отдаёт дальше 43% полученного",3,False,False,1,0,1,1,1,1,69020.0,30000.0,0.5653,0.0,1,0,0,0,0.00035945,1.981e-05,1,0,0,0.0,0.6409,0.5305,0.8211,
100000001737722100,terminal,0.5994,37,0.2205,1015,Конечная точка в данных: деньги от 2 seed; получает от 1 плательщ. (60 тыс ₸); исходящих ≥5 тыс ₸ нет,2,False,False,2,0,1,0,1,0,60460.0,0.0,1.0,0.0,1,0,0,0,0.00031878,0.0,1,0,0,0.0,0.0,0.4317,0.0,
100000001110358100,terminal,0.6074,2,0.2205,1016,Конечная точка в данных: деньги от 2 seed; получает от 2 плательщ. (32 тыс ₸); исходящих ≥5 тыс ₸ нет,3,False,False,2,0,2,0,2,0,32000.0,0.0,1.0,0.0,2,0,0,0,0.00029299,0.0,2,0,1,0.8414,0.0,0.2957,0.0,
100000005413948100,peripheral,0.7593,11,0.2204,1017,"Периферия, явных признаков нет: получает от 2 плательщ. (28 тыс ₸); платит 1 получат. (5 тыс ₸); отдаёт дальше 18% полученного",2,False,False,1,0,2,1,2,1,28215.0,5000.0,0.8228,0.0,1,0,0,0,0.00185204,2.18e-05,1,0,0,0.731,0.5835,0.2907,0.7939,
100000003843844100,peripheral,0.7295,3,0.2204,1018,"Периферия, явных признаков нет: деньги от 2 seed; получает от 1 плательщ. (17 тыс ₸); платит 1 получат. (238 тыс ₸); отдаёт в 14.3 раза больше видимого входа",3,False,False,2,0,1,1,1,1,16680.0,238000.0,0.0,0.0,1,0,0,0,0.00029174,1.922e-05,1,0,0,0.0,0.6409,0.7335,0.7297,
100000003001564100,peripheral,0.7295,4,0.2202,1019,"Периферия, явных признаков нет: получает от 1 плательщ. (24 тыс ₸); платит 1 получат. (180 тыс ₸); отдаёт в 7.7 раза больше видимого входа",1,False,False,1,1,1,1,1,1,23520.0,180000.0,0.0,0.0,1,0,0,0,0.0002881,1.922e-05,1,0,0,0.0,0.6476,0.6815,0.7558,
100000003237045100,peripheral,0.6942,4,0.22,1020,"Периферия, явных признаков нет: получает от 1 плательщ. (340 тыс ₸); платит 1 получат. (150 тыс ₸); отдаёт дальше 44% полученного",2,False,False,1,0,1,1,2,1,340200.0,150000.0,0.5591,0.0,1,0,0,0,0.00039413,0.0,1,1,0,0.0,0.5835,0.8221,0.0,
100000004644615100,peripheral,0.758,16,0.22,1021,"Периферия, явных признаков нет: получает от 1 плательщ. (51 тыс ₸); платит 2 получат. (380 тыс ₸); отдаёт в 7.5 раза больше видимого входа; 5% уходит ≤2 дн. после поступления",3,False,False,1,0,1,2,1,14,50810.0,379665.0,0.0,0.0458,1,0,0,0,0.00037437,1.19e-06,0,0,0,0.0,0.8363,0.8338,0.6954,
100000008028628100,terminal,0.5721,35,0.2199,1022,Конечная точка в данных: получает от 1 плательщ. (57 тыс ₸); исходящих ≥5 тыс ₸ нет,1,False,False,1,1,1,0,1,0,57224.0,0.0,1.0,0.0,1,0,0,0,0.00029758,0.0,1,0,0,0.0,0.0,0.4183,0.0,
100000002622822100,peripheral,0.71,11,0.2199,1023,"Периферия, явных признаков нет: 4-е колено: исходящие не видны; получает от 1 плательщ. (750 тыс ₸); по обороту выше 96% узлов 4-го колена",4,False,True,0,0,1,0,1,0,750000.0,0.0,,0.0,1,0,0,0,0.00090769,0.0,0,0,0,0.0,,0.9639,0.0,volume
100000008297199100,terminal,0.5788,2,0.2198,1024,Конечная точка в данных: деньги от 2 seed; получает от 1 плательщ. (42 тыс ₸); исходящих ≥5 тыс ₸ нет,3,False,False,2,0,1,0,1,0,42268.0,0.0,1.0,0.0,1,0,0,0,0.0002966,0.0,1,0,0,0.0,0.0,0.3528,0.0,
100000000785800100,peripheral,0.35,26,0.2197,1025,"Периферия, явных признаков нет: получает от 1 плательщ. (19 тыс ₸); платит 1 получат. (19 тыс ₸); отдаёт дальше 100% полученного; 100% уходит ≤2 дн. после поступления",2,False,False,1,0,1,1,1,1,19000.0,19000.0,0.0,1.0,1,0,0,0,0.0003567,0.0,1,0,0,0.0,0.5835,0.3189,0.0,
100000002969048100,terminal,0.5994,21,0.2197,1026,Конечная точка в данных: получает от 1 плательщ. (108 тыс ₸); исходящих ≥5 тыс ₸ нет,2,False,False,1,0,1,0,1,0,108470.0,0.0,1.0,0.0,1,0,0,0,0.00030613,0.0,1,0,0,0.0,0.0,0.551,0.0,
100000002236528100,terminal,0.5773,3,0.2197,1027,Конечная точка в данных: получает от 1 плательщ. (66 тыс ₸); исходящих ≥5 тыс ₸ нет,3,False,False,1,0,1,0,1,0,66000.0,0.0,1.0,0.0,1,0,0,0,0.00030724,0.0,1,0,0,0.0,0.0,0.4569,0.0,
100000003275398100,peripheral,0.6975,6,0.2195,1028,"Периферия, явных признаков нет: получает от 1 плательщ. (300 тыс ₸); платит 1 получат. (20 тыс ₸); отдаёт дальше 7% полученного",2,False,False,1,0,1,1,1,1,300000.0,20000.0,0.9333,0.0,1,1,0,0,0.00043425,0.0,1,0,0,0.0,0.5835,0.7505,0.0,
100000003888271100,peripheral,0.6698,19,0.2194,1029,"Периферия, явных признаков нет: получает от 1 плательщ. (12 тыс ₸); платит 2 получат. (26 тыс ₸); отдаёт в 2.1 раза больше видимого входа; 27% уходит ≤2 дн. после поступления; повтор. маршрутов: 2",1,False,False,1,1,1,2,2,3,12177.0,25590.0,0.0,0.27,1,0,0,2,0.00029139,4e-07,1,1,0,0.0,0.7834,0.293,0.6794,
100000005053653100,peripheral,0.6943,3,0.2193,1030,"Периферия, явных признаков нет: деньги от 2 seed; получает от 2 плательщ. (63 тыс ₸); платит 1 получат. (25 тыс ₸); отдаёт дальше 40% полученного",2,False,False,2,0,2,1,2,1,63073.0,25000.0,0.6036,0.0,1,0,0,0,0.0003136,1.922e-05,2,0,0,0.731,0.5835,0.4946,0.7354,
100000004410489100,terminal,0.5698,3,0.2193,1031,Конечная точка в данных: получает от 1 плательщ. (54 тыс ₸); исходящих ≥5 тыс ₸ нет,2,False,False,1,0,1,0,1,0,54000.0,0.0,1.0,0.0,1,0,0,0,0.00031422,0.0,1,0,0,0.0,0.0,0.3991,0.0,
100000003086040100,terminal,0.4884,2,0.2193,1032,Конечная точка в данных: получает от 1 плательщ. (10 тыс ₸); повтор. маршрутов: 1; исходящих ≥5 тыс ₸ нет,2,False,False,1,0,1,0,1,0,10500.0,0.0,1.0,0.0,1,0,0,1,0.00054806,0.0,1,0,0,0.0,0.0,0.0716,0.0,
100000006048193100,terminal,0.5783,2,0.2193,1033,Конечная точка в данных: деньги от 2 seed; получает от 1 плательщ. (42 тыс ₸); исходящих ≥5 тыс ₸ нет,3,False,False,2,0,1,0,1,0,41559.0,0.0,1.0,0.0,1,0,0,0,0.00029641,0.0,1,0,0,0.0,0.0,0.3477,0.0,
100000008745489100,terminal,0.5713,35,0.2192,1034,Конечная точка в данных: получает от 1 плательщ. (56 тыс ₸); исходящих ≥5 тыс ₸ нет,1,False,False,1,1,1,0,1,0,55539.0,0.0,1.0,0.0,1,0,0,0,0.00029723,0.0,1,0,0,0.0,0.0,0.414,0.0,
100000007793871100,terminal,0.5305,13,0.2192,1035,Конечная точка в данных: получает от 1 плательщ. (26 тыс ₸); исходящих ≥5 тыс ₸ нет,3,False,False,1,0,1,0,3,0,26000.0,0.0,1.0,0.0,1,0,0,0,0.00068723,0.0,1,0,0,0.0,0.0,0.2398,0.0,
100000004451012100,peripheral,0.7047,15,0.219,1036,"Периферия, явных признаков нет: получает от 1 плательщ. (91 тыс ₸); платит 3 получат. (66 тыс ₸); отдаёт дальше 72% полученного",3,False,False,1,0,1,3,1,3,91245.0,65740.0,0.2795,0.0,1,0,0,0,0.00030117,5.766e-05,1,0,0,0.0,0.9124,0.6421,0.9175,
100000000703894100,peripheral,0.7396,36,0.2189,1037,"Периферия, явных признаков нет: получает от 1 плательщ. (120 тыс ₸); платит 1 получат. (35 тыс ₸); отдаёт дальше 29% полученного",1,False,False,1,1,1,1,1,1,120000.0,35000.0,0.7083,0.0,1,0,0,0,0.00047737,5.9e-07,1,0,0,0.0,0.6476,0.62,0.6921,
100000002757791100,terminal,0.5812,11,0.2189,1038,Конечная точка в данных: получает от 1 плательщ. (73 тыс ₸); исходящих ≥5 тыс ₸ нет,3,False,False,1,0,1,0,1,0,73050.0,0.0,1.0,0.0,1,0,0,0,0.00031104,0.0,1,0,0,0.0,0.0,0.4746,0.0,
100000006248077100,terminal,0.5907,9,0.2188,1039,Конечная точка в данных: деньги от 2 seed; получает от 1 плательщ. (50 тыс ₸); исходящих ≥5 тыс ₸ нет,2,False,False,2,0,1,0,1,0,50000.0,0.0,1.0,0.0,1,0,0,0,0.00029385,0.0,1,0,0,0.0,0.0,0.3623,0.0,
100000002864680100,terminal,0.5715,29,0.2186,1040,Конечная точка в данных: получает от 1 плательщ. (56 тыс ₸); исходящих ≥5 тыс ₸ нет,1,False,False,1,1,1,0,1,0,55932.0,0.0,1.0,0.0,1,0,0,0,0.00029485,0.0,1,0,0,0.0,0.0,0.4161,0.0,
100000000723383100,peripheral,0.5461,39,0.2186,1041,"Периферия, явных признаков нет: получает от 1 плательщ. (7 тыс ₸); платит 2 получат. (75 тыс ₸); отдаёт в 11.0 раза больше видимого входа",2,False,False,1,0,1,2,1,2,6800.0,75000.0,0.0,0.0,1,0,0,0,0.00038932,0.00023897,1,1,0,0.0,0.7614,0.4751,0.9284,
100000001138376100,terminal,0.5504,4,0.2186,1042,Конечная точка в данных: деньги от 3 seed; получает от 1 плательщ. (15 тыс ₸); повтор. маршрутов: 1; исходящих ≥5 тыс ₸ нет,2,False,False,3,0,1,0,1,0,15300.0,0.0,1.0,0.0,1,0,0,1,0.00029044,0.0,1,0,0,0.0,0.0,0.1128,0.0,
100000008736760100,terminal,0.5703,35,0.2185,1043,Конечная точка в данных: получает от 1 плательщ. (55 тыс ₸); исходящих ≥5 тыс ₸ нет,1,False,False,1,1,1,0,1,0,54757.0,0.0,1.0,0.0,1,0,0,0,0.00029706,0.0,1,0,0,0.0,0.0,0.4119,0.0,
100000002340562100,terminal,0.5475,17,0.2184,1044,Конечная точка в данных: получает от 1 плательщ. (37 тыс ₸); исходящих ≥5 тыс ₸ нет,2,False,False,1,0,1,0,2,0,36650.0,0.0,1.0,0.0,1,0,0,0,0.00053086,0.0,0,0,0,0.0,0.0,0.3145,0.0,
100000002126791100,peripheral,0.7041,11,0.2181,1045,"Периферия, явных признаков нет: 4-е колено: исходящие не видны; получает от 1 плательщ. (1.3 млн ₸); по обороту выше 98% узлов 4-го колена",4,False,True,0,0,1,0,3,0,1313000.0,0.0,,0.0,1,0,0,0,0.00057168,0.0,0,0,0,0.0,,0.9887,0.0,volume
100000003980083100,terminal,0.5398,47,0.2179,1046,Конечная точка в данных: получает от 1 плательщ. (30 тыс ₸); исходящих ≥5 тыс ₸ нет,1,False,False,1,1,1,0,1,0,30000.0,0.0,1.0,0.0,1,0,0,0,0.00052859,0.0,0,0,0,0.0,0.0,0.2378,0.0,
100000004741837100,terminal,0.5297,4,0.2177,1047,Конечная точка в данных: получает от 1 плательщ. (26 тыс ₸); повтор. маршрутов: 1; исходящих ≥5 тыс ₸ нет,1,False,False,1,1,1,0,1,0,25596.0,0.0,1.0,0.0,1,0,0,1,0.00028832,0.0,1,0,0,0.0,0.0,0.2017,0.0,
100000005105153100,terminal,0.5398,2,0.2177,1048,Конечная точка в данных: получает от 1 плательщ. (30 тыс ₸); исходящих ≥5 тыс ₸ нет,2,False,False,1,0,1,0,1,0,30000.0,0.0,1.0,0.0,1,0,0,0,0.00040102,0.0,1,0,0,0.0,0.0,0.2538,0.0,
100000002844652100,terminal,0.5747,17,0.2176,1049,Конечная точка в данных: получает от 1 плательщ. (61 тыс ₸); исходящих ≥5 тыс ₸ нет,1,False,False,1,1,1,0,1,0,61360.0,0.0,1.0,0.0,1,0,0,0,0.00028909,0.0,1,0,0,0.0,0.0,0.431,0.0,
100000002380341100,terminal,0.5723,3,0.2175,1050,Конечная точка в данных: получает от 1 плательщ. (58 тыс ₸); исходящих ≥5 тыс ₸ нет,3,False,False,1,0,1,0,1,0,57566.4,0.0,1.0,0.0,1,0,0,0,0.00030914,0.0,1,0,0,0.0,0.0,0.4391,0.0,
100000002232266100,terminal,0.5568,2,0.2174,1051,Конечная точка в данных: получает от 1 плательщ. (45 тыс ₸); повтор. маршрутов: 1; исходящих ≥5 тыс ₸ нет,3,False,False,1,0,1,0,1,0,45000.0,0.0,1.0,0.0,1,0,0,1,0.00029472,0.0,1,0,0,0.0,0.0,0.3642,0.0,
100000008746673100,terminal,0.5689,35,0.2172,1052,Конечная точка в данных: получает от 1 плательщ. (53 тыс ₸); исходящих ≥5 тыс ₸ нет,1,False,False,1,1,1,0,1,0,53048.0,0.0,1.0,0.0,1,0,0,0,0.0002967,0.0,1,0,0,0.0,0.0,0.397,0.0,
100000001633685100,terminal,0.6368,3,0.2172,1053,Конечная точка в данных: получает от 3 плательщ. (45 тыс ₸); исходящих ≥5 тыс ₸ нет,2,False,False,1,0,3,0,3,0,45000.0,0.0,1.0,0.0,1,0,0,0,0.00030619,0.0,3,0,0,0.8503,0.0,0.3341,0.0,
100000002884708100,peripheral,0.7049,11,0.2172,1054,"Периферия, явных признаков нет: 4-е колено: исходящие не видны; получает от 1 плательщ. (1.2 млн ₸); по обороту выше 98% узлов 4-го колена",4,False,True,0,0,1,0,2,0,1171644.0,0.0,,0.0,1,0,0,0,0.00056258,0.0,0,0,0,0.0,,0.9842,0.0,volume
100000005233755100,peripheral,0.4395,23,0.217,1055,"Периферия, явных признаков нет: получает от 1 плательщ. (25 тыс ₸); платит 1 получат. (5 тыс ₸); отдаёт дальше 20% полученного; 100% уходит ≤2 дн. после поступления",3,False,False,1,0,1,1,1,1,25000.0,5000.0,0.8,1.0,1,0,0,0,0.00029161,1.922e-05,1,0,0,0.0,0.6409,0.2779,0.7297,
100000005931985100,terminal,0.5834,16,0.2169,1056,Конечная точка в данных: получает от 1 плательщ. (76 тыс ₸); исходящих ≥5 тыс ₸ нет,2,False,False,1,0,1,0,1,0,76000.0,0.0,1.0,0.0,1,0,0,0,0.0003129,0.0,1,0,0,0.0,0.0,0.4599,0.0,
100000001853812100,terminal,0.58,2,0.2169,1057,Конечная точка в данных: получает от 1 плательщ. (70 тыс ₸); исходящих ≥5 тыс ₸ нет,3,False,False,1,0,1,0,1,0,70000.0,0.0,1.0,0.0,1,0,0,0,0.00029981,0.0,1,0,0,0.0,0.0,0.467,0.0,
100000002807334100,terminal,0.6202,23,0.2168,1058,Конечная точка в данных: деньги от 3 seed; получает от 1 плательщ. (55 тыс ₸); исходящих ≥5 тыс ₸ нет,3,False,False,3,0,1,0,1,0,54715.0,0.0,1.0,0.0,1,0,0,0,0.00028734,0.0,1,0,0,0.0,0.0,0.4289,0.0,
100000004580254100,terminal,0.574,10,0.2167,1059,Конечная точка в данных: получает от 2 плательщ. (28 тыс ₸); повтор. маршрутов: 1; исходящих ≥5 тыс ₸ нет,3,False,False,1,0,2,0,2,0,27940.0,0.0,1.0,0.0,1,0,0,1,0.00031228,0.0,2,0,1,0.8414,0.0,0.2627,0.0,
100000008765627100,terminal,0.5742,21,0.2164,1060,Конечная точка в данных: получает от 1 плательщ. (60 тыс ₸); повтор. маршрутов: 1; исходящих ≥5 тыс ₸ нет,2,False,False,1,0,1,0,1,0,60000.0,0.0,1.0,0.0,1,0,0,1,0.00029694,0.0,1,0,0,0.0,0.0,0.4208,0.0,
100000002954780100,terminal,0.6059,11,0.2164,1061,Конечная точка в данных: получает от 1 плательщ. (133 тыс ₸); исходящих ≥5 тыс ₸ нет,3,False,False,1,0,1,0,1,0,133400.0,0.0,1.0,0.0,1,0,0,0,0.00029244,0.0,1,0,0,0.0,0.0,0.5977,0.0,
100000006385877100,peripheral,0.7272,31,0.2163,1062,"Периферия, явных признаков нет: получает от 1 плательщ. (54 тыс ₸); платит 1 получат. (37 тыс ₸); отдаёт дальше 68% полученного; 30% уходит ≤2 дн. после поступления",2,False,False,1,0,1,1,5,5,53706.62,36602.93,0.3185,0.3033,1,0,0,0,0.0020943,0.0,1,1,0,0.0,0.5835,0.5076,0.0,
100000008701256100,terminal,0.5727,2,0.2163,1063,Конечная точка в данных: получает от 1 плательщ. (58 тыс ₸); исходящих ≥5 тыс ₸ нет,2,False,False,1,0,1,0,1,0,58250.0,0.0,1.0,0.0,1,0,0,0,0.00030374,0.0,1,0,0,0.0,0.0,0.4165,0.0,
100000008629581100,terminal,0.595,37,0.2163,1064,Конечная точка в данных: деньги от 2 seed; получает от 1 плательщ. (54 тыс ₸); исходящих ≥5 тыс ₸ нет,2,False,False,2,0,1,0,1,0,54184.0,0.0,1.0,0.0,1,0,0,0,0.00031533,0.0,1,0,0,0.0,0.0,0.4056,0.0,
100000002970466100,peripheral,0.4946,30,0.2163,1065,"Периферия, явных признаков нет: деньги от 2 seed; получает от 1 плательщ. (23 тыс ₸); платит 2 получат. (93 тыс ₸); отдаёт в 4.0 раза больше видимого входа; 43% уходит ≤2 дн. после поступления",3,False,False,2,0,1,2,1,3,23317.0,93000.0,0.0,0.4301,1,0,0,0,0.00028688,3.844e-05,1,0,0,0.0,0.8363,0.5723,0.8731,
100000004841728100,terminal,0.5677,35,0.2162,1066,Конечная точка в данных: получает от 1 плательщ. (52 тыс ₸); исходящих ≥5 тыс ₸ нет,1,False,False,1,1,1,0,1,0,52208.0,0.0,1.0,0.0,1,0,0,0,0.00029653,0.0,1,0,0,0.0,0.0,0.3907,0.0,
100000007140834100,terminal,0.488,13,0.2162,1067,Конечная точка в данных: получает от 1 плательщ. (10 тыс ₸); повтор. маршрутов: 1; исходящих ≥5 тыс ₸ нет,3,False,False,1,0,1,0,2,0,10200.0,0.0,1.0,0.0,1,0,0,1,0.00071226,0.0,1,0,0,0.0,0.0,0.066,0.0,
100000003060187100,terminal,0.5913,15,0.2162,1068,Конечная точка в данных: получает от 1 плательщ. (93 тыс ₸); исходящих ≥5 тыс ₸ нет,3,False,False,1,0,1,0,1,0,93046.0,0.0,1.0,0.0,1,0,0,0,0.00030148,0.0,1,0,0,0.0,0.0,0.5203,0.0,
100000001083990100,terminal,0.5624,29,0.2158,1069,Конечная точка в данных: получает от 1 плательщ. (50 тыс ₸); исходящих ≥5 тыс ₸ нет,2,False,False,1,0,1,0,2,0,49900.0,0.0,1.0,0.0,1,0,0,0,0.00050211,0.0,1,0,0,0.0,0.0,0.3601,0.0,
100000005519347100,consolidator,0.3279,4,0.2155,1070,"Признаки консолидации: деньги от 3 seed (1 напрямую); получает от 2 плательщ. (73 тыс ₸); платит 1 получат. (99 тыс ₸); seed, входящие занижены",0,True,False,3,1,2,1,2,1,73100.0,99000.0,,0.0,1,0,0,0,0.00055672,1.52e-06,2,1,0,0.7,0.3875,0.6,0.775,
100000001696818100,terminal,0.5693,37,0.2155,1071,Конечная точка в данных: получает от 1 плательщ. (54 тыс ₸); исходящих ≥5 тыс ₸ нет,1,False,False,1,1,1,0,1,0,53550.0,0.0,1.0,0.0,1,0,0,0,0.00029884,0.0,1,0,0,0.0,0.0,0.4055,0.0,
100000002952756100,terminal,0.559,16,0.2155,1072,Конечная точка в данных: получает от 1 плательщ. (47 тыс ₸); исходящих ≥5 тыс ₸ нет,3,False,False,1,0,1,0,1,0,47000.0,0.0,1.0,0.0,1,0,0,0,0.00036771,0.0,0,0,0,0.0,0.0,0.3794,0.0,
100000003219438100,terminal,0.5424,12,0.2153,1073,Конечная точка в данных: получает от 1 плательщ. (32 тыс ₸); исходящих ≥5 тыс ₸ нет,2,False,False,1,0,1,0,1,0,32000.0,0.0,1.0,0.0,1,0,0,0,0.00044716,0.0,1,0,0,0.0,0.0,0.2842,0.0,
100000005958064100,peripheral,0.6487,13,0.2151,1074,"Периферия, явных признаков нет: получает от 1 плательщ. (6 тыс ₸); платит 2 получат. (164 тыс ₸); отдаёт в 28.5 раза больше видимого входа",1,False,False,1,1,1,2,1,3,5746.0,163986.84,0.0,0.0,1,0,0,0,0.00028619,2.513e-05,1,0,1,0.0,0.7834,0.6412,0.8068,
100000008634520100,terminal,0.5899,11,0.215,1075,Конечная точка в данных: получает от 1 плательщ. (90 тыс ₸); исходящих ≥5 тыс ₸ нет,3,False,False,1,0,1,0,1,0,90000.0,0.0,1.0,0.0,1,0,0,0,0.00029848,0.0,1,0,0,0.0,0.0,0.5114,0.0,
100000000912487100,terminal,0.5378,3,0.2149,1076,Конечная точка в данных: деньги от 3 seed; получает от 1 плательщ. (10 тыс ₸); повтор. маршрутов: 1; исходящих ≥5 тыс ₸ нет,2,False,False,3,0,1,0,1,0,10000.0,0.0,1.0,0.0,1,0,0,1,0.00029168,0.0,1,0,0,0.0,0.0,0.0347,0.0,
100000004975919100,peripheral,0.7322,2,0.2147,1077,"Периферия, явных признаков нет: получает от 1 плательщ. (22 тыс ₸); платит 2 получат. (15 тыс ₸); отдаёт дальше 67% полученного; повтор. маршрутов: 2",3,False,False,1,0,1,2,1,2,22351.0,15000.0,0.3289,0.0,1,0,0,2,0.00029012,3.844e-05,1,0,0,0.0,0.8363,0.3287,0.8731,
100000008304115100,terminal,0.5669,29,0.2144,1078,Конечная точка в данных: получает от 1 плательщ. (51 тыс ₸); исходящих ≥5 тыс ₸ нет,1,False,False,1,1,1,0,1,0,51000.0,0.0,1.0,0.0,1,0,0,0,0.00029403,0.0,1,0,0,0.0,0.0,0.3864,0.0,
100000005911352100,peripheral,0.5771,32,0.2144,1079,"Периферия, явных признаков нет: получает от 2 плательщ. (15 тыс ₸); платит 3 получат. (24 тыс ₸); отдаёт в 1.6 раза больше видимого входа",2,False,False,1,0,2,3,2,3,15000.0,24000.0,0.0,0.0,1,0,0,0,0.00055173,9.749e-05,1,1,0,0.731,0.8395,0.321,0.885,
100000000583220100,peripheral,0.6972,27,0.2144,1080,"Периферия, явных признаков нет: получает от 1 плательщ. (5 тыс ₸); платит 1 получат. (761 тыс ₸); отдаёт в 152.3 раза больше видимого входа; 5% уходит ≤2 дн. после поступления",3,False,False,1,0,1,1,1,4,5000.0,761255.0,0.0,0.0525,1,0,0,0,0.00029811,1.962e-05,1,0,0,0.0,0.6409,0.9086,0.8096,
100000002990675100,terminal,0.617,23,0.2144,1081,Конечная точка в данных: деньги от 3 seed; получает от 1 плательщ. (51 тыс ₸); исходящих ≥5 тыс ₸ нет,3,False,False,3,0,1,0,1,0,51143.0,0.0,1.0,0.0,1,0,0,0,0.00028723,0.0,1,0,0,0.0,0.0,0.4124,0.0,
100000001131403100,peripheral,0.7031,13,0.2144,1082,"Периферия, явных признаков нет: 4-е колено: исходящие не видны; получает от 1 плательщ. (1.6 млн ₸); по обороту выше 99% узлов 4-го колена",4,False,True,0,0,1,0,3,0,1570000.0,0.0,,0.0,1,0,0,0,0.00053804,0.0,0,0,0,0.0,,0.991,0.0,volume
100000005142589100,terminal,0.5657,3,0.2142,1083,Конечная точка в данных: получает от 1 плательщ. (50 тыс ₸); исходящих ≥5 тыс ₸ нет,2,False,False,1,0,1,0,2,0,50000.0,0.0,1.0,0.0,1,0,0,0,0.00031037,0.0,1,0,0,0.0,0.0,0.3623,0.0,
100000008043184100,terminal,0.5662,10,0.2141,1084,Конечная точка в данных: получает от 1 плательщ. (51 тыс ₸); повтор. маршрутов: 1; исходящих ≥5 тыс ₸ нет,3,False,False,1,0,1,0,1,0,50564.0,0.0,1.0,0.0,1,0,0,1,0.00029353,0.0,1,0,0,0.0,0.0,0.4074,0.0,
100000002567887100,terminal,0.6164,23,0.214,1085,Конечная точка в данных: деньги от 3 seed; получает от 1 плательщ. (51 тыс ₸); исходящих ≥5 тыс ₸ нет,3,False,False,3,0,1,0,1,0,50915.0,0.0,1.0,0.0,1,0,0,0,0.00028722,0.0,1,0,0,0.0,0.0,0.4086,0.0,
100000004750321100,terminal,0.6059,13,0.2139,1086,Конечная точка в данных: получает от 2 плательщ. (50 тыс ₸); исходящих ≥5 тыс ₸ нет,3,False,False,1,0,2,0,2,0,50185.0,0.0,1.0,0.0,1,0,0,0,0.00031254,0.0,2,0,1,0.8414,0.0,0.4048,0.0,
100000002550141100,terminal,0.5972,27,0.2138,1087,Конечная точка в данных: получает от 1 плательщ. (101 тыс ₸); исходящих ≥5 тыс ₸ нет,3,False,False,1,0,1,0,1,0,100586.0,0.0,1.0,0.0,1,0,0,0,0.00030779,0.0,1,0,0,0.0,0.0,0.5457,0.0,
100000006844004100,terminal,0.5174,3,0.2138,1088,Конечная точка в данных: получает от 1 плательщ. (21 тыс ₸); исходящих ≥5 тыс ₸ нет,3,False,False,1,0,1,0,1,0,20600.0,0.0,1.0,0.0,1,0,0,0,0.00054544,0.0,0,0,0,0.0,0.0,0.1815,0.0,
100000007330432100,peripheral,0.7141,4,0.2137,1089,"Периферия, явных признаков нет: 4-е колено: исходящие не видны; получает от 1 плательщ. (585 тыс ₸); по обороту выше 96% узлов 4-го колена",4,False,True,0,0,1,0,1,0,584900.0,0.0,,0.0,1,0,0,0,0.00053818,0.0,0,0,0,0.0,,0.9616,0.0,volume
100000003148220100,peripheral,0.6918,43,0.2136,1090,"Периферия, явных признаков нет: получает от 1 плательщ. (6 тыс ₸); платит 2 получат. (43 тыс ₸); отдаёт в 7.7 раза больше видимого входа; 22% уходит ≤2 дн. после поступления",1,False,False,1,1,1,2,1,4,5650.0,43400.0,0.0,0.2212,1,0,0,0,0.00091824,4e-07,0,0,0,0.0,0.7834,0.3652,0.6794,
100000003152964100,peripheral,0.7325,2,0.2136,1091,"Периферия, явных признаков нет: получает от 1 плательщ. (142 тыс ₸); платит 1 получат. (6 тыс ₸); отдаёт дальше 4% полученного",3,False,False,1,0,1,1,1,1,141847.0,5500.0,0.9612,0.0,1,0,0,0,0.00031443,1.922e-05,1,0,0,0.0,0.6409,0.6168,0.7297,
100000002580377100,peripheral,0.7943,4,0.2135,1092,"Периферия, явных признаков нет: получает от 1 плательщ. (38 тыс ₸); платит 1 получат. (5 тыс ₸); отдаёт дальше 13% полученного; повтор. маршрутов: 1",1,False,False,1,1,1,1,2,1,37750.0,5000.0,0.8675,0.0,1,0,0,1,0.00028963,1.922e-05,1,0,0,0.0,0.6476,0.327,0.7558,
100000001046057100,terminal,0.5865,25,0.2135,1093,Конечная точка в данных: получает от 1 плательщ. (83 тыс ₸); исходящих ≥5 тыс ₸ нет,3,False,False,1,0,1,0,1,0,83420.0,0.0,1.0,0.0,1,0,0,0,0.00031851,0.0,1,0,0,0.0,0.0,0.4937,0.0,
100000003293377100,terminal,0.6157,23,0.2134,1094,Конечная точка в данных: деньги от 3 seed; получает от 1 плательщ. (50 тыс ₸); исходящих ≥5 тыс ₸ нет,3,False,False,3,0,1,0,1,0,50000.0,0.0,1.0,0.0,1,0,0,0,0.00028719,0.0,1,0,0,0.0,0.0,0.3959,0.0,
100000003073398100,terminal,0.5912,21,0.2132,1095,Конечная точка в данных: получает от 1 плательщ. (93 тыс ₸); исходящих ≥5 тыс ₸ нет,2,False,False,1,0,1,0,1,0,92960.0,0.0,1.0,0.0,1,0,0,0,0.00030319,0.0,1,0,0,0.0,0.0,0.5141,0.0,
100000005834479100,coordinator,0.4436,2,0.2132,1096,Связующий узел между хабами: связан с 1+2 хабами (вход+выход); получает от 1 плательщ. (8 тыс ₸); платит 2 получат. (14 тыс ₸); отдаёт в 1.9 раза больше видимого входа,2,False,False,1,0,1,2,1,2,7500.0,14470.0,0.0,0.0,1,0,0,0,0.00028675,1.98e-06,1,2,1,0.0,0.7614,0.1735,0.7028,
100000002459164100,terminal,0.5167,3,0.2132,1097,Конечная точка в данных: получает от 1 плательщ. (20 тыс ₸); исходящих ≥5 тыс ₸ нет,3,False,False,1,0,1,0,1,0,20000.0,0.0,1.0,0.0,1,0,0,0,0.00054183,0.0,0,0,0,0.0,0.0,0.1624,0.0,
100000003927792100,terminal,0.5438,4,0.2131,1098,Конечная точка в данных: деньги от 3 seed; получает от 1 плательщ. (13 тыс ₸); повтор. маршрутов: 1; исходящих ≥5 тыс ₸ нет,2,False,False,3,0,1,0,1,0,13067.0,0.0,1.0,0.0,1,0,0,1,0.00028973,0.0,1,0,0,0.0,0.0,0.0933,0.0,
100000004035925100,peripheral,0.7054,4,0.2131,1099,"Периферия, явных признаков нет: 4-е колено: исходящие не видны; получает от 1 плательщ. (1.1 млн ₸); по обороту выше 98% узлов 4-го колена",4,False,True,0,0,1,0,2,0,1111588.0,0.0,,0.0,1,0,0,0,0.00046241,0.0,0,0,0,0.0,,0.9819,0.0,volume
100000001648936100,terminal,0.591,21,0.213,1100,Конечная точка в данных: получает от 1 плательщ. (93 тыс ₸); исходящих ≥5 тыс ₸ нет,2,False,False,1,0,1,0,1,0,92740.0,0.0,1.0,0.0,1,0,0,0,0.00030315,0.0,1,0,0,0.0,0.0,0.5119,0.0,
100000004784224100,peripheral,0.7967,5,0.2129,1101,"Периферия, явных признаков нет: получает от 1 плательщ. (24 тыс ₸); платит 1 получат. (100 тыс ₸); отдаёт в 4.3 раза больше видимого входа",1,False,False,1,1,1,1,2,1,23500.0,100000.0,0.0,0.0,1,0,0,0,0.0003048,2e-07,0,0,0,0.0,0.6476,0.5881,0.6624,
100000000297649100,peripheral,0.7664,29,0.2129,1102,"Периферия, явных признаков нет: деньги от 2 seed; получает от 1 плательщ. (40 тыс ₸); платит 1 получат. (71 тыс ₸); отдаёт в 1.8 раза больше видимого входа",2,False,False,2,0,1,1,1,2,40000.0,70600.0,0.0,0.0,1,0,0,0,0.00080914,0.0,1,1,0,0.0,0.5835,0.5553,0.0,
100000004491749100,terminal,0.5657,21,0.2129,1103,Конечная точка в данных: получает от 1 плательщ. (50 тыс ₸); исходящих ≥5 тыс ₸ нет,3,False,False,1,0,1,0,1,0,50000.0,0.0,1.0,0.0,1,0,0,0,0.00035079,0.0,1,0,0,0.0,0.0,0.3959,0.0,
100000005754335100,terminal,0.5548,23,0.2129,1104,Конечная точка в данных: получает от 1 плательщ. (44 тыс ₸); исходящих ≥5 тыс ₸ нет,3,False,False,1,0,1,0,1,0,44037.0,0.0,1.0,0.0,1,0,0,0,0.00040462,0.0,0,0,0,0.0,0.0,0.3579,0.0,
100000008406609100,terminal,0.5443,15,0.2127,1105,Конечная точка в данных: получает от 1 плательщ. (34 тыс ₸); исходящих ≥5 тыс ₸ нет,2,False,False,1,0,1,0,1,0,34000.0,0.0,1.0,0.0,1,0,0,0,0.0004305,0.0,0,0,0,0.0,0.0,0.2972,0.0,
100000008008463100,terminal,0.5699,21,0.2124,1106,Конечная точка в данных: получает от 1 плательщ. (54 тыс ₸); повтор. маршрутов: 1; исходящих ≥5 тыс ₸ нет,2,False,False,1,0,1,0,1,0,54180.0,0.0,1.0,0.0,1,0,0,1,0.00029584,0.0,1,0,0,0.0,0.0,0.4035,0.0,
100000008782421100,terminal,0.5621,35,0.2123,1107,Конечная точка в данных: получает от 1 плательщ. (50 тыс ₸); исходящих ≥5 тыс ₸ нет,1,False,False,1,1,1,0,1,0,49680.0,0.0,1.0,0.0,1,0,0,0,0.000296,0.0,1,0,0,0.0,0.0,0.3673,0.0,
100000008219168100,terminal,0.569,17,0.2123,1108,Конечная точка в данных: получает от 1 плательщ. (53 тыс ₸); исходящих ≥5 тыс ₸ нет,1,False,False,1,1,1,0,2,0,53200.0,0.0,1.0,0.0,1,0,0,0,0.00028862,0.0,1,0,0,0.0,0.0,0.4013,0.0,
100000005022964100,terminal,0.5417,9,0.2123,1109,Конечная точка в данных: деньги от 2 seed; получает от 1 плательщ. (20 тыс ₸); исходящих ≥5 тыс ₸ нет,2,False,False,2,0,1,0,1,0,20000.0,0.0,1.0,0.0,1,0,0,0,0.00032736,0.0,0,0,0,0.0,0.0,0.1453,0.0,
100000003831201100,terminal,0.5524,30,0.2123,1110,Конечная точка в данных: получает от 1 плательщ. (40 тыс ₸); исходящих ≥5 тыс ₸ нет,2,False,False,1,0,1,0,3,0,40500.0,0.0,1.0,0.0,1,0,0,0,0.00053433,0.0,0,0,0,0.0,0.0,0.3297,0.0,
100000001382002100,peripheral,0.7799,3,0.2122,1111,"Периферия, явных признаков нет: получает от 1 плательщ. (55 тыс ₸); платит 1 получат. (56 тыс ₸); отдаёт в 1.0 раза больше видимого входа",2,False,False,1,0,1,1,2,3,55000.0,56500.0,0.0,0.0,1,0,0,0,0.00066331,0.0,1,1,0,0.0,0.5835,0.5575,0.0,
100000007861311100,terminal,0.5568,17,0.2122,1112,Конечная точка в данных: получает от 1 плательщ. (45 тыс ₸); исходящих ≥5 тыс ₸ нет,2,False,False,1,0,1,0,1,0,45000.0,0.0,1.0,0.0,1,0,0,0,0.00035855,0.0,1,0,0,0.0,0.0,0.3341,0.0,
100000002742067100,terminal,0.5427,4,0.212,1113,Конечная точка в данных: деньги от 3 seed; получает от 1 плательщ. (13 тыс ₸); повтор. маршрутов: 1; исходящих ≥5 тыс ₸ нет,2,False,False,3,0,1,0,1,0,12730.0,0.0,1.0,0.0,1,0,0,1,0.00028962,0.0,1,0,0,0.0,0.0,0.0868,0.0,
100000005203590100,terminal,0.5899,21,0.2119,1114,Конечная точка в данных: получает от 1 плательщ. (90 тыс ₸); исходящих ≥5 тыс ₸ нет,2,False,False,1,0,1,0,1,0,90000.0,0.0,1.0,0.0,1,0,0,0,0.00030263,0.0,1,0,0,0.0,0.0,0.5033,0.0,
100000004064431100,peripheral,0.4557,6,0.2118,1115,"Периферия, явных признаков нет: получает от 1 плательщ. (26 тыс ₸); платит 1 получат. (10 тыс ₸); отдаёт дальше 38% полученного; 100% уходит ≤2 дн. после поступления",3,False,False,1,0,1,1,1,1,26000.0,10000.0,0.6154,1.0,1,0,0,0,0.00029105,9.9e-07,1,0,0,0.0,0.6409,0.3185,0.6916,
100000001471706100,peripheral,0.7286,1,0.2118,1116,"Периферия, явных признаков нет: 4-е колено: исходящие не видны; получает от 1 плательщ. (377 тыс ₸)",4,False,True,0,0,1,0,8,0,377000.0,0.0,,0.0,1,0,0,0,0.00054013,0.0,0,0,0,0.0,,0.9187,0.0,
100000002530224100,terminal,0.6014,11,0.2117,1117,Конечная точка в данных: получает от 1 плательщ. (113 тыс ₸); исходящих ≥5 тыс ₸ нет,3,False,False,1,0,1,0,1,0,113000.0,0.0,1.0,0.0,1,0,0,0,0.00029139,0.0,1,0,0,0.0,0.0,0.5647,0.0,
100000002566204100,terminal,0.5851,31,0.2115,1118,Конечная точка в данных: получает от 1 плательщ. (81 тыс ₸); исходящих ≥5 тыс ₸ нет,2,False,False,1,0,1,0,1,0,80805.0,0.0,1.0,0.0,1,0,0,0,0.00032407,0.0,1,0,0,0.0,0.0,0.4664,0.0,
100000004206046100,terminal,0.4896,4,0.2114,1119,Конечная точка в данных: получает от 1 плательщ. (11 тыс ₸); повтор. маршрутов: 2; исходящих ≥5 тыс ₸ нет,1,False,False,1,1,1,0,1,0,11075.0,0.0,1.0,0.0,1,0,0,2,0.00028676,0.0,1,0,0,0.0,0.0,0.0276,0.0,
100000008088082100,peripheral,0.7295,3,0.2114,1120,"Периферия, явных признаков нет: деньги от 2 seed; получает от 1 плательщ. (39 тыс ₸); платит 1 получат. (50 тыс ₸); отдаёт в 1.3 раза больше видимого входа",3,False,False,2,0,1,1,1,1,39138.0,50000.0,0.0,0.0,1,0,0,0,0.00030006,1.922e-05,1,0,0,0.0,0.6409,0.5102,0.7297,
100000008070101100,terminal,0.5969,11,0.2112,1121,Конечная точка в данных: получает от 1 плательщ. (100 тыс ₸); исходящих ≥5 тыс ₸ нет,3,False,False,1,0,1,0,1,0,100000.0,0.0,1.0,0.0,1,0,0,0,0.00029259,0.0,1,0,0,0.0,0.0,0.5317,0.0,
100000000971908100,terminal,0.5888,21,0.2111,1122,Конечная точка в данных: получает от 1 плательщ. (89 тыс ₸); исходящих ≥5 тыс ₸ нет,2,False,False,1,0,1,0,1,0,89000.0,0.0,1.0,0.0,1,0,0,0,0.00030244,0.0,1,0,0,0.0,0.0,0.4989,0.0,
100000000629812100,consolidator,0.2511,9,0.211,1123,Признаки консолидации: деньги от 3 seed; получает от 2 плательщ. (22 тыс ₸); исходящих ≥5 тыс ₸ нет,2,False,False,3,0,2,0,2,0,22000.0,0.0,1.0,0.0,1,0,0,0,0.00029798,0.0,1,0,0,0.731,0.0,0.1757,0.0,
100000007754369100,terminal,0.586,2,0.2109,1124,Конечная точка в данных: получает от 1 плательщ. (82 тыс ₸); исходящих ≥5 тыс ₸ нет,3,False,False,1,0,1,0,1,0,82424.0,0.0,1.0,0.0,1,0,0,0,0.00029288,0.0,1,0,0,0.0,0.0,0.4873,0.0,
100000001724740100,peripheral,0.7578,11,0.2108,1125,"Периферия, явных признаков нет: 4-е колено: исходящие не видны; получает от 1 плательщ. (185 тыс ₸); повтор. маршрутов: 1",4,False,True,0,0,1,0,4,0,185000.0,0.0,,0.0,1,0,0,1,0.00053648,0.0,1,0,0,0.0,,0.8262,0.0,
100000001650895100,peripheral,0.7285,17,0.2106,1126,"Периферия, явных признаков нет: получает от 1 плательщ. (154 тыс ₸); платит 1 получат. (10 тыс ₸); отдаёт дальше 7% полученного",3,False,False,1,0,1,1,1,1,153500.0,10000.0,0.9349,0.0,1,0,0,0,0.00030927,2.199e-05,1,0,0,0.0,0.6409,0.6485,0.8566,
100000006638021100,peripheral,0.6773,11,0.2106,1127,"Периферия, явных признаков нет: 4-е колено: исходящие не видны; получает от 2 плательщ. (388 тыс ₸); по числу плательщиков выше 97% узлов 4-го колена",4,False,True,0,0,2,0,2,0,388500.0,0.0,,0.0,2,0,0,0,0.00054449,0.0,1,0,0,0.9797,,0.9233,0.0,in_degree
100000005961971100,terminal,0.5598,35,0.2104,1128,Конечная точка в данных: получает от 1 плательщ. (47 тыс ₸); исходящих ≥5 тыс ₸ нет,1,False,False,1,1,1,0,1,0,47353.0,0.0,1.0,0.0,1,0,0,0,0.00029551,0.0,1,0,0,0.0,0.0,0.3588,0.0,
100000008749618100,terminal,0.5597,35,0.2103,1129,Конечная точка в данных: получает от 1 плательщ. (47 тыс ₸); исходящих ≥5 тыс ₸ нет,1,False,False,1,1,1,0,1,0,47280.0,0.0,1.0,0.0,1,0,0,0,0.00029549,0.0,1,0,0,0.0,0.0,0.3567,0.0,
100000008768896100,terminal,0.5594,35,0.2101,1130,Конечная точка в данных: получает от 1 плательщ. (47 тыс ₸); исходящих ≥5 тыс ₸ нет,1,False,False,1,1,1,0,1,0,47060.0,0.0,1.0,0.0,1,0,0,0,0.00029545,0.0,1,0,0,0.0,0.0,0.3524,0.0,
100000008745725100,terminal,0.5594,35,0.2101,1131,Конечная точка в данных: получает от 1 плательщ. (47 тыс ₸); исходящих ≥5 тыс ₸ нет,1,False,False,1,1,1,0,1,0,47060.0,0.0,1.0,0.0,1,0,0,0,0.00029545,0.0,1,0,0,0.0,0.0,0.3524,0.0,
100000004463277100,terminal,0.5461,36,0.2101,1132,Конечная точка в данных: получает от 1 плательщ. (35 тыс ₸); исходящих ≥5 тыс ₸ нет,2,False,False,1,0,1,0,1,0,35000.0,0.0,1.0,0.0,1,0,0,0,0.00069192,0.0,0,0,0,0.0,0.0,0.3059,0.0,
100000004292885100,terminal,0.6009,34,0.2101,1133,Конечная точка в данных: получает от 1 плательщ. (113 тыс ₸); исходящих ≥5 тыс ₸ нет,3,False,False,1,0,1,0,1,0,112700.0,0.0,1.0,0.0,1,0,0,0,0.00030316,0.0,1,0,0,0.0,0.0,0.5635,0.0,
100000007472293100,peripheral,0.6745,11,0.2101,1134,"Периферия, явных признаков нет: получает от 1 плательщ. (5 тыс ₸); платит 3 получат. (346 тыс ₸); отдаёт в 69.2 раза больше видимого входа",3,False,False,1,0,1,3,1,3,5000.0,345900.0,0.0,0.0,1,1,0,0,0.00028633,4.803e-05,1,0,0,0.0,0.9124,0.797,0.915,
100000003692843100,peripheral,0.7173,4,0.2099,1135,"Периферия, явных признаков нет: 4-е колено: исходящие не видны; получает от 1 плательщ. (510 тыс ₸); по обороту выше 95% узлов 4-го колена",4,False,True,0,0,1,0,2,0,510000.0,0.0,,0.0,1,0,0,0,0.0005295,0.0,0,0,0,0.0,,0.9526,0.0,volume
100000000878006100,terminal,0.6091,23,0.2098,1136,Конечная точка в данных: деньги от 3 seed; получает от 1 плательщ. (47 тыс ₸); исходящих ≥5 тыс ₸ нет,3,False,False,3,0,1,0,1,0,47003.0,0.0,1.0,0.0,1,0,0,0,0.00028709,0.0,1,0,0,0.0,0.0,0.382,0.0,
100000002613929100,terminal,0.5352,31,0.2097,1137,Конечная точка в данных: получает от 1 плательщ. (29 тыс ₸); исходящих ≥5 тыс ₸ нет,3,False,False,1,0,1,0,1,0,28560.0,0.0,1.0,0.0,1,0,0,0,0.00078093,0.0,0,0,0,0.0,0.0,0.2716,0.0,
100000008306857100,terminal,0.6042,16,0.2096,1138,Конечная точка в данных: получает от 1 плательщ. (125 тыс ₸); исходящих ≥5 тыс ₸ нет,3,False,False,1,0,1,0,1,0,125000.0,0.0,1.0,0.0,1,0,0,0,0.00029152,0.0,1,0,0,0.0,0.0,0.5825,0.0,
100000001252290100,peripheral,0.6579,23,0.2096,1139,"Периферия, явных признаков нет: деньги от 3 seed; получает от 1 плательщ. (141 тыс ₸); платит 1 получат. (5 тыс ₸); отдаёт дальше 4% полученного",3,False,False,3,0,1,1,1,1,141005.0,5000.0,0.9645,0.0,1,0,0,0,0.00029014,1.922e-05,1,0,0,0.0,0.6409,0.6129,0.7297,
100000006656003100,peripheral,0.46,35,0.2095,1140,"Периферия, явных признаков нет: получает от 1 плательщ. (20 тыс ₸); платит 1 получат. (9 тыс ₸); отдаёт дальше 45% полученного; 100% уходит ≤2 дн. после поступления",1,False,False,1,1,1,1,1,1,20000.0,9000.0,0.55,1.0,1,0,0,0,0.00028977,0.0,1,1,0,0.0,0.6476,0.2293,0.0,
100000007749092100,peripheral,0.8,4,0.2095,1141,"Периферия, явных признаков нет: получает от 1 плательщ. (8 тыс ₸); платит 1 получат. (70 тыс ₸); отдаёт в 9.2 раза больше видимого входа",2,False,False,1,0,1,1,1,5,7650.0,70375.0,0.0,0.0,1,0,0,0,0.00180442,0.0,0,0,0,0.0,0.5835,0.462,0.0,
100000002914245100,terminal,0.6084,27,0.2094,1142,Конечная точка в данных: получает от 1 плательщ. (141 тыс ₸); исходящих ≥5 тыс ₸ нет,3,False,False,1,0,1,0,1,0,140611.0,0.0,1.0,0.0,1,0,0,0,0.00029558,0.0,1,0,0,0.0,0.0,0.6066,0.0,
100000000724540100,peripheral,0.7165,11,0.2093,1143,"Периферия, явных признаков нет: получает от 1 плательщ. (50 тыс ₸); платит 1 получат. (100 тыс ₸); отдаёт в 2.0 раза больше видимого входа",2,False,False,1,0,1,1,1,1,50000.0,100000.0,0.0,0.0,1,0,0,0,0.00030963,1.981e-05,1,0,0,0.0,0.5835,0.603,0.7722,
100000002489253100,terminal,0.5669,4,0.2093,1144,Конечная точка в данных: получает от 1 плательщ. (51 тыс ₸); исходящих ≥5 тыс ₸ нет,2,False,False,1,0,1,0,1,0,51000.0,0.0,1.0,0.0,1,0,0,0,0.00030184,0.0,1,0,0,0.0,0.0,0.3861,0.0,
100000000534581100,peripheral,0.5943,2,0.2093,1145,"Периферия, явных признаков нет: деньги от 2 seed; получает от 2 плательщ. (56 тыс ₸); платит 1 получат. (40 тыс ₸); отдаёт дальше 71% полученного",3,False,False,2,0,2,1,2,1,55960.0,40000.0,0.2852,0.0,1,0,0,0,0.00029845,1.922e-05,2,0,1,0.8414,0.6409,0.5292,0.7297,
100000005037490100,peripheral,0.5162,27,0.2093,1146,"Периферия, явных признаков нет: получает от 1 плательщ. (15 тыс ₸); платит 2 получат. (30 тыс ₸); отдаёт в 2.0 раза больше видимого входа; 47% уходит ≤2 дн. после поступления",3,False,False,1,0,1,2,1,3,15000.0,30000.0,0.0,0.4667,1,1,0,0,0.0003232,1.942e-05,1,1,0,0.0,0.8363,0.3642,0.8033,
100000000806727100,peripheral,0.6852,27,0.2092,1147,"Периферия, явных признаков нет: деньги от 4 seed; получает от 1 плательщ. (45 тыс ₸); платит 1 получат. (5 тыс ₸); отдаёт дальше 11% полученного",2,False,False,4,0,1,1,1,1,45000.0,5000.0,0.8889,0.0,1,0,0,0,0.00034586,0.0,0,1,0,0.0,0.5835,0.3623,0.0,
100000002214301100,peripheral,0.5781,3,0.2091,1148,"Периферия, явных признаков нет: получает от 1 плательщ. (21 тыс ₸); платит 1 получат. (8 тыс ₸); отдаёт дальше 37% полученного",1,False,False,1,1,1,1,1,1,21438.0,8000.0,0.6268,0.0,1,0,0,0,0.00028959,9.61e-05,1,0,1,0.0,0.6476,0.2357,0.8747,
100000005809252100,terminal,0.5289,23,0.2091,1149,Конечная точка в данных: получает от 1 плательщ. (25 тыс ₸); исходящих ≥5 тыс ₸ нет,2,False,False,1,0,1,0,1,0,25000.0,0.0,1.0,0.0,1,0,0,0,0.00056713,0.0,1,0,0,0.0,0.0,0.2039,0.0,
100000002301828100,terminal,0.5587,10,0.2089,1150,Конечная точка в данных: получает от 1 плательщ. (47 тыс ₸); повтор. маршрутов: 1; исходящих ≥5 тыс ₸ нет,3,False,False,1,0,1,0,1,0,46977.0,0.0,1.0,0.0,1,0,0,1,0.00029296,0.0,1,0,0,0.0,0.0,0.3782,0.0,
100000008060273100,terminal,0.5628,27,0.2086,1151,Конечная точка в данных: деньги от 4 seed; получает от 1 плательщ. (10 тыс ₸); исходящих ≥5 тыс ₸ нет,2,False,False,4,0,1,0,2,0,10000.0,0.0,1.0,0.0,1,0,0,0,0.00029897,0.0,0,0,0,0.0,0.0,0.0347,0.0,
100000008759857100,peripheral,0.7389,11,0.2083,1152,"Периферия, явных признаков нет: получает от 1 плательщ. (5 тыс ₸); платит 2 получат. (994 тыс ₸); отдаёт в 198.8 раза больше видимого входа",3,False,False,1,0,1,2,1,3,5000.0,994000.0,0.0,0.0,1,5,0,0,0.00028633,7.3e-06,1,1,0,0.0,0.8363,0.9391,0.7246,
100000008422226100,terminal,0.6132,30,0.2082,1153,Конечная точка в данных: деньги от 2 seed; получает от 1 плательщ. (87 тыс ₸); исходящих ≥5 тыс ₸ нет,3,False,False,2,0,1,0,1,0,87450.0,0.0,1.0,0.0,1,0,0,0,0.00029049,0.0,1,0,0,0.0,0.0,0.5076,0.0,
100000001065234100,peripheral,0.7297,4,0.2081,1154,"Периферия, явных признаков нет: 4-е колено: исходящие не видны; получает от 1 плательщ. (360 тыс ₸)",4,False,True,0,0,1,0,1,0,360000.0,0.0,,0.0,1,0,0,0,0.00054869,0.0,0,0,0,0.0,,0.9142,0.0,
100000003016773100,terminal,0.5584,11,0.2079,1155,Конечная точка в данных: получает от 1 плательщ. (47 тыс ₸); исходящих ≥5 тыс ₸ нет,2,False,False,1,0,1,0,1,0,46555.0,0.0,1.0,0.0,1,0,0,0,0.0003148,0.0,1,0,0,0.0,0.0,0.3471,0.0,
100000001954534100,peripheral,0.7209,2,0.2078,1156,"Периферия, явных признаков нет: получает от 1 плательщ. (13 тыс ₸); платит 1 получат. (40 тыс ₸); отдаёт в 3.1 раза больше видимого входа",3,False,False,1,0,1,1,1,1,13000.0,40000.0,0.0,0.0,1,0,0,0,0.00036595,1.962e-05,1,0,0,0.0,0.6409,0.4226,0.8096,
100000004386331100,peripheral,0.6713,29,0.2073,1157,"Периферия, явных признаков нет: деньги от 2 seed; получает от 1 плательщ. (20 тыс ₸); платит 2 получат. (18 тыс ₸); отдаёт дальше 88% полученного",3,False,False,2,0,1,2,1,2,20000.0,17500.0,0.125,0.0,1,0,0,0,0.00051269,2.021e-05,1,1,0,0.0,0.8363,0.3299,0.8338,
100000008517061100,peripheral,0.7024,13,0.2072,1158,"Периферия, явных признаков нет: 4-е колено: исходящие не видны; получает от 1 плательщ. (1.8 млн ₸); по обороту выше 99% узлов 4-го колена",4,False,True,0,0,1,0,4,0,1844000.0,0.0,,0.0,1,0,0,0,0.00041306,0.0,1,0,0,0.0,,0.9932,0.0,volume
100000003147719100,terminal,0.5969,11,0.2071,1159,Конечная точка в данных: получает от 1 плательщ. (100 тыс ₸); исходящих ≥5 тыс ₸ нет,3,False,False,1,0,1,0,1,0,100000.0,0.0,1.0,0.0,1,0,0,0,0.00029072,0.0,1,0,0,0.0,0.0,0.5317,0.0,
100000001740277100,peripheral,0.4351,17,0.2071,1160,"Периферия, явных признаков нет: получает от 1 плательщ. (9 тыс ₸); платит 1 получат. (5 тыс ₸); отдаёт дальше 57% полученного; 100% уходит ≤2 дн. после поступления",3,False,False,1,0,1,1,1,1,8700.0,5000.0,0.4253,1.0,1,0,0,0,0.00036969,0.0,0,0,0,0.0,0.6409,0.0863,0.0,
100000003220685100,peripheral,0.7042,23,0.207,1161,"Периферия, явных признаков нет: 4-е колено: исходящие не видны; получает от 1 плательщ. (1.3 млн ₸); по обороту выше 98% узлов 4-го колена",4,False,True,0,0,1,0,2,0,1306000.0,0.0,,0.0,1,0,0,0,0.0005376,0.0,1,0,0,0.0,,0.9865,0.0,volume
100000005493505100,consolidator,0.3775,27,0.2069,1162,"Признаки консолидации: деньги от 4 seed (1 напрямую); получает от 3 плательщ. (62 тыс ₸); исходящих ≥5 тыс ₸ нет; seed, входящие занижены",0,True,False,4,1,3,0,3,0,62020.0,0.0,,0.0,1,0,0,0,0.00061742,0.0,1,0,0,0.8375,0.0,0.425,0.0,
100000000978041100,terminal,0.5552,35,0.2069,1163,Конечная точка в данных: получает от 1 плательщ. (44 тыс ₸); исходящих ≥5 тыс ₸ нет,1,False,False,1,1,1,0,1,0,44445.0,0.0,1.0,0.0,1,0,0,0,0.0002949,0.0,1,0,0,0.0,0.0,0.3376,0.0,
100000008744849100,terminal,0.5552,35,0.2069,1164,Конечная точка в данных: получает от 1 плательщ. (44 тыс ₸); исходящих ≥5 тыс ₸ нет,1,False,False,1,1,1,0,1,0,44445.0,0.0,1.0,0.0,1,0,0,0,0.0002949,0.0,1,0,0,0.0,0.0,0.3376,0.0,
100000004254434100,terminal,0.5552,35,0.2069,1165,Конечная точка в данных: получает от 1 плательщ. (44 тыс ₸); исходящих ≥5 тыс ₸ нет,1,False,False,1,1,1,0,2,0,44445.0,0.0,1.0,0.0,1,0,0,0,0.0002949,0.0,1,0,0,0.0,0.0,0.3376,0.0,
100000005082652100,terminal,0.5398,17,0.2069,1166,Конечная точка в данных: получает от 1 плательщ. (30 тыс ₸); исходящих ≥5 тыс ₸ нет,3,False,False,1,0,1,0,1,0,30000.0,0.0,1.0,0.0,1,0,0,0,0.000408,0.0,0,0,0,0.0,0.0,0.2779,0.0,
100000007131370100,peripheral,0.8,4,0.2068,1167,"Периферия, явных признаков нет: получает от 1 плательщ. (30 тыс ₸); платит 1 получат. (30 тыс ₸); отдаёт дальше 100% полученного",3,False,False,1,0,1,1,1,1,30000.0,30000.0,0.0,0.0,1,1,0,0,0.00089999,0.0,0,0,0,0.0,0.6409,0.4454,0.0,
100000006523053100,terminal,0.4951,9,0.2065,1168,Конечная точка в данных: деньги от 2 seed; получает от 1 плательщ. (5 тыс ₸); исходящих ≥5 тыс ₸ нет,2,False,False,2,0,1,0,1,0,5000.0,0.0,1.0,0.0,1,0,0,0,0.00053865,0.0,1,0,0,0.0,0.0,0.0,0.0,
100000005030592100,terminal,0.5378,4,0.2065,1169,Конечная точка в данных: деньги от 3 seed; получает от 1 плательщ. (10 тыс ₸); повтор. маршрутов: 1; исходящих ≥5 тыс ₸ нет,2,False,False,3,0,1,0,1,0,10000.0,0.0,1.0,0.0,1,0,0,1,0.00028875,0.0,1,0,0,0.0,0.0,0.0347,0.0,
100000002671326100,peripheral,0.7063,25,0.2065,1170,"Периферия, явных признаков нет: 4-е колено: исходящие не видны; получает от 1 плательщ. (1.1 млн ₸); по обороту выше 97% узлов 4-го колена",4,False,True,0,0,1,0,2,0,1050000.0,0.0,,0.0,1,0,0,0,0.00062945,0.0,0,0,0,0.0,,0.9774,0.0,volume
100000004984689100,terminal,0.5688,2,0.2063,1171,Конечная точка в данных: получает от 1 плательщ. (53 тыс ₸); исходящих ≥5 тыс ₸ нет,3,False,False,1,0,1,0,1,0,53030.0,0.0,1.0,0.0,1,0,0,0,0.00029636,0.0,1,0,0,0.0,0.0,0.4239,0.0,
100000008782800100,terminal,0.5544,35,0.206,1172,Конечная точка в данных: получает от 1 плательщ. (43 тыс ₸); исходящих ≥5 тыс ₸ нет,1,False,False,1,1,1,0,1,0,43381.0,0.0,1.0,0.0,1,0,0,0,0.00029467,0.0,1,0,0,0.0,0.0,0.3333,0.0,
100000008661585100,terminal,0.5542,35,0.2058,1173,Конечная точка в данных: получает от 1 плательщ. (43 тыс ₸); исходящих ≥5 тыс ₸ нет,1,False,False,1,1,1,0,1,0,43141.0,0.0,1.0,0.0,1,0,0,0,0.00029462,0.0,1,0,0,0.0,0.0,0.3312,0.0,
100000008503177100,terminal,0.5437,2,0.2057,1174,Конечная точка в данных: получает от 1 плательщ. (34 тыс ₸); повтор. маршрутов: 1; исходящих ≥5 тыс ₸ нет,3,False,False,1,0,1,0,1,0,33951.0,0.0,1.0,0.0,1,0,0,1,0.00029248,0.0,1,0,0,0.0,0.0,0.3071,0.0,
100000008776298100,terminal,0.554,35,0.2056,1175,Конечная точка в данных: получает от 1 плательщ. (43 тыс ₸); исходящих ≥5 тыс ₸ нет,1,False,False,1,1,1,0,1,0,42800.0,0.0,1.0,0.0,1,0,0,0,0.00029455,0.0,1,0,0,0.0,0.0,0.3291,0.0,
100000003066385100,terminal,0.5567,3,0.2054,1176,Конечная точка в данных: получает от 2 плательщ. (20 тыс ₸); исходящих ≥5 тыс ₸ нет,1,False,False,1,1,2,0,2,0,20000.0,0.0,1.0,0.0,1,0,0,0,0.00029154,0.0,2,0,0,0.6624,0.0,0.1359,0.0,
100000002891765100,terminal,0.5713,13,0.2053,1177,Конечная точка в данных: получает от 1 плательщ. (56 тыс ₸); исходящих ≥5 тыс ₸ нет,3,False,False,1,0,1,0,1,0,55576.0,0.0,1.0,0.0,1,0,0,0,0.00030128,0.0,1,0,0,0.0,0.0,0.4353,0.0,
100000008762728100,terminal,0.5298,4,0.2052,1178,Конечная точка в данных: деньги от 2 seed; получает от 1 плательщ. (17 тыс ₸); исходящих ≥5 тыс ₸ нет,2,False,False,2,0,1,0,1,0,17026.0,0.0,1.0,0.0,1,0,0,0,0.0003177,0.0,1,0,0,0.0,0.0,0.1302,0.0,
100000002445750100,peripheral,0.7688,30,0.2052,1179,"Периферия, явных признаков нет: получает от 1 плательщ. (70 тыс ₸); платит 1 получат. (10 тыс ₸); отдаёт дальше 14% полученного",2,False,False,1,0,1,1,1,1,70000.0,10000.0,0.8571,0.0,1,0,0,0,0.00053729,1.942e-05,0,0,0,0.0,0.5835,0.4642,0.7549,
100000001639766100,terminal,0.5167,21,0.2051,1180,Конечная точка в данных: получает от 1 плательщ. (20 тыс ₸); исходящих ≥5 тыс ₸ нет,3,False,False,1,0,1,0,1,0,20000.0,0.0,1.0,0.0,1,0,0,0,0.00065066,0.0,1,0,0,0.0,0.0,0.1624,0.0,
100000001052789100,terminal,0.5804,15,0.2051,1181,Конечная точка в данных: получает от 1 плательщ. (71 тыс ₸); исходящих ≥5 тыс ₸ нет,3,False,False,1,0,1,0,1,0,70975.0,0.0,1.0,0.0,1,0,0,0,0.00029771,0.0,1,0,0,0.0,0.0,0.4708,0.0,
100000005022552100,peripheral,0.7069,4,0.205,1182,"Периферия, явных признаков нет: получает от 1 плательщ. (241 тыс ₸); платит 1 получат. (5 тыс ₸); отдаёт дальше 2% полученного",3,False,False,1,0,1,1,3,1,241000.0,5000.0,0.9793,0.0,1,0,0,0,0.00035776,0.0,1,0,0,0.0,0.6409,0.7246,0.0,
100000008259451100,terminal,0.5711,13,0.2049,1183,Конечная точка в данных: получает от 1 плательщ. (55 тыс ₸); исходящих ≥5 тыс ₸ нет,3,False,False,1,0,1,0,1,0,55000.0,0.0,1.0,0.0,1,0,0,0,0.00030112,0.0,1,0,0,0.0,0.0,0.4302,0.0,
100000004336228100,terminal,0.5672,2,0.2049,1184,Конечная точка в данных: получает от 1 плательщ. (51 тыс ₸); исходящих ≥5 тыс ₸ нет,3,False,False,1,0,1,0,2,0,51407.0,0.0,1.0,0.0,1,0,0,0,0.00029603,0.0,1,0,0,0.0,0.0,0.4137,0.0,
100000008349675100,peripheral,0.6119,17,0.2047,1185,"Периферия, явных признаков нет: получает от 1 плательщ. (47 тыс ₸); платит 1 получат. (37 тыс ₸); отдаёт дальше 79% полученного; 50% уходит ≤2 дн. после поступления",1,False,False,1,1,1,1,1,2,46520.0,36650.0,0.2122,0.5048,1,0,0,0,0.00028824,2e-07,1,0,0,0.0,0.6476,0.5032,0.6624,
100000008598972100,terminal,0.6033,27,0.2046,1186,Конечная точка в данных: получает от 1 плательщ. (120 тыс ₸); исходящих ≥5 тыс ₸ нет,3,False,False,1,0,1,0,1,0,120000.0,0.0,1.0,0.0,1,0,0,0,0.00029412,0.0,1,0,0,0.0,0.0,0.5787,0.0,
100000008717340100,terminal,0.5532,35,0.2045,1187,Конечная точка в данных: получает от 1 плательщ. (42 тыс ₸); исходящих ≥5 тыс ₸ нет,1,False,False,1,1,1,0,1,0,41500.0,0.0,1.0,0.0,1,0,0,0,0.00029428,0.0,1,0,0,0.0,0.0,0.3206,0.0,
100000008175078100,peripheral,0.7023,23,0.204,1188,"Периферия, явных признаков нет: 4-е колено: исходящие не видны; получает от 1 плательщ. (1.8 млн ₸); по обороту больше всех узлов 4-го колена",4,False,True,0,0,1,0,15,0,1846711.0,0.0,,0.0,1,0,0,0,0.00046907,0.0,1,0,0,0.0,,0.9955,0.0,volume
100000008745474100,terminal,0.5525,35,0.2039,1189,Конечная точка в данных: получает от 1 плательщ. (41 тыс ₸); исходящих ≥5 тыс ₸ нет,1,False,False,1,1,1,0,1,0,40559.0,0.0,1.0,0.0,1,0,0,0,0.00029408,0.0,1,0,0,0.0,0.0,0.3185,0.0,
100000001053894100,peripheral,0.7019,23,0.2037,1190,"Периферия, явных признаков нет: 4-е колено: исходящие не видны; получает от 1 плательщ. (2.0 млн ₸); по обороту больше всех узлов 4-го колена",4,False,True,0,0,1,0,7,0,2000000.0,0.0,,0.0,1,0,0,0,0.00044855,0.0,1,0,0,0.0,,0.9977,0.0,volume
100000003971049100,terminal,0.5714,3,0.2036,1191,Конечная точка в данных: получает от 1 плательщ. (56 тыс ₸); исходящих ≥5 тыс ₸ нет,2,False,False,1,0,1,0,7,0,55900.0,0.0,1.0,0.0,1,0,0,0,0.00029427,0.0,1,0,0,0.0,0.0,0.4121,0.0,
100000002531406100,peripheral,0.6793,27,0.2036,1192,"Периферия, явных признаков нет: получает от 1 плательщ. (520 тыс ₸); платит 1 получат. (500 тыс ₸); отдаёт дальше 96% полученного",3,False,False,1,0,1,1,1,1,520000.0,500000.0,0.0385,0.0,1,0,0,0,0.00032261,7.9e-07,1,0,0,0.0,0.6409,0.9442,0.6853,
100000005008589100,terminal,0.5541,3,0.2034,1193,Конечная точка в данных: получает от 1 плательщ. (43 тыс ₸); исходящих ≥5 тыс ₸ нет,3,False,False,1,0,1,0,1,0,42806.68,0.0,1.0,0.0,1,0,0,0,0.00030309,0.0,1,0,0,0.0,0.0,0.3553,0.0,
100000006369769100,terminal,0.5519,35,0.2033,1194,Конечная точка в данных: получает от 1 плательщ. (40 тыс ₸); исходящих ≥5 тыс ₸ нет,1,False,False,1,1,1,0,1,0,40000.0,0.0,1.0,0.0,1,0,0,0,0.00029396,0.0,1,0,0,0.0,0.0,0.31,0.0,
100000006111442100,terminal,0.576,11,0.2032,1195,Конечная точка в данных: получает от 1 плательщ. (64 тыс ₸); исходящих ≥5 тыс ₸ нет,3,False,False,1,0,1,0,1,0,64000.0,0.0,1.0,0.0,1,0,0,0,0.00029553,0.0,1,0,0,0.0,0.0,0.453,0.0,
100000002488629100,terminal,0.5812,21,0.203,1196,Конечная точка в данных: получает от 1 плательщ. (73 тыс ₸); исходящих ≥5 тыс ₸ нет,2,False,False,1,0,1,0,1,0,73050.0,0.0,1.0,0.0,1,0,0,0,0.00029941,0.0,1,0,0,0.0,0.0,0.4577,0.0,
100000003484058100,peripheral,0.7432,13,0.2029,1197,"Периферия, явных признаков нет: получает от 1 плательщ. (110 тыс ₸); платит 1 получат. (6 тыс ₸); отдаёт дальше 5% полученного",3,False,False,1,0,1,1,1,1,110000.0,6000.0,0.9455,0.0,1,0,0,0,0.00031666,1.922e-05,1,0,0,0.0,0.6409,0.5698,0.7297,
100000003718715100,peripheral,0.7073,27,0.2028,1198,"Периферия, явных признаков нет: 4-е колено: исходящие не видны; получает от 1 плательщ. (915 тыс ₸); по обороту выше 97% узлов 4-го колена",4,False,True,0,0,1,0,3,0,915000.0,0.0,,0.0,1,0,0,0,0.00057558,0.0,0,0,0,0.0,,0.9707,0.0,volume
100000005100475100,terminal,0.5519,21,0.2027,1199,Конечная точка в данных: получает от 1 плательщ. (40 тыс ₸); исходящих ≥5 тыс ₸ нет,3,False,False,1,0,1,0,1,0,40000.0,0.0,1.0,0.0,1,0,0,0,0.00033775,0.0,1,0,0,0.0,0.0,0.3401,0.0,
100000001782980100,peripheral,0.7812,36,0.2026,1200,"Периферия, явных признаков нет: получает от 1 плательщ. (50 тыс ₸); платит 1 получат. (596 тыс ₸); отдаёт в 11.9 раза больше видимого входа",2,False,False,1,0,1,1,1,3,50000.0,596200.0,0.0,0.0,1,0,0,0,0.00037028,5.9e-07,1,0,0,0.0,0.5835,0.8612,0.6703,
100000003989033100,peripheral,0.7288,16,0.2025,1201,"Периферия, явных признаков нет: 4-е колено: исходящие не видны; получает от 1 плательщ. (373 тыс ₸)",4,False,True,0,0,1,0,13,0,373400.0,0.0,,0.0,1,0,0,0,0.00059892,0.0,0,0,0,0.0,,0.9165,0.0,
100000007938486100,terminal,0.5501,35,0.2024,1202,Конечная точка в данных: получает от 1 плательщ. (40 тыс ₸); исходящих ≥5 тыс ₸ нет,1,False,False,1,1,1,0,1,0,39500.0,0.0,1.0,0.0,1,0,0,0,0.00029386,0.0,1,0,0,0.0,0.0,0.3057,0.0,
100000002686226100,peripheral,0.7239,23,0.2024,1203,"Периферия, явных признаков нет: 4-е колено: исходящие не видны; получает от 1 плательщ. (430 тыс ₸)",4,False,True,0,0,1,0,2,0,430000.0,0.0,,0.0,1,0,0,0,0.00065462,0.0,0,0,0,0.0,,0.9368,0.0,
100000003112578100,terminal,0.5974,16,0.2023,1204,Конечная точка в данных: получает от 1 плательщ. (101 тыс ₸); исходящих ≥5 тыс ₸ нет,3,False,False,1,0,1,0,1,0,101080.0,0.0,1.0,0.0,1,0,0,0,0.00029038,0.0,1,0,0,0.0,0.0,0.547,0.0,
100000002185328100,peripheral,0.6641,39,0.2022,1205,"Периферия, явных признаков нет: получает от 1 плательщ. (15 тыс ₸); платит 4 получат. (55 тыс ₸); отдаёт в 3.7 раза больше видимого входа",3,False,False,1,0,1,4,1,4,15000.0,55000.0,0.0,0.0,1,0,0,0,0.00035185,6.162e-05,0,0,1,0.0,0.9404,0.467,0.934,
100000008735384100,terminal,0.5498,35,0.2021,1206,Конечная точка в данных: получает от 1 плательщ. (39 тыс ₸); исходящих ≥5 тыс ₸ нет,1,False,False,1,1,1,0,1,0,39220.0,0.0,1.0,0.0,1,0,0,0,0.0002938,0.0,1,0,0,0.0,0.0,0.3036,0.0,
100000005042822100,peripheral,0.7066,18,0.2021,1207,"Периферия, явных признаков нет: 4-е колено: исходящие не видны; получает от 1 плательщ. (1.0 млн ₸); по обороту выше 97% узлов 4-го колена",4,False,True,0,0,1,0,1,0,1000000.0,0.0,,0.0,1,0,0,0,0.00045261,0.0,0,0,0,0.0,,0.9729,0.0,volume
100000005507142100,peripheral,0.7451,37,0.202,1208,"Периферия, явных признаков нет: получает от 3 плательщ. (51 тыс ₸); платит 3 получат. (100 тыс ₸); отдаёт в 2.0 раза больше видимого входа",2,False,False,1,0,3,3,3,4,51000.0,100000.0,0.0,0.0,1,0,0,0,0.00055895,4.56e-06,0,0,0,0.8503,0.8395,0.6161,0.7137,
100000008771819100,terminal,0.5494,35,0.2018,1209,Конечная точка в данных: получает от 1 плательщ. (39 тыс ₸); исходящих ≥5 тыс ₸ нет,1,False,False,1,1,1,0,1,0,38900.0,0.0,1.0,0.0,1,0,0,0,0.00029373,0.0,1,0,0,0.0,0.0,0.2994,0.0,
100000008141170100,terminal,0.4894,4,0.2017,1210,Конечная точка в данных: получает от 1 плательщ. (11 тыс ₸); исходящих ≥5 тыс ₸ нет,2,False,False,1,0,1,0,1,0,11000.0,0.0,1.0,0.0,1,0,0,0,0.0006219,0.0,0,0,0,0.0,0.0,0.0759,0.0,
100000005547096100,peripheral,0.7913,41,0.2016,1211,"Периферия, явных признаков нет: получает от 1 плательщ. (8 тыс ₸); платит 2 получат. (226 тыс ₸); отдаёт в 28.3 раза больше видимого входа",2,False,False,1,0,1,2,1,3,8000.0,226300.0,0.0,0.0,1,1,0,0,0.00089206,4e-07,0,0,0,0.0,0.7614,0.7115,0.6573,
100000004006327100,peripheral,0.735,11,0.2015,1212,"Периферия, явных признаков нет: 4-е колено: исходящие не видны; получает от 1 плательщ. (300 тыс ₸)",4,False,True,0,0,1,0,3,0,300000.0,0.0,,0.0,1,0,0,0,0.00055497,0.0,0,0,0,0.0,,0.8916,0.0,
100000001307612100,terminal,0.5492,35,0.2014,1213,Конечная точка в данных: получает от 1 плательщ. (38 тыс ₸); исходящих ≥5 тыс ₸ нет,1,False,False,1,1,1,0,1,0,38483.0,0.0,1.0,0.0,1,0,0,0,0.00029365,0.0,1,0,0,0.0,0.0,0.2972,0.0,
100000001130176100,terminal,0.5289,30,0.2014,1214,Конечная точка в данных: получает от 1 плательщ. (25 тыс ₸); исходящих ≥5 тыс ₸ нет,3,False,False,1,0,1,0,2,0,25000.0,0.0,1.0,0.0,1,0,0,0,0.00055805,0.0,1,0,0,0.0,0.0,0.2234,0.0,
100000007797290100,peripheral,0.7476,3,0.2012,1215,"Периферия, явных признаков нет: получает от 1 плательщ. (100 тыс ₸); платит 1 получат. (20 тыс ₸); отдаёт дальше 20% полученного",2,False,False,1,0,1,1,1,1,100000.0,20000.0,0.8,0.0,1,0,0,0,0.00030113,1.922e-05,1,0,0,0.0,0.5835,0.5683,0.7354,
100000003037476100,peripheral,0.6454,11,0.2012,1216,"Периферия, явных признаков нет: 4-е колено: исходящие не видны; получает от 3 плательщ. (555 тыс ₸); по числу плательщиков больше всех узлов 4-го колена",4,False,True,0,0,3,0,3,0,555000.0,0.0,,0.0,2,0,0,0,0.00035935,0.0,3,0,0,0.9955,,0.9571,0.0,"in_degree,volume"
100000005272139100,peripheral,0.763,4,0.2012,1217,"Периферия, явных признаков нет: 4-е колено: исходящие не видны; получает от 1 плательщ. (165 тыс ₸)",4,False,True,0,0,1,0,1,0,165000.0,0.0,,0.0,1,0,0,0,0.00075553,0.0,0,0,0,0.0,,0.8081,0.0,
100000008720856100,peripheral,0.7209,3,0.2011,1218,"Периферия, явных признаков нет: получает от 1 плательщ. (18 тыс ₸); платит 1 получат. (46 тыс ₸); отдаёт в 2.5 раза больше видимого входа",3,False,False,1,0,1,1,1,2,18105.0,46000.0,0.0,0.0,1,0,0,0,0.00031933,1.962e-05,1,0,0,0.0,0.6409,0.4543,0.8096,
100000002648315100,peripheral,0.7366,17,0.201,1219,"Периферия, явных признаков нет: получает от 1 плательщ. (132 тыс ₸); платит 2 получат. (76 тыс ₸); отдаёт дальше 58% полученного",1,False,False,1,1,1,2,1,3,132000.0,76000.0,0.4242,0.0,1,0,0,0,0.00029314,4e-07,1,0,0,0.0,0.7834,0.6837,0.6794,
100000002860934100,peripheral,0.7391,12,0.201,1220,"Периферия, явных признаков нет: 4-е колено: исходящие не видны; получает от 1 плательщ. (280 тыс ₸)",4,False,True,0,0,1,0,4,0,279500.0,0.0,,0.0,1,0,0,0,0.00058144,0.0,1,0,0,0.0,,0.8826,0.0,
100000008687671100,terminal,0.5486,35,0.2005,1221,Конечная точка в данных: получает от 1 плательщ. (38 тыс ₸); исходящих ≥5 тыс ₸ нет,1,False,False,1,1,1,0,1,0,37500.0,0.0,1.0,0.0,1,0,0,0,0.00029344,0.0,1,0,0,0.0,0.0,0.2866,0.0,
100000001831496100,peripheral,0.6569,1,0.2005,1222,"Периферия, явных признаков нет: получает от 1 плательщ. (25 тыс ₸); платит 1 получат. (373 тыс ₸); отдаёт в 14.9 раза больше видимого входа",3,False,False,1,0,1,1,1,1,25000.0,373000.0,0.0,0.0,1,1,0,0,0.00029264,1.85e-06,1,1,1,0.0,0.6409,0.8211,0.7107,
100000001530740100,terminal,0.5001,4,0.2004,1223,Конечная точка в данных: получает от 1 плательщ. (15 тыс ₸); исходящих ≥5 тыс ₸ нет,2,False,False,1,0,1,0,1,0,15000.0,0.0,1.0,0.0,1,0,0,0,0.00052982,0.0,0,0,0,0.0,0.0,0.102,0.0,
100000006557763100,terminal,0.5128,9,0.2002,1224,Конечная точка в данных: деньги от 2 seed; получает от 1 плательщ. (10 тыс ₸); исходящих ≥5 тыс ₸ нет,2,False,False,2,0,1,0,1,0,10000.0,0.0,1.0,0.0,1,0,0,0,0.00034718,0.0,0,0,0,0.0,0.0,0.0347,0.0,
100000000926766100,peripheral,0.486,33,0.2002,1225,"Периферия, явных признаков нет: получает от 1 плательщ. (19 тыс ₸); платит 1 получат. (6 тыс ₸); отдаёт дальше 32% полученного; 100% уходит ≤2 дн. после поступления",3,False,False,1,0,1,1,1,1,18750.0,6000.0,0.68,1.0,1,0,0,0,0.00031794,0.0,1,1,0,0.0,0.6409,0.2221,0.0,
100000003888527100,terminal,0.5398,23,0.2,1226,Конечная точка в данных: получает от 1 плательщ. (30 тыс ₸); исходящих ≥5 тыс ₸ нет,3,False,False,1,0,1,0,1,0,30000.0,0.0,1.0,0.0,1,0,0,0,0.00036667,0.0,0,0,0,0.0,0.0,0.2779,0.0,
100000000926078100,peripheral,0.7426,2,0.2,1227,"Периферия, явных признаков нет: 4-е колено: исходящие не видны; получает от 1 плательщ. (250 тыс ₸)",4,False,True,0,0,1,0,1,0,250000.0,0.0,,0.0,1,0,0,0,0.00051656,0.0,1,0,0,0.0,,0.8668,0.0,
100000005711521100,peripheral,0.7453,3,0.1999,1228,"Периферия, явных признаков нет: 4-е колено: исходящие не видны; получает от 1 плательщ. (238 тыс ₸)",4,False,True,0,0,1,0,1,0,238000.0,0.0,,0.0,1,0,0,0,0.00053384,0.0,0,0,0,0.0,,0.8555,0.0,
100000002211413100,terminal,0.5479,35,0.1998,1229,Конечная точка в данных: получает от 1 плательщ. (37 тыс ₸); исходящих ≥5 тыс ₸ нет,1,False,False,1,1,1,0,1,0,37000.0,0.0,1.0,0.0,1,0,0,0,0.00029334,0.0,1,0,0,0.0,0.0,0.2845,0.0,
100000002691858100,terminal,0.5673,37,0.1998,1230,Конечная точка в данных: получает от 1 плательщ. (52 тыс ₸); исходящих ≥5 тыс ₸ нет,2,False,False,1,0,1,0,1,0,51500.0,0.0,1.0,0.0,1,0,0,0,0.00034238,0.0,1,0,0,0.0,0.0,0.3905,0.0,
100000003713616100,terminal,0.5021,4,0.1996,1231,Конечная точка в данных: получает от 1 плательщ. (16 тыс ₸); повтор. маршрутов: 1; исходящих ≥5 тыс ₸ нет,1,False,False,1,1,1,0,1,0,15893.0,0.0,1.0,0.0,1,0,0,1,0.00028728,0.0,1,0,0,0.0,0.0,0.0913,0.0,
100000007953156100,peripheral,0.7748,31,0.1996,1232,"Периферия, явных признаков нет: деньги от 2 seed; получает от 1 плательщ. (18 тыс ₸); платит 1 получат. (10 тыс ₸); отдаёт дальше 56% полученного",2,False,False,2,0,1,1,1,1,18000.0,10000.0,0.4444,0.0,1,0,0,0,0.00047784,1.981e-05,1,0,0,0.0,0.5835,0.2408,0.7722,
100000005186131100,peripheral,0.2795,30,0.1996,1233,"Периферия, явных признаков нет: деньги от 2 seed; получает от 1 плательщ. (10 тыс ₸); платит 1 получат. (10 тыс ₸); отдаёт дальше 100% полученного; 100% уходит ≤2 дн. после поступления",3,False,False,2,0,1,1,1,1,10000.0,10000.0,0.0,1.0,1,0,0,0,0.00028613,1.922e-05,1,0,0,0.0,0.6409,0.1624,0.7297,
100000000656682100,peripheral,0.6881,30,0.1994,1234,"Периферия, явных признаков нет: деньги от 2 seed; получает от 1 плательщ. (71 тыс ₸); платит 2 получат. (80 тыс ₸); отдаёт в 1.1 раза больше видимого входа",3,False,False,2,0,1,2,1,3,71000.0,80000.0,0.0,0.0,1,0,0,0,0.00028957,3.844e-05,1,0,0,0.0,0.8363,0.6294,0.8731,
100000005709551100,terminal,0.5507,3,0.1993,1235,Конечная точка в данных: деньги от 2 seed; получает от 1 плательщ. (25 тыс ₸); исходящих ≥5 тыс ₸ нет,3,False,False,2,0,1,0,1,0,24560.0,0.0,1.0,0.0,1,0,0,0,0.00029466,0.0,1,0,0,0.0,0.0,0.2195,0.0,
100000003636627100,peripheral,0.7637,21,0.1992,1236,"Периферия, явных признаков нет: получает от 1 плательщ. (77 тыс ₸); платит 1 получат. (10 тыс ₸); отдаёт дальше 13% полученного",3,False,False,1,0,1,1,8,1,77000.0,10000.0,0.8701,0.0,1,0,0,0,0.00197631,0.0,0,0,0,0.0,0.6409,0.5063,0.0,
100000001279875100,terminal,0.5618,16,0.1991,1237,Конечная точка в данных: получает от 1 плательщ. (49 тыс ₸); исходящих ≥5 тыс ₸ нет,2,False,False,1,0,1,0,1,0,49235.0,0.0,1.0,0.0,1,0,0,0,0.00030327,0.0,1,0,0,0.0,0.0,0.3579,0.0,
100000006161893100,terminal,0.4958,4,0.199,1238,Конечная точка в данных: получает от 1 плательщ. (14 тыс ₸); исходящих ≥5 тыс ₸ нет,2,False,False,1,0,1,0,1,0,14000.0,0.0,1.0,0.0,1,0,0,0,0.00053185,0.0,0,0,0,0.0,0.0,0.0976,0.0,
100000008741372100,terminal,0.5469,35,0.1987,1239,Конечная точка в данных: получает от 1 плательщ. (36 тыс ₸); исходящих ≥5 тыс ₸ нет,1,False,False,1,1,1,0,1,0,35975.0,0.0,1.0,0.0,1,0,0,0,0.00029312,0.0,1,0,0,0.0,0.0,0.2803,0.0,
100000002606567100,peripheral,0.7295,3,0.1986,1240,"Периферия, явных признаков нет: получает от 1 плательщ. (14 тыс ₸); платит 1 получат. (53 тыс ₸); отдаёт в 3.8 раза больше видимого входа",1,False,False,1,1,1,1,1,1,14095.0,53000.0,0.0,0.0,1,0,0,0,0.00028821,1.922e-05,1,0,0,0.0,0.6476,0.448,0.7558,
100000005901606100,terminal,0.5466,35,0.1985,1241,Конечная точка в данных: получает от 1 плательщ. (36 тыс ₸); исходящих ≥5 тыс ₸ нет,1,False,False,1,1,1,0,1,0,35660.0,0.0,1.0,0.0,1,0,0,0,0.00029305,0.0,1,0,0,0.0,0.0,0.2781,0.0,
100000008502995100,terminal,0.5289,39,0.1985,1242,Конечная точка в данных: получает от 1 плательщ. (25 тыс ₸); исходящих ≥5 тыс ₸ нет,3,False,False,1,0,1,0,2,0,25000.0,0.0,1.0,0.0,1,0,0,0,0.00072709,0.0,0,0,0,0.0,0.0,0.2234,0.0,
100000001379511100,terminal,0.5711,25,0.1985,1243,Конечная точка в данных: получает от 1 плательщ. (55 тыс ₸); исходящих ≥5 тыс ₸ нет,3,False,False,1,0,1,0,1,0,55000.0,0.0,1.0,0.0,1,0,0,0,0.00030729,0.0,1,0,0,0.0,0.0,0.4302,0.0,
100000006787636100,terminal,0.5167,4,0.1982,1244,Конечная точка в данных: получает от 1 плательщ. (20 тыс ₸); исходящих ≥5 тыс ₸ нет,2,False,False,1,0,1,0,1,0,20000.0,0.0,1.0,0.0,1,0,0,0,0.0003581,0.0,0,0,0,0.0,0.0,0.1453,0.0,
100000008753193100,terminal,0.5462,35,0.1981,1245,Конечная точка в данных: получает от 1 плательщ. (35 тыс ₸); исходящих ≥5 тыс ₸ нет,1,False,False,1,1,1,0,1,0,35225.0,0.0,1.0,0.0,1,0,0,0,0.00029296,0.0,1,0,0,0.0,0.0,0.276,0.0,
100000001222245100,peripheral,0.7246,23,0.1981,1246,"Периферия, явных признаков нет: 4-е колено: исходящие не видны; получает от 1 плательщ. (420 тыс ₸)",4,False,True,0,0,1,0,5,0,420000.0,0.0,,0.0,1,0,0,0,0.00054916,0.0,0,0,0,0.0,,0.93,0.0,
100000002199091100,terminal,0.5771,35,0.198,1247,Конечная точка в данных: получает от 1 плательщ. (65 тыс ₸); исходящих ≥5 тыс ₸ нет,2,False,False,1,0,1,0,1,0,65000.0,0.0,1.0,0.0,1,0,0,0,0.00030765,0.0,1,0,0,0.0,0.0,0.4403,0.0,
100000002194320100,peripheral,0.7396,4,0.198,1248,"Периферия, явных признаков нет: 4-е колено: исходящие не видны; получает от 1 плательщ. (275 тыс ₸)",4,False,True,0,0,1,0,1,0,275000.0,0.0,,0.0,1,0,0,0,0.00048657,0.0,0,0,0,0.0,,0.8804,0.0,
100000004586598100,peripheral,0.7097,27,0.198,1249,"Периферия, явных признаков нет: 4-е колено: исходящие не видны; получает от 1 плательщ. (761 тыс ₸); по обороту выше 96% узлов 4-го колена",4,False,True,0,0,1,0,4,0,761255.0,0.0,,0.0,1,0,0,0,0.00053927,0.0,0,0,0,0.0,,0.9684,0.0,volume
100000003896956100,peripheral,0.4295,4,0.1979,1250,"Периферия, явных признаков нет: получает от 1 плательщ. (10 тыс ₸); платит 1 получат. (27 тыс ₸); отдаёт в 2.7 раза больше видимого входа; 67% уходит ≤2 дн. после поступления",3,False,False,1,0,1,1,1,2,10000.0,27000.0,0.0,0.6667,1,0,0,0,0.00028856,1.922e-05,1,0,0,0.0,0.6409,0.3236,0.7297,
100000005669845100,terminal,0.5167,36,0.1978,1251,Конечная точка в данных: получает от 1 плательщ. (20 тыс ₸); исходящих ≥5 тыс ₸ нет,1,False,False,1,1,1,0,1,0,20000.0,0.0,1.0,0.0,1,0,0,0,0.00031754,0.0,1,0,0,0.0,0.0,0.1359,0.0,
100000004494983100,terminal,0.5461,35,0.1978,1252,Конечная точка в данных: получает от 1 плательщ. (35 тыс ₸); исходящих ≥5 тыс ₸ нет,1,False,False,1,1,1,0,1,0,35000.0,0.0,1.0,0.0,1,0,0,0,0.00029292,0.0,1,0,0,0.0,0.0,0.2696,0.0,
100000008205937100,terminal,0.5711,42,0.1977,1253,Конечная точка в данных: деньги от 2 seed; получает от 1 плательщ. (35 тыс ₸); исходящих ≥5 тыс ₸ нет,2,False,False,2,0,1,0,3,0,35000.0,0.0,1.0,0.0,1,0,0,0,0.00033165,0.0,0,0,0,0.0,0.0,0.3059,0.0,
100000008405209100,terminal,0.5701,10,0.1977,1254,Конечная точка в данных: получает от 1 плательщ. (54 тыс ₸); исходящих ≥5 тыс ₸ нет,3,False,False,1,0,1,0,1,0,54400.0,0.0,1.0,0.0,1,0,0,0,0.00029413,0.0,1,0,0,0.0,0.0,0.4277,0.0,
100000004687099100,terminal,0.5398,17,0.1975,1255,Конечная точка в данных: получает от 1 плательщ. (30 тыс ₸); исходящих ≥5 тыс ₸ нет,2,False,False,1,0,1,0,1,0,30000.0,0.0,1.0,0.0,1,0,0,0,0.00033422,0.0,1,0,0,0.0,0.0,0.2538,0.0,
100000001852140100,terminal,0.5398,43,0.1975,1256,Конечная точка в данных: получает от 1 плательщ. (30 тыс ₸); исходящих ≥5 тыс ₸ нет,3,False,False,1,0,1,0,1,0,30000.0,0.0,1.0,0.0,1,0,0,0,0.00080472,0.0,0,0,0,0.0,0.0,0.2779,0.0,
100000001632325100,terminal,0.5876,34,0.1974,1257,Конечная точка в данных: получает от 1 плательщ. (86 тыс ₸); исходящих ≥5 тыс ₸ нет,3,False,False,1,0,1,0,3,0,85600.0,0.0,1.0,0.0,1,0,0,0,0.00029893,0.0,1,0,0,0.0,0.0,0.5013,0.0,
100000000733940100,peripheral,0.7099,18,0.1973,1258,"Периферия, явных признаков нет: 4-е колено: исходящие не видны; получает от 1 плательщ. (752 тыс ₸); по обороту выше 96% узлов 4-го колена",4,False,True,0,0,1,0,2,0,752000.0,0.0,,0.0,1,0,0,0,0.00041119,0.0,0,0,0,0.0,,0.9661,0.0,volume
100000008436257100,terminal,0.5861,10,0.1972,1259,Конечная точка в данных: получает от 2 плательщ. (35 тыс ₸); исходящих ≥5 тыс ₸ нет,3,False,False,1,0,2,0,2,0,35000.0,0.0,1.0,0.0,2,0,0,0,0.00029458,0.0,2,0,0,0.8414,0.0,0.3122,0.0,
100000002621434100,terminal,0.5853,11,0.197,1260,Конечная точка в данных: получает от 1 плательщ. (81 тыс ₸); исходящих ≥5 тыс ₸ нет,3,False,False,1,0,1,0,1,0,81000.0,0.0,1.0,0.0,1,0,0,0,0.00028974,0.0,1,0,0,0.0,0.0,0.486,0.0,
100000003814002100,terminal,0.5898,23,0.197,1261,Конечная точка в данных: деньги от 3 seed; получает от 1 плательщ. (30 тыс ₸); исходящих ≥5 тыс ₸ нет,3,False,False,3,0,1,0,1,0,30000.0,0.0,1.0,0.0,1,0,0,0,0.00028654,0.0,1,0,0,0.0,0.0,0.2779,0.0,
100000008486520100,peripheral,0.7943,4,0.1969,1262,"Периферия, явных признаков нет: получает от 1 плательщ. (36 тыс ₸); платит 1 получат. (14 тыс ₸); отдаёт дальше 39% полученного",1,False,False,1,1,1,1,2,1,35720.0,14000.0,0.6081,0.0,1,0,0,0,0.00028941,1.922e-05,1,0,0,0.0,0.6476,0.3694,0.7558,
100000001669260100,peripheral,0.7179,27,0.1968,1263,"Периферия, явных признаков нет: 4-е колено: исходящие не видны; получает от 1 плательщ. (500 тыс ₸)",4,False,True,0,0,1,0,1,0,500000.0,0.0,,0.0,1,0,0,0,0.00056012,0.0,0,0,0,0.0,,0.9481,0.0,
100000001578517100,terminal,0.5648,9,0.1967,1264,Конечная точка в данных: деньги от 2 seed; получает от 1 плательщ. (30 тыс ₸); исходящих ≥5 тыс ₸ нет,2,False,False,2,0,1,0,1,0,30000.0,0.0,1.0,0.0,1,0,0,0,0.00029054,0.0,1,0,0,0.0,0.0,0.2538,0.0,
100000002173070100,terminal,0.5648,9,0.1967,1265,Конечная точка в данных: деньги от 2 seed; получает от 1 плательщ. (30 тыс ₸); исходящих ≥5 тыс ₸ нет,2,False,False,2,0,1,0,1,0,30000.0,0.0,1.0,0.0,1,0,0,0,0.00029054,0.0,1,0,0,0.0,0.0,0.2538,0.0,
100000002589019100,terminal,0.545,29,0.1966,1266,Конечная точка в данных: получает от 1 плательщ. (35 тыс ₸); исходящих ≥5 тыс ₸ нет,1,False,False,1,1,1,0,1,0,34710.0,0.0,1.0,0.0,1,0,0,0,0.00029133,0.0,1,0,0,0.0,0.0,0.2675,0.0,
100000008493007100,peripheral,0.326,34,0.1965,1267,"Периферия, явных признаков нет: получает от 1 плательщ. (26 тыс ₸); платит 1 получат. (26 тыс ₸); отдаёт дальше 100% полученного; 100% уходит ≤2 дн. после поступления",3,False,False,1,0,1,1,1,1,26150.0,26150.0,0.0,1.0,1,0,0,0,0.00028965,1.39e-06,1,0,0,0.0,0.6409,0.4188,0.6992,
100000001597424100,terminal,0.5604,13,0.1965,1268,Конечная точка в данных: получает от 1 плательщ. (48 тыс ₸); исходящих ≥5 тыс ₸ нет,3,False,False,1,0,1,0,1,0,48100.0,0.0,1.0,0.0,1,0,0,0,0.00029916,0.0,1,0,0,0.0,0.0,0.3921,0.0,
100000008289539100,terminal,0.5471,4,0.1964,1269,Конечная точка в данных: деньги от 3 seed; получает от 1 плательщ. (15 тыс ₸); исходящих ≥5 тыс ₸ нет,2,False,False,3,0,1,0,1,0,14912.0,0.0,1.0,0.0,1,0,0,0,0.00029031,0.0,1,0,0,0.0,0.0,0.0998,0.0,
100000008474391100,terminal,0.5167,14,0.1964,1270,Конечная точка в данных: получает от 1 плательщ. (20 тыс ₸); исходящих ≥5 тыс ₸ нет,3,False,False,1,0,1,0,1,0,20000.0,0.0,1.0,0.0,1,0,0,0,0.00040715,0.0,0,0,0,0.0,0.0,0.1624,0.0,
100000002612809100,peripheral,0.7141,37,0.1962,1271,"Периферия, явных признаков нет: получает от 1 плательщ. (30 тыс ₸); платит 3 получат. (114 тыс ₸); отдаёт в 3.8 раза больше видимого входа; 13% уходит ≤2 дн. после поступления",3,False,False,1,0,1,3,2,4,30000.0,114000.0,0.0,0.1316,1,0,0,0,0.00042829,1.59e-06,0,0,0,0.0,0.9124,0.6091,0.7056,
100000001690439100,terminal,0.4963,3,0.1961,1272,Конечная точка в данных: получает от 1 плательщ. (14 тыс ₸); исходящих ≥5 тыс ₸ нет,3,False,False,1,0,1,0,1,0,14200.0,0.0,1.0,0.0,1,0,0,0,0.00047707,0.0,1,0,0,0.0,0.0,0.0926,0.0,
100000002810870100,terminal,0.5434,35,0.196,1273,Конечная точка в данных: получает от 1 плательщ. (34 тыс ₸); исходящих ≥5 тыс ₸ нет,1,False,False,1,1,1,0,1,0,33677.0,0.0,1.0,0.0,1,0,0,0,0.00029264,0.0,1,0,0,0.0,0.0,0.2633,0.0,
100000008470470100,terminal,0.5433,35,0.1959,1274,Конечная точка в данных: получает от 1 плательщ. (34 тыс ₸); исходящих ≥5 тыс ₸ нет,1,False,False,1,1,1,0,1,0,33547.0,0.0,1.0,0.0,1,0,0,0,0.00029261,0.0,1,0,0,0.0,0.0,0.2611,0.0,
100000002862113100,terminal,0.5599,13,0.1959,1275,Конечная точка в данных: получает от 1 плательщ. (47 тыс ₸); исходящих ≥5 тыс ₸ нет,3,False,False,1,0,1,0,2,0,47405.0,0.0,1.0,0.0,1,0,0,0,0.00029897,0.0,1,0,0,0.0,0.0,0.3883,0.0,
100000004931931100,peripheral,0.7295,2,0.1959,1276,"Периферия, явных признаков нет: деньги от 2 seed; получает от 1 плательщ. (24 тыс ₸); платит 1 получат. (45 тыс ₸); отдаёт в 1.9 раза больше видимого входа",3,False,False,2,0,1,1,1,1,23938.0,45000.0,0.0,0.0,1,0,0,0,0.00029181,1.922e-05,1,0,0,0.0,0.6409,0.4645,0.7297,
100000004185681100,terminal,0.4878,3,0.1959,1277,Конечная точка в данных: получает от 1 плательщ. (10 тыс ₸); исходящих ≥5 тыс ₸ нет,3,False,False,1,0,1,0,1,0,10000.0,0.0,1.0,0.0,1,0,0,0,0.0005353,0.0,0,0,0,0.0,0.0,0.0457,0.0,
100000004610802100,peripheral,0.7444,3,0.1959,1278,"Периферия, явных признаков нет: 4-е колено: исходящие не видны; получает от 1 плательщ. (241 тыс ₸)",4,False,True,0,0,1,0,18,0,241000.0,0.0,,0.0,1,0,0,0,0.00047395,0.0,0,0,0,0.0,,0.8623,0.0,
100000007511780100,peripheral,0.7655,3,0.1958,1279,"Периферия, явных признаков нет: 4-е колено: исходящие не видны; получает от 1 плательщ. (155 тыс ₸)",4,False,True,0,0,1,0,2,0,155000.0,0.0,,0.0,1,0,0,0,0.00055777,0.0,0,0,0,0.0,,0.7991,0.0,
100000002721825100,terminal,0.4894,3,0.1957,1280,Конечная точка в данных: получает от 1 плательщ. (11 тыс ₸); исходящих ≥5 тыс ₸ нет,2,False,False,1,0,1,0,1,0,11000.0,0.0,1.0,0.0,1,0,0,0,0.00053141,0.0,0,0,0,0.0,0.0,0.0759,0.0,
100000000190228100,peripheral,0.7072,31,0.1956,1281,"Периферия, явных признаков нет: получает от 1 плательщ. (5 тыс ₸); платит 1 получат. (29 тыс ₸); отдаёт в 5.7 раза больше видимого входа",2,False,False,1,0,1,1,1,1,5000.0,28560.0,0.0,0.0,1,0,0,0,0.00058201,2.16e-05,1,0,0,0.0,0.5835,0.295,0.7918,
100000008619159100,peripheral,0.7229,4,0.1956,1282,"Периферия, явных признаков нет: 4-е колено: исходящие не видны; получает от 1 плательщ. (446 тыс ₸)",4,False,True,0,0,1,0,2,0,446400.0,0.0,,0.0,1,0,0,0,0.00035659,0.0,0,0,0,0.0,,0.9391,0.0,
100000000561160100,peripheral,0.7448,2,0.1956,1283,"Периферия, явных признаков нет: 4-е колено: исходящие не видны; получает от 1 плательщ. (240 тыс ₸)",4,False,True,0,0,1,0,1,0,240000.0,0.0,,0.0,1,0,0,0,0.00043625,0.0,1,0,0,0.0,,0.86,0.0,
100000007347733100,terminal,0.5213,45,0.1954,1284,Конечная точка в данных: получает от 1 плательщ. (23 тыс ₸); исходящих ≥5 тыс ₸ нет,1,False,False,1,1,1,0,1,0,23007.0,0.0,1.0,0.0,1,0,0,0,0.00034568,0.0,0,0,0,0.0,0.0,0.1677,0.0,
100000003470579100,peripheral,0.73,24,0.1954,1285,"Периферия, явных признаков нет: 4-е колено: исходящие не видны; получает от 1 плательщ. (357 тыс ₸)",4,False,True,0,0,1,0,2,0,357000.0,0.0,,0.0,1,0,0,0,0.00056853,0.0,0,0,0,0.0,,0.912,0.0,
100000003617552100,terminal,0.5289,36,0.1953,1286,Конечная точка в данных: получает от 1 плательщ. (25 тыс ₸); исходящих ≥5 тыс ₸ нет,2,False,False,1,0,1,0,1,0,25000.0,0.0,1.0,0.0,1,0,0,0,0.00055105,0.0,0,0,0,0.0,0.0,0.2039,0.0,
100000003163256100,peripheral,0.7295,4,0.195,1287,"Периферия, явных признаков нет: получает от 1 плательщ. (13 тыс ₸); платит 1 получат. (15 тыс ₸); отдаёт в 1.1 раза больше видимого входа; повтор. маршрутов: 1",1,False,False,1,1,1,1,1,1,13485.0,15000.0,0.0,0.0,1,0,0,1,0.00028702,1.922e-05,1,0,0,0.0,0.6476,0.2229,0.7558,
100000004552204100,peripheral,0.8253,37,0.195,1288,"Периферия, явных признаков нет: получает от 1 плательщ. (22 тыс ₸); платит 2 получат. (10 тыс ₸); отдаёт дальше 44% полученного",3,False,False,1,0,1,2,2,2,22500.0,10000.0,0.5556,0.0,1,0,0,0,0.0008647,2.021e-05,0,0,0,0.0,0.8363,0.3008,0.8338,
100000001818442100,terminal,0.5537,13,0.1949,1289,Конечная точка в данных: получает от 1 плательщ. (42 тыс ₸); исходящих ≥5 тыс ₸ нет,3,False,False,1,0,1,0,1,0,42215.0,0.0,1.0,0.0,1,0,0,0,0.0003013,0.0,1,0,0,0.0,0.0,0.3515,0.0,
100000003044518100,terminal,0.5444,17,0.1947,1290,Конечная точка в данных: получает от 1 плательщ. (34 тыс ₸); исходящих ≥5 тыс ₸ нет,1,False,False,1,1,1,0,1,0,34423.0,0.0,1.0,0.0,1,0,0,0,0.00028754,0.0,1,0,0,0.0,0.0,0.2654,0.0,
100000002838519100,terminal,0.5585,13,0.1947,1291,Конечная точка в данных: получает от 1 плательщ. (47 тыс ₸); исходящих ≥5 тыс ₸ нет,3,False,False,1,0,1,0,1,0,46900.0,0.0,1.0,0.0,1,0,0,0,0.00029883,0.0,1,0,0,0.0,0.0,0.3769,0.0,
100000005608515100,terminal,0.576,17,0.1946,1292,Конечная точка в данных: получает от 1 плательщ. (64 тыс ₸); исходящих ≥5 тыс ₸ нет,2,False,False,1,0,1,0,4,0,64000.0,0.0,1.0,0.0,1,0,0,0,0.00029316,0.0,1,0,0,0.0,0.0,0.436,0.0,
100000004225615100,terminal,0.5899,31,0.1945,1293,Конечная точка в данных: получает от 1 плательщ. (90 тыс ₸); исходящих ≥5 тыс ₸ нет,2,False,False,1,0,1,0,2,0,90000.0,0.0,1.0,0.0,1,0,0,0,0.00029404,0.0,1,0,0,0.0,0.0,0.5033,0.0,
100000001549194100,terminal,0.5581,13,0.1945,1294,Конечная точка в данных: получает от 1 плательщ. (46 тыс ₸); исходящих ≥5 тыс ₸ нет,3,False,False,1,0,1,0,1,0,46500.0,0.0,1.0,0.0,1,0,0,0,0.00029871,0.0,1,0,0,0.0,0.0,0.3744,0.0,
100000008669310100,terminal,0.5981,30,0.1945,1295,Конечная точка в данных: деньги от 2 seed; получает от 1 плательщ. (60 тыс ₸); исходящих ≥5 тыс ₸ нет,3,False,False,2,0,1,0,2,0,59567.0,0.0,1.0,0.0,1,0,0,0,0.00028892,0.0,1,0,0,0.0,0.0,0.4442,0.0,
100000008696919100,terminal,0.542,35,0.1943,1296,Конечная точка в данных: получает от 1 плательщ. (32 тыс ₸); исходящих ≥5 тыс ₸ нет,1,False,False,1,1,1,0,1,0,31945.0,0.0,1.0,0.0,1,0,0,0,0.00029227,0.0,1,0,0,0.0,0.0,0.259,0.0,
100000005939154100,terminal,0.5449,4,0.1943,1297,Конечная точка в данных: деньги от 2 seed; получает от 1 плательщ. (22 тыс ₸); исходящих ≥5 тыс ₸ нет,2,False,False,2,0,1,0,2,0,22000.0,0.0,1.0,0.0,1,0,0,0,0.0002937,0.0,1,0,0,0.0,0.0,0.1757,0.0,
100000002158488100,terminal,0.5419,35,0.1942,1298,Конечная точка в данных: получает от 1 плательщ. (32 тыс ₸); исходящих ≥5 тыс ₸ нет,1,False,False,1,1,1,0,1,0,31723.0,0.0,1.0,0.0,1,0,0,0,0.00029223,0.0,1,0,0,0.0,0.0,0.2569,0.0,
100000007841978100,peripheral,0.7227,23,0.194,1299,"Периферия, явных признаков нет: 4-е колено: исходящие не видны; получает от 1 плательщ. (449 тыс ₸)",4,False,True,0,0,1,0,1,0,449000.0,0.0,,0.0,1,0,0,0,0.00050632,0.0,1,0,0,0.0,,0.9436,0.0,
100000008779584100,terminal,0.5414,35,0.1938,1300,Конечная точка в данных: получает от 1 плательщ. (31 тыс ₸); исходящих ≥5 тыс ₸ нет,1,False,False,1,1,1,0,1,0,31400.0,0.0,1.0,0.0,1,0,0,0,0.00029216,0.0,1,0,0,0.0,0.0,0.2548,0.0,
100000004687282100,terminal,0.5167,4,0.1938,1301,Конечная точка в данных: получает от 1 плательщ. (20 тыс ₸); исходящих ≥5 тыс ₸ нет,2,False,False,1,0,1,0,1,0,20000.0,0.0,1.0,0.0,1,0,0,0,0.00033227,0.0,1,0,0,0.0,0.0,0.1453,0.0,
100000001311175100,peripheral,0.735,16,0.1937,1302,"Периферия, явных признаков нет: 4-е колено: исходящие не видны; получает от 1 плательщ. (300 тыс ₸)",4,False,True,0,0,1,0,1,0,300000.0,0.0,,0.0,1,0,0,0,0.00053151,0.0,0,0,0,0.0,,0.8916,0.0,
100000003900547100,terminal,0.5237,4,0.1936,1303,Конечная точка в данных: получает от 1 плательщ. (24 тыс ₸); исходящих ≥5 тыс ₸ нет,1,False,False,1,1,1,0,1,0,23700.0,0.0,1.0,0.0,1,0,0,0,0.00028812,0.0,1,0,0,0.0,0.0,0.1826,0.0,
100000008576528100,terminal,0.5844,23,0.1936,1304,Конечная точка в данных: деньги от 3 seed; получает от 1 плательщ. (28 тыс ₸); исходящих ≥5 тыс ₸ нет,3,False,False,3,0,1,0,1,0,28000.0,0.0,1.0,0.0,1,0,0,0,0.00028648,0.0,1,0,0,0.0,0.0,0.264,0.0,
100000002613776100,terminal,0.5398,3,0.1935,1305,Конечная точка в данных: получает от 1 плательщ. (30 тыс ₸); исходящих ≥5 тыс ₸ нет,2,False,False,1,0,1,0,2,0,30000.0,0.0,1.0,0.0,1,0,0,0,0.00030149,0.0,1,0,0,0.0,0.0,0.2538,0.0,
100000002703376100,terminal,0.5582,3,0.1934,1306,Конечная точка в данных: получает от 1 плательщ. (47 тыс ₸); исходящих ≥5 тыс ₸ нет,2,False,False,1,0,1,0,1,0,46501.0,0.0,1.0,0.0,1,0,0,0,0.0002928,0.0,1,0,0,0.0,0.0,0.3449,0.0,
100000003087877100,terminal,0.5907,27,0.1933,1307,Конечная точка в данных: получает от 1 плательщ. (91 тыс ₸); исходящих ≥5 тыс ₸ нет,3,False,False,1,0,1,0,1,0,91486.0,0.0,1.0,0.0,1,0,0,0,0.00029209,0.0,1,0,0,0.0,0.0,0.519,0.0,
100000002594214100,peripheral,0.7066,23,0.1933,1308,"Периферия, явных признаков нет: 4-е колено: исходящие не видны; получает от 1 плательщ. (1.0 млн ₸); по обороту выше 97% узлов 4-го колена",4,False,True,0,0,1,0,1,0,1000000.0,0.0,,0.0,1,0,0,0,0.00036706,0.0,1,0,0,0.0,,0.9729,0.0,volume
100000005616568100,peripheral,0.7163,23,0.1933,1309,"Периферия, явных признаков нет: 4-е колено: исходящие не видны; получает от 1 плательщ. (530 тыс ₸); по обороту выше 95% узлов 4-го колена",4,False,True,0,0,1,0,1,0,530000.0,0.0,,0.0,1,0,0,0,0.00043196,0.0,1,0,0,0.0,,0.9549,0.0,volume
100000008736173100,terminal,0.5409,35,0.1932,1310,Конечная точка в данных: получает от 1 плательщ. (31 тыс ₸); исходящих ≥5 тыс ₸ нет,1,False,False,1,1,1,0,1,0,31060.0,0.0,1.0,0.0,1,0,0,0,0.00029209,0.0,1,0,0,0.0,0.0,0.2505,0.0,
100000008712827100,terminal,0.5834,34,0.1932,1311,Конечная точка в данных: получает от 1 плательщ. (76 тыс ₸); исходящих ≥5 тыс ₸ нет,3,False,False,1,0,1,0,1,0,76000.0,0.0,1.0,0.0,1,0,0,0,0.00029743,0.0,1,0,0,0.0,0.0,0.481,0.0,
100000008547295100,terminal,0.5001,21,0.1932,1312,Конечная точка в данных: получает от 1 плательщ. (15 тыс ₸); исходящих ≥5 тыс ₸ нет,3,False,False,1,0,1,0,1,0,15000.0,0.0,1.0,0.0,1,0,0,0,0.00056297,0.0,0,0,0,0.0,0.0,0.099,0.0,
100000004979283100,terminal,0.552,13,0.193,1313,Конечная точка в данных: получает от 1 плательщ. (40 тыс ₸); исходящих ≥5 тыс ₸ нет,3,False,False,1,0,1,0,1,0,40132.0,0.0,1.0,0.0,1,0,0,0,0.00030052,0.0,1,0,0,0.0,0.0,0.3426,0.0,
100000004770073100,peripheral,0.2795,3,0.1928,1314,"Периферия, явных признаков нет: получает от 1 плательщ. (5 тыс ₸); платит 1 получат. (5 тыс ₸); отдаёт в 1.0 раза больше видимого входа; 100% уходит ≤2 дн. после поступления",3,False,False,1,0,1,1,1,1,5462.4,5466.97,0.0,1.0,1,0,0,0,0.00028781,1.922e-05,1,0,0,0.0,0.6409,0.0685,0.7297,
100000001745217100,terminal,0.5657,2,0.1928,1315,Конечная точка в данных: получает от 1 плательщ. (50 тыс ₸); исходящих ≥5 тыс ₸ нет,3,False,False,1,0,1,0,1,0,50000.0,0.0,1.0,0.0,1,0,0,0,0.00029,0.0,1,0,0,0.0,0.0,0.3959,0.0,
100000008314863100,terminal,0.4911,9,0.1926,1316,Конечная точка в данных: получает от 1 плательщ. (12 тыс ₸); исходящих ≥5 тыс ₸ нет,3,False,False,1,0,1,0,1,0,12000.0,0.0,1.0,0.0,1,0,0,0,0.0005171,0.0,0,0,0,0.0,0.0,0.0736,0.0,
100000004066647100,terminal,0.5669,15,0.1925,1317,Конечная точка в данных: получает от 1 плательщ. (51 тыс ₸); исходящих ≥5 тыс ₸ нет,3,False,False,1,0,1,0,1,0,51000.0,0.0,1.0,0.0,1,0,0,0,0.00029429,0.0,1,0,0,0.0,0.0,0.4099,0.0,
100000002132479100,peripheral,0.7815,31,0.1922,1318,"Периферия, явных признаков нет: деньги от 2 seed; получает от 1 плательщ. (30 тыс ₸); платит 1 получат. (20 тыс ₸); отдаёт дальше 67% полученного",2,False,False,2,0,1,1,2,1,30000.0,20000.0,0.3333,0.0,1,0,0,0,0.00060602,0.0,1,1,0,0.0,0.5835,0.3623,0.0,
100000004601193100,peripheral,0.7979,0,0.1922,1319,"Периферия, явных признаков нет: 4-е колено: исходящие не видны; получает от 1 плательщ. (84 тыс ₸)",4,False,True,0,0,1,0,3,0,84000.0,0.0,,0.0,1,0,0,0,0.00060342,0.0,0,0,0,0.0,,0.6907,0.0,
100000002727288100,terminal,0.503,4,0.1921,1320,Конечная точка в данных: получает от 1 плательщ. (16 тыс ₸); исходящих ≥5 тыс ₸ нет,3,False,False,1,0,1,0,1,0,16000.0,0.0,1.0,0.0,1,0,0,0,0.00036617,0.0,0,0,0,0.0,0.0,0.1193,0.0,
100000007071852100,peripheral,0.7552,2,0.1921,1321,"Периферия, явных признаков нет: 4-е колено: исходящие не видны; получает от 1 плательщ. (195 тыс ₸)",4,False,True,0,0,1,0,1,0,195000.0,0.0,,0.0,1,0,0,0,0.00044351,0.0,0,0,0,0.0,,0.8307,0.0,
100000004058740100,terminal,0.5398,35,0.1919,1322,Конечная точка в данных: получает от 1 плательщ. (30 тыс ₸); исходящих ≥5 тыс ₸ нет,1,False,False,1,1,1,0,1,0,30000.0,0.0,1.0,0.0,1,0,0,0,0.00029187,0.0,1,0,0,0.0,0.0,0.2378,0.0,
100000008724279100,terminal,0.49,4,0.1918,1323,Конечная точка в данных: получает от 1 плательщ. (12 тыс ₸); повтор. маршрутов: 1; исходящих ≥5 тыс ₸ нет,1,False,False,1,1,1,0,1,0,11750.0,0.0,1.0,0.0,1,0,0,1,0.00028683,0.0,1,0,0,0.0,0.0,0.0318,0.0,
100000002611334100,peripheral,0.7932,3,0.1918,1324,"Периферия, явных признаков нет: получает от 1 плательщ. (48 тыс ₸); платит 1 получат. (16 тыс ₸); отдаёт дальше 32% полученного",3,False,False,1,0,1,1,1,1,48288.0,15500.0,0.679,0.0,1,0,0,0,0.00030534,1.922e-05,1,0,0,0.0,0.6409,0.4505,0.7297,
100000004779204100,peripheral,0.5732,30,0.1918,1325,"Периферия, явных признаков нет: деньги от 2 seed; получает от 1 плательщ. (30 тыс ₸); платит 1 получат. (20 тыс ₸); отдаёт дальше 66% полученного; 50% уходит ≤2 дн. после поступления",3,False,False,2,0,1,1,1,2,30450.0,20000.0,0.3432,0.5,1,0,0,0,0.00028728,1.922e-05,1,0,0,0.0,0.6409,0.4061,0.7297,
100000004750897100,terminal,0.4878,4,0.1917,1326,Конечная точка в данных: получает от 1 плательщ. (10 тыс ₸); исходящих ≥5 тыс ₸ нет,3,False,False,1,0,1,0,1,0,10000.0,0.0,1.0,0.0,1,0,0,0,0.00049038,0.0,0,0,0,0.0,0.0,0.0457,0.0,
100000008718811100,terminal,0.5816,34,0.1917,1327,Конечная точка в данных: получает от 1 плательщ. (73 тыс ₸); исходящих ≥5 тыс ₸ нет,3,False,False,1,0,1,0,1,0,73300.0,0.0,1.0,0.0,1,0,0,0,0.00029701,0.0,1,0,0,0.0,0.0,0.4759,0.0,
100000002922000100,peripheral,0.7228,22,0.1916,1328,"Периферия, явных признаков нет: 4-е колено: исходящие не видны; получает от 1 плательщ. (448 тыс ₸)",4,False,True,0,0,1,0,1,0,448000.0,0.0,,0.0,1,0,0,0,0.00045972,0.0,1,0,0,0.0,,0.9413,0.0,
100000005756535100,terminal,0.5167,35,0.1914,1329,Конечная точка в данных: получает от 1 плательщ. (20 тыс ₸); исходящих ≥5 тыс ₸ нет,3,False,False,1,0,1,0,1,0,20000.0,0.0,1.0,0.0,1,0,0,0,0.0005416,0.0,0,0,0,0.0,0.0,0.1624,0.0,
100000008136608100,peripheral,0.7612,13,0.1913,1330,"Периферия, явных признаков нет: 4-е колено: исходящие не видны; получает от 1 плательщ. (170 тыс ₸)",4,False,True,0,0,1,0,1,0,170000.0,0.0,,0.0,1,0,0,0,0.00056438,0.0,0,0,0,0.0,,0.8149,0.0,
100000002794197100,terminal,0.54,17,0.1912,1331,Конечная точка в данных: получает от 1 плательщ. (30 тыс ₸); исходящих ≥5 тыс ₸ нет,1,False,False,1,1,1,0,1,0,30100.0,0.0,1.0,0.0,1,0,0,0,0.0002873,0.0,1,0,0,0.0,0.0,0.242,0.0,
100000008066326100,terminal,0.5111,3,0.1911,1332,Конечная точка в данных: получает от 1 плательщ. (19 тыс ₸); исходящих ≥5 тыс ₸ нет,1,False,False,1,1,1,0,1,0,19320.0,0.0,1.0,0.0,1,0,0,0,0.00028919,0.0,1,0,0,0.0,0.0,0.1338,0.0,
100000005186109100,terminal,0.4701,4,0.1911,1333,Конечная точка в данных: получает от 1 плательщ. (5 тыс ₸); исходящих ≥5 тыс ₸ нет,3,False,False,1,0,1,0,1,0,5000.0,0.0,1.0,0.0,1,0,0,0,0.00060592,0.0,0,0,0,0.0,0.0,0.0,0.0,
100000001530709100,terminal,0.5947,30,0.1909,1334,Конечная точка в данных: деньги от 2 seed; получает от 1 плательщ. (54 тыс ₸); исходящих ≥5 тыс ₸ нет,3,False,False,2,0,1,0,1,0,53961.0,0.0,1.0,0.0,1,0,0,0,0.00028861,0.0,1,0,0,0.0,0.0,0.4264,0.0,
100000005873152100,peripheral,0.787,0,0.1908,1335,"Периферия, явных признаков нет: деньги от 2 seed; получает от 1 плательщ. (10 тыс ₸); платит 1 получат. (10 тыс ₸); отдаёт дальше 100% полученного",3,False,False,2,0,1,1,1,1,10000.0,10000.0,0.0,0.0,1,0,0,0,0.00046746,4e-07,1,1,0,0.0,0.6409,0.1624,0.6789,
100000004488265100,terminal,0.5493,2,0.1908,1336,Конечная точка в данных: получает от 1 плательщ. (39 тыс ₸); исходящих ≥5 тыс ₸ нет,3,False,False,1,0,1,0,1,0,38740.0,0.0,1.0,0.0,1,0,0,0,0.00029345,0.0,1,0,0,0.0,0.0,0.3363,0.0,
100000002809896100,terminal,0.549,13,0.1906,1337,Конечная точка в данных: получает от 1 плательщ. (38 тыс ₸); исходящих ≥5 тыс ₸ нет,3,False,False,1,0,1,0,1,0,38000.0,0.0,1.0,0.0,1,0,0,0,0.00029973,0.0,1,0,0,0.0,0.0,0.335,0.0,
100000006232642100,peripheral,0.7218,23,0.1905,1338,"Периферия, явных признаков нет: 4-е колено: исходящие не видны; получает от 1 плательщ. (456 тыс ₸)",4,False,True,0,0,1,0,4,0,456000.0,0.0,,0.0,1,0,0,0,0.00042786,0.0,0,0,0,0.0,,0.9458,0.0,
100000003134937100,terminal,0.4881,4,0.1904,1339,Конечная точка в данных: получает от 1 плательщ. (10 тыс ₸); повтор. маршрутов: 1; исходящих ≥5 тыс ₸ нет,1,False,False,1,1,1,0,1,0,10286.0,0.0,1.0,0.0,1,0,0,1,0.00028668,0.0,1,0,0,0.0,0.0,0.0212,0.0,
100000000607731100,peripheral,0.7883,36,0.1903,1340,"Периферия, явных признаков нет: получает от 1 плательщ. (20 тыс ₸); платит 1 получат. (67 тыс ₸); отдаёт в 3.3 раза больше видимого входа",1,False,False,1,1,1,1,1,1,20000.0,66666.0,0.0,0.0,1,0,0,0,0.00031754,5.9e-07,1,0,0,0.0,0.6476,0.5223,0.6921,
100000005561741100,terminal,0.5289,17,0.1903,1341,Конечная точка в данных: получает от 1 плательщ. (25 тыс ₸); исходящих ≥5 тыс ₸ нет,2,False,False,1,0,1,0,1,0,25000.0,0.0,1.0,0.0,1,0,0,0,0.00032985,0.0,1,0,0,0.0,0.0,0.2039,0.0,
100000007863304100,terminal,0.5789,23,0.1902,1342,Конечная точка в данных: деньги от 3 seed; получает от 1 плательщ. (25 тыс ₸); исходящих ≥5 тыс ₸ нет,3,False,False,3,0,1,0,1,0,25000.0,0.0,1.0,0.0,1,0,0,0,0.00028638,0.0,1,0,0,0.0,0.0,0.2234,0.0,
100000003221510100,peripheral,0.6881,30,0.1902,1343,"Периферия, явных признаков нет: деньги от 2 seed; получает от 1 плательщ. (24 тыс ₸); платит 2 получат. (120 тыс ₸); отдаёт в 5.0 раза больше видимого входа",3,False,False,2,0,1,2,1,3,24000.0,120000.0,0.0,0.0,1,0,0,0,0.00028692,3.844e-05,1,0,0,0.0,0.8363,0.6091,0.8731,
100000000954884100,terminal,0.5443,20,0.19,1344,Конечная точка в данных: получает от 1 плательщ. (34 тыс ₸); исходящих ≥5 тыс ₸ нет,3,False,False,1,0,1,0,1,0,34000.0,0.0,1.0,0.0,1,0,0,0,0.0003115,0.0,1,0,0,0.0,0.0,0.3084,0.0,
100000002748581100,terminal,0.553,13,0.19,1345,Конечная точка в данных: получает от 1 плательщ. (41 тыс ₸); исходящих ≥5 тыс ₸ нет,3,False,False,1,0,1,0,1,0,41180.0,0.0,1.0,0.0,1,0,0,0,0.00029721,0.0,1,0,0,0.0,0.0,0.3464,0.0,
100000008193258100,peripheral,0.7657,10,0.1899,1346,"Периферия, явных признаков нет: получает от 1 плательщ. (75 тыс ₸); платит 1 получат. (30 тыс ₸); отдаёт дальше 40% полученного",3,False,False,1,0,1,1,2,1,75000.0,30000.0,0.6,0.0,1,0,0,0,0.00029737,1.922e-05,1,0,0,0.0,0.6409,0.552,0.7297,
100000007747786100,distributor,0.745,17,0.1898,1347,"Признаки веерной раздачи: платит 31 получат. (4.2 млн ₸); по обороту выше 96% seed; seed, входящие занижены",0,True,False,0,0,0,31,0,35,0.0,4238009.4,,0.0,0,6,0,0,0.00028557,0.0,0,12,7,0.0,0.9375,0.9625,0.0,volume
100000007534354100,peripheral,0.6534,16,0.1898,1348,"Периферия, явных признаков нет: получает от 1 плательщ. (50 тыс ₸); платит 3 получат. (148 тыс ₸); отдаёт в 3.0 раза больше видимого входа",2,False,False,1,0,1,3,1,3,50000.0,147810.0,0.0,0.0,1,1,0,0,0.00030355,2.38e-06,1,1,1,0.0,0.8395,0.6681,0.7072,
100000008776420100,terminal,0.5785,34,0.1896,1349,Конечная точка в данных: получает от 1 плательщ. (70 тыс ₸); исходящих ≥5 тыс ₸ нет,3,False,False,1,0,1,0,1,0,69500.0,0.0,1.0,0.0,1,0,0,0,0.00029642,0.0,1,0,0,0.0,0.0,0.4657,0.0,
100000008782056100,terminal,0.536,35,0.1895,1350,Конечная точка в данных: получает от 1 плательщ. (29 тыс ₸); исходящих ≥5 тыс ₸ нет,1,False,False,1,1,1,0,1,0,29082.0,0.0,1.0,0.0,1,0,0,0,0.00029167,0.0,1,0,0,0.0,0.0,0.2314,0.0,
100000004099450100,terminal,0.5408,2,0.1895,1351,Конечная точка в данных: получает от 1 плательщ. (31 тыс ₸); исходящих ≥5 тыс ₸ нет,3,False,False,1,0,1,0,1,0,31000.0,0.0,1.0,0.0,1,0,0,0,0.00029617,0.0,1,0,0,0.0,0.0,0.2893,0.0,
100000000733373100,terminal,0.5135,4,0.1893,1352,Конечная точка в данных: деньги от 2 seed; получает от 1 плательщ. (11 тыс ₸); исходящих ≥5 тыс ₸ нет,2,False,False,2,0,1,0,1,0,10710.0,0.0,1.0,0.0,1,0,0,0,0.00030578,0.0,1,0,0,0.0,0.0,0.0738,0.0,
100000008002020100,peripheral,0.7599,29,0.1891,1353,"Периферия, явных признаков нет: получает от 1 плательщ. (74 тыс ₸); платит 1 получат. (17 тыс ₸); отдаёт дальше 23% полученного",1,False,False,1,1,1,1,1,1,73860.0,17000.0,0.7698,0.0,1,0,0,0,0.00029783,1.59e-06,1,0,1,0.0,0.6476,0.5329,0.7197,
100000001145749100,terminal,0.4878,9,0.1889,1354,Конечная точка в данных: получает от 1 плательщ. (10 тыс ₸); исходящих ≥5 тыс ₸ нет,3,False,False,1,0,1,0,1,0,10000.0,0.0,1.0,0.0,1,0,0,0,0.00047851,0.0,0,0,0,0.0,0.0,0.0457,0.0,
100000000967918100,terminal,0.5187,30,0.1887,1355,Конечная точка в данных: получает от 1 плательщ. (21 тыс ₸); исходящих ≥5 тыс ₸ нет,2,False,False,1,0,1,0,3,0,21200.0,0.0,1.0,0.0,1,0,0,0,0.00047927,0.0,1,0,0,0.0,0.0,0.1692,0.0,
100000008687617100,terminal,0.5543,34,0.1887,1356,Конечная точка в данных: получает от 1 плательщ. (43 тыс ₸); повтор. маршрутов: 1; исходящих ≥5 тыс ₸ нет,3,False,False,1,0,1,0,2,0,43350.0,0.0,1.0,0.0,1,0,0,1,0.00029234,0.0,1,0,0,0.0,0.0,0.3566,0.0,
100000003024542100,terminal,0.5039,9,0.1886,1357,Конечная точка в данных: деньги от 2 seed; получает от 1 плательщ. (8 тыс ₸); исходящих ≥5 тыс ₸ нет,2,False,False,2,0,1,0,1,0,8500.0,0.0,1.0,0.0,1,0,0,0,0.00031795,0.0,0,0,0,0.0,0.0,0.0304,0.0,
100000008762832100,peripheral,0.7296,9,0.1886,1358,"Периферия, явных признаков нет: получает от 1 плательщ. (150 тыс ₸); платит 1 получат. (85 тыс ₸); отдаёт дальше 57% полученного",2,False,False,1,0,1,1,1,4,150000.0,85000.0,0.4333,0.0,1,0,0,0,0.00030815,0.0,1,1,0,0.0,0.5835,0.7137,0.0,
100000000850297100,peripheral,0.35,31,0.1885,1359,"Периферия, явных признаков нет: получает от 1 плательщ. (18 тыс ₸); платит 1 получат. (18 тыс ₸); отдаёт дальше 100% полученного; 100% уходит ≤2 дн. после поступления",2,False,False,1,0,1,1,1,1,17520.0,17520.0,0.0,1.0,1,0,0,0,0.00029392,0.0,1,1,0,0.0,0.5835,0.3102,0.0,
100000001250022100,terminal,0.5657,21,0.1885,1360,Конечная точка в данных: получает от 1 плательщ. (50 тыс ₸); исходящих ≥5 тыс ₸ нет,2,False,False,1,0,1,0,1,0,50000.0,0.0,1.0,0.0,1,0,0,0,0.00029505,0.0,1,0,0,0.0,0.0,0.3623,0.0,
100000001299828100,peripheral,0.7851,2,0.1885,1361,"Периферия, явных признаков нет: 4-е колено: исходящие не видны; получает от 1 плательщ. (100 тыс ₸)",4,False,True,0,0,1,0,1,0,100000.0,0.0,,0.0,1,0,0,0,0.00054726,0.0,0,0,0,0.0,,0.7201,0.0,
100000002951898100,terminal,0.5505,13,0.1883,1362,Конечная точка в данных: получает от 1 плательщ. (40 тыс ₸); исходящих ≥5 тыс ₸ нет,3,False,False,1,0,1,0,1,0,39990.0,0.0,1.0,0.0,1,0,0,0,0.00029687,0.0,1,0,0,0.0,0.0,0.3388,0.0,
100000004456564100,terminal,0.5128,31,0.1881,1363,Конечная точка в данных: деньги от 2 seed; получает от 1 плательщ. (10 тыс ₸); исходящих ≥5 тыс ₸ нет,2,False,False,2,0,1,0,2,0,10000.0,0.0,1.0,0.0,1,0,0,0,0.00039239,0.0,1,0,0,0.0,0.0,0.0347,0.0,
100000008717375100,terminal,0.5613,37,0.1881,1364,Конечная точка в данных: деньги от 2 seed; получает от 1 плательщ. (30 тыс ₸); исходящих ≥5 тыс ₸ нет,2,False,False,2,0,1,0,1,0,29506.0,0.0,1.0,0.0,1,0,0,0,0.00030177,0.0,1,0,0,0.0,0.0,0.2516,0.0,
100000005032294100,terminal,0.5128,31,0.1881,1365,Конечная точка в данных: деньги от 2 seed; получает от 1 плательщ. (10 тыс ₸); исходящих ≥5 тыс ₸ нет,2,False,False,2,0,1,0,1,0,10000.0,0.0,1.0,0.0,1,0,0,0,0.00039239,0.0,1,0,0,0.0,0.0,0.0347,0.0,
100000008712991100,terminal,0.5774,34,0.1881,1366,Конечная точка в данных: получает от 1 плательщ. (66 тыс ₸); исходящих ≥5 тыс ₸ нет,3,False,False,1,0,1,0,1,0,66100.0,0.0,1.0,0.0,1,0,0,0,0.00029589,0.0,1,0,0,0.0,0.0,0.4581,0.0,
100000002737980100,terminal,0.5429,4,0.1881,1367,Конечная точка в данных: получает от 1 плательщ. (33 тыс ₸); исходящих ≥5 тыс ₸ нет,3,False,False,1,0,1,0,1,0,32900.0,0.0,1.0,0.0,1,0,0,0,0.00029542,0.0,1,0,0,0.0,0.0,0.302,0.0,
100000006476758100,terminal,0.4705,1,0.188,1368,Конечная точка в данных: получает от 1 плательщ. (5 тыс ₸); исходящих ≥5 тыс ₸ нет,3,False,False,1,0,1,0,1,0,5200.0,0.0,1.0,0.0,1,0,0,0,0.00051681,0.0,0,0,0,0.0,0.0,0.0089,0.0,
100000008772058100,terminal,0.5657,35,0.1878,1369,Конечная точка в данных: получает от 1 плательщ. (50 тыс ₸); исходящих ≥5 тыс ₸ нет,2,False,False,1,0,1,0,1,0,50000.0,0.0,1.0,0.0,1,0,0,0,0.00030255,0.0,1,0,0,0.0,0.0,0.3623,0.0,
100000004840086100,peripheral,0.7851,2,0.1876,1370,"Периферия, явных признаков нет: 4-е колено: исходящие не видны; получает от 1 плательщ. (100 тыс ₸)",4,False,True,0,0,1,0,2,0,100000.0,0.0,,0.0,1,0,0,0,0.00053916,0.0,1,0,0,0.0,,0.7201,0.0,
100000000795033100,terminal,0.5098,30,0.1875,1371,Конечная точка в данных: получает от 1 плательщ. (18 тыс ₸); исходящих ≥5 тыс ₸ нет,2,False,False,1,0,1,0,1,0,18200.0,0.0,1.0,0.0,1,0,0,0,0.00053302,0.0,0,0,0,0.0,0.0,0.141,0.0,
100000008333492100,peripheral,0.7496,11,0.1873,1372,"Периферия, явных признаков нет: 4-е колено: исходящие не видны; получает от 1 плательщ. (216 тыс ₸)",4,False,True,0,0,1,0,1,0,216400.0,0.0,,0.0,1,0,0,0,0.00043801,0.0,0,0,0,0.0,,0.8465,0.0,
100000008691495100,terminal,0.5337,35,0.1872,1373,Конечная точка в данных: получает от 1 плательщ. (27 тыс ₸); исходящих ≥5 тыс ₸ нет,1,False,False,1,1,1,0,1,0,27000.0,0.0,1.0,0.0,1,0,0,0,0.00029124,0.0,1,0,0,0.0,0.0,0.2187,0.0,
100000008695157100,peripheral,0.7244,27,0.1872,1374,"Периферия, явных признаков нет: 4-е колено: исходящие не видны; получает от 1 плательщ. (426 тыс ₸)",4,False,True,0,0,1,0,3,0,425546.0,0.0,,0.0,1,0,0,0,0.00049752,0.0,0,0,0,0.0,,0.9345,0.0,
100000007175718100,terminal,0.5167,40,0.1871,1375,Конечная точка в данных: получает от 1 плательщ. (20 тыс ₸); исходящих ≥5 тыс ₸ нет,1,False,False,1,1,1,0,1,0,20000.0,0.0,1.0,0.0,1,0,0,0,0.00030319,0.0,1,0,0,0.0,0.0,0.1359,0.0,
100000005056870100,terminal,0.5167,40,0.1871,1376,Конечная точка в данных: получает от 1 плательщ. (20 тыс ₸); исходящих ≥5 тыс ₸ нет,1,False,False,1,1,1,0,1,0,20000.0,0.0,1.0,0.0,1,0,0,0,0.00030319,0.0,1,0,0,0.0,0.0,0.1359,0.0,
100000008760098100,peripheral,0.7593,11,0.1871,1377,"Периферия, явных признаков нет: получает от 1 плательщ. (7 тыс ₸); платит 1 получат. (390 тыс ₸); отдаёт в 55.7 раза больше видимого входа",3,False,False,1,0,1,1,1,1,7000.0,390000.0,0.0,0.0,1,2,0,0,0.00028664,7.3e-06,1,0,0,0.0,0.6409,0.8198,0.7246,
100000003025903100,peripheral,0.7275,27,0.1869,1378,"Периферия, явных признаков нет: 4-е колено: исходящие не видны; получает от 1 плательщ. (386 тыс ₸)",4,False,True,0,0,1,0,6,0,386300.0,0.0,,0.0,1,0,0,0,0.00052645,0.0,1,0,0,0.0,,0.921,0.0,
100000008172721100,peripheral,0.7619,2,0.1868,1379,"Периферия, явных признаков нет: 4-е колено: исходящие не видны; получает от 1 плательщ. (168 тыс ₸)",4,False,True,0,0,1,0,1,0,168335.0,0.0,,0.0,1,0,0,0,0.00039522,0.0,0,0,0,0.0,,0.8126,0.0,
100000003985389100,peripheral,0.7245,27,0.1868,1380,"Периферия, явных признаков нет: 4-е колено: исходящие не видны; получает от 1 плательщ. (423 тыс ₸)",4,False,True,0,0,1,0,16,0,422698.0,0.0,,0.0,1,0,0,0,0.00049036,0.0,0,0,0,0.0,,0.9323,0.0,
100000004573782100,terminal,0.5001,17,0.1867,1381,Конечная точка в данных: получает от 1 плательщ. (15 тыс ₸); повтор. маршрутов: 1; исходящих ≥5 тыс ₸ нет,2,False,False,1,0,1,0,1,0,15000.0,0.0,1.0,0.0,1,0,0,1,0.0003099,0.0,1,0,0,0.0,0.0,0.102,0.0,
100000002578653100,terminal,0.5167,3,0.1866,1382,Конечная точка в данных: получает от 1 плательщ. (20 тыс ₸); исходящих ≥5 тыс ₸ нет,3,False,False,1,0,1,0,1,0,20000.0,0.0,1.0,0.0,1,0,0,0,0.00031131,0.0,1,0,0,0.0,0.0,0.1624,0.0,
100000008733049100,terminal,0.5378,4,0.1865,1383,Конечная точка в данных: деньги от 3 seed; получает от 1 плательщ. (10 тыс ₸); исходящих ≥5 тыс ₸ нет,2,False,False,3,0,1,0,1,0,10000.0,0.0,1.0,0.0,1,0,0,0,0.00028875,0.0,1,0,0,0.0,0.0,0.0347,0.0,
100000002214570100,terminal,0.5325,35,0.1861,1384,Конечная точка в данных: получает от 1 плательщ. (26 тыс ₸); исходящих ≥5 тыс ₸ нет,1,False,False,1,1,1,0,1,0,26471.0,0.0,1.0,0.0,1,0,0,0,0.00029113,0.0,1,0,0,0.0,0.0,0.2166,0.0,
100000006658598100,terminal,0.4801,4,0.186,1385,Конечная точка в данных: получает от 1 плательщ. (9 тыс ₸); повтор. маршрутов: 1; исходящих ≥5 тыс ₸ нет,1,False,False,1,1,1,0,1,0,9000.0,0.0,1.0,0.0,1,0,0,1,0.00028654,0.0,1,0,0,0.0,0.0,0.0127,0.0,
100000008666075100,terminal,0.5324,35,0.1859,1386,Конечная точка в данных: получает от 1 плательщ. (26 тыс ₸); исходящих ≥5 тыс ₸ нет,1,False,False,1,1,1,0,1,0,26217.0,0.0,1.0,0.0,1,0,0,0,0.00029107,0.0,1,0,0,0.0,0.0,0.2144,0.0,
100000008376785100,peripheral,0.7464,23,0.1859,1387,"Периферия, явных признаков нет: 4-е колено: исходящие не видны; получает от 1 плательщ. (234 тыс ₸)",4,False,True,0,0,1,0,2,0,234250.0,0.0,,0.0,1,0,0,0,0.00053181,0.0,0,0,0,0.0,,0.8533,0.0,
100000004783447100,terminal,0.5323,35,0.1858,1388,Конечная точка в данных: получает от 1 плательщ. (26 тыс ₸); исходящих ≥5 тыс ₸ нет,1,False,False,1,1,1,0,1,0,26200.0,0.0,1.0,0.0,1,0,0,0,0.00029107,0.0,1,0,0,0.0,0.0,0.2123,0.0,
100000008730238100,peripheral,0.7794,11,0.1857,1389,"Периферия, явных признаков нет: 4-е колено: исходящие не видны; получает от 1 плательщ. (113 тыс ₸)",4,False,True,0,0,1,0,1,0,113000.0,0.0,,0.0,1,0,0,0,0.00056324,0.0,0,0,0,0.0,,0.7675,0.0,
100000003128638100,peripheral,0.735,11,0.1856,1390,"Периферия, явных признаков нет: 4-е колено: исходящие не видны; получает от 1 плательщ. (300 тыс ₸)",4,False,True,0,0,1,0,1,0,300000.0,0.0,,0.0,1,0,0,0,0.00035819,0.0,1,0,0,0.0,,0.8916,0.0,
100000003186579100,peripheral,0.7807,2,0.1856,1391,"Периферия, явных признаков нет: 4-е колено: исходящие не видны; получает от 1 плательщ. (110 тыс ₸)",4,False,True,0,0,1,0,2,0,110000.0,0.0,,0.0,1,0,0,0,0.00051518,0.0,0,0,0,0.0,,0.754,0.0,
100000002324543100,terminal,0.5401,31,0.1855,1392,Конечная точка в данных: получает от 1 плательщ. (30 тыс ₸); исходящих ≥5 тыс ₸ нет,1,False,False,1,1,1,0,1,0,30202.0,0.0,1.0,0.0,1,0,0,0,0.00028881,0.0,1,0,0,0.0,0.0,0.2442,0.0,
100000008557672100,terminal,0.5616,35,0.1855,1393,Конечная точка в данных: получает от 1 плательщ. (49 тыс ₸); исходящих ≥5 тыс ₸ нет,2,False,False,1,0,1,0,1,0,49125.0,0.0,1.0,0.0,1,0,0,0,0.00030225,0.0,1,0,0,0.0,0.0,0.3557,0.0,
100000004340038100,peripheral,0.7295,3,0.1855,1394,"Периферия, явных признаков нет: деньги от 2 seed; получает от 1 плательщ. (10 тыс ₸); платит 1 получат. (49 тыс ₸); отдаёт в 4.9 раза больше видимого входа",3,False,False,2,0,1,1,1,1,9978.0,49000.0,0.0,0.0,1,0,0,0,0.00028926,1.922e-05,1,0,0,0.0,0.6409,0.4416,0.7297,
100000002621915100,terminal,0.4701,4,0.1854,1395,Конечная точка в данных: получает от 1 плательщ. (5 тыс ₸); исходящих ≥5 тыс ₸ нет,2,False,False,1,0,1,0,1,0,5000.0,0.0,1.0,0.0,1,0,0,0,0.00053204,0.0,0,0,0,0.0,0.0,0.0,0.0,
100000001262647100,terminal,0.5229,4,0.1852,1396,Конечная точка в данных: получает от 1 плательщ. (24 тыс ₸); исходящих ≥5 тыс ₸ нет,2,False,False,1,0,1,0,1,0,23650.0,0.0,1.0,0.0,1,0,0,0,0.00030339,0.0,0,0,0,0.0,0.0,0.1887,0.0,
100000001825934100,peripheral,0.7826,37,0.1852,1397,"Периферия, явных признаков нет: получает от 1 плательщ. (40 тыс ₸); платит 1 получат. (97 тыс ₸); отдаёт в 2.4 раза больше видимого входа",3,False,False,1,0,1,1,1,1,40000.0,97000.0,0.0,0.0,1,0,0,0,0.00047587,9.9e-07,0,0,0,0.0,0.6409,0.6028,0.6916,
100000003975102100,coordinator,0.3586,4,0.1851,1398,"Связующий узел между хабами: связан с 1+2 хабами (вход+выход); получает от 1 плательщ. (26 тыс ₸); платит 2 получат. (88 тыс ₸); 36% уходит ≤2 дн. после поступления; seed, входящие занижены",0,True,False,1,0,1,2,1,2,25650.0,88500.0,,0.3616,1,1,0,0,0.00034547,5.91e-06,1,2,0,0.525,0.625,0.55,0.8125,
100000003899325100,terminal,0.5658,27,0.1851,1399,Конечная точка в данных: получает от 1 плательщ. (50 тыс ₸); исходящих ≥5 тыс ₸ нет,3,False,False,1,0,1,0,1,0,50120.0,0.0,1.0,0.0,1,0,0,0,0.00029664,0.0,1,0,0,0.0,0.0,0.4036,0.0,
100000000803368100,peripheral,0.7718,13,0.1851,1400,"Периферия, явных признаков нет: 4-е колено: исходящие не видны; получает от 1 плательщ. (140 тыс ₸)",4,False,True,0,0,1,0,1,0,139503.0,0.0,,0.0,1,0,0,0,0.00054811,0.0,1,0,0,0.0,,0.781,0.0,
100000001380986100,terminal,0.5802,31,0.185,1401,Конечная точка в данных: получает от 1 плательщ. (70 тыс ₸); исходящих ≥5 тыс ₸ нет,2,False,False,1,0,1,0,1,0,70170.0,0.0,1.0,0.0,1,0,0,0,0.00029217,0.0,1,0,0,0.0,0.0,0.4534,0.0,
100000005092518100,terminal,0.5308,35,0.1849,1402,Конечная точка в данных: получает от 1 плательщ. (26 тыс ₸); исходящих ≥5 тыс ₸ нет,1,False,False,1,1,1,0,1,0,26144.0,0.0,1.0,0.0,1,0,0,0,0.00029106,0.0,1,0,0,0.0,0.0,0.2081,0.0,
100000004218576100,terminal,0.5308,35,0.1849,1403,Конечная точка в данных: получает от 1 плательщ. (26 тыс ₸); исходящих ≥5 тыс ₸ нет,1,False,False,1,1,1,0,1,0,26144.0,0.0,1.0,0.0,1,0,0,0,0.00029106,0.0,1,0,0,0.0,0.0,0.2081,0.0,
100000008773876100,terminal,0.5306,35,0.1847,1404,Конечная точка в данных: получает от 1 плательщ. (26 тыс ₸); исходящих ≥5 тыс ₸ нет,1,False,False,1,1,1,0,1,0,26120.0,0.0,1.0,0.0,1,0,0,0,0.00029105,0.0,1,0,0,0.0,0.0,0.2059,0.0,
100000005996909100,terminal,0.472,4,0.1847,1405,Конечная точка в данных: получает от 1 плательщ. (6 тыс ₸); повтор. маршрутов: 1; исходящих ≥5 тыс ₸ нет,3,False,False,1,0,1,0,1,0,5500.0,0.0,1.0,0.0,1,0,0,1,0.00031595,0.0,1,0,0,0.0,0.0,0.0127,0.0,
100000005228059100,terminal,0.5305,35,0.1846,1406,Конечная точка в данных: получает от 1 плательщ. (26 тыс ₸); исходящих ≥5 тыс ₸ нет,1,False,False,1,1,1,0,1,0,26000.0,0.0,1.0,0.0,1,0,0,0,0.00029103,0.0,1,0,0,0.0,0.0,0.2038,0.0,
100000003696422100,peripheral,0.7785,18,0.1846,1407,"Периферия, явных признаков нет: 4-е колено: исходящие не видны; получает от 1 плательщ. (118 тыс ₸)",4,False,True,0,0,1,0,2,0,118000.0,0.0,,0.0,1,0,0,0,0.00070852,0.0,1,0,0,0.0,,0.7698,0.0,
100000001957974100,peripheral,0.7179,13,0.1845,1408,"Периферия, явных признаков нет: 4-е колено: исходящие не видны; получает от 1 плательщ. (500 тыс ₸)",4,False,True,0,0,1,0,1,0,500000.0,0.0,,0.0,1,0,0,0,0.00032014,0.0,1,0,0,0.0,,0.9481,0.0,
100000008686214100,terminal,0.5289,2,0.1844,1409,Конечная точка в данных: получает от 1 плательщ. (25 тыс ₸); исходящих ≥5 тыс ₸ нет,3,False,False,1,0,1,0,1,0,25000.0,0.0,1.0,0.0,1,0,0,0,0.00029773,0.0,1,0,0,0.0,0.0,0.2234,0.0,
100000004564736100,terminal,0.5001,14,0.1843,1410,Конечная точка в данных: получает от 1 плательщ. (15 тыс ₸); исходящих ≥5 тыс ₸ нет,3,False,False,1,0,1,0,2,0,15000.0,0.0,1.0,0.0,1,0,0,0,0.00037676,0.0,0,0,0,0.0,0.0,0.099,0.0,
100000003635660100,terminal,0.5353,2,0.1843,1411,Конечная точка в данных: деньги от 2 seed; получает от 1 плательщ. (19 тыс ₸); исходящих ≥5 тыс ₸ нет,3,False,False,2,0,1,0,1,0,18985.0,0.0,1.0,0.0,1,0,0,0,0.00029052,0.0,1,0,0,0.0,0.0,0.1574,0.0,
100000000703902100,terminal,0.5296,35,0.184,1412,Конечная точка в данных: получает от 1 плательщ. (25 тыс ₸); исходящих ≥5 тыс ₸ нет,1,False,False,1,1,1,0,1,0,25499.0,0.0,1.0,0.0,1,0,0,0,0.00029092,0.0,1,0,0,0.0,0.0,0.1996,0.0,
100000007484343100,terminal,0.5979,30,0.1839,1413,Конечная точка в данных: деньги от 2 seed; получает от 2 плательщ. (27 тыс ₸); исходящих ≥5 тыс ₸ нет,3,False,False,2,0,2,0,2,0,26757.0,0.0,1.0,0.0,2,0,0,0,0.00028913,0.0,2,0,1,0.8414,0.0,0.2563,0.0,
100000004213658100,terminal,0.5294,35,0.1838,1414,Конечная точка в данных: получает от 1 плательщ. (25 тыс ₸); исходящих ≥5 тыс ₸ нет,1,False,False,1,1,1,0,1,0,25347.0,0.0,1.0,0.0,1,0,0,0,0.00029089,0.0,1,0,0,0.0,0.0,0.1975,0.0,
100000004291560100,terminal,0.5847,30,0.1838,1415,Конечная точка в данных: деньги от 2 seed; получает от 1 плательщ. (47 тыс ₸); исходящих ≥5 тыс ₸ нет,3,False,False,2,0,1,0,1,0,47190.0,0.0,1.0,0.0,1,0,0,0,0.00028823,0.0,1,0,0,0.0,0.0,0.3858,0.0,
100000001246806100,peripheral,0.7746,11,0.1837,1416,"Периферия, явных признаков нет: 4-е колено: исходящие не видны; получает от 1 плательщ. (130 тыс ₸)",4,False,True,0,0,1,0,1,0,130000.0,0.0,,0.0,1,0,0,0,0.00053298,0.0,0,0,0,0.0,,0.7743,0.0,
100000006326645100,terminal,0.5292,35,0.1836,1417,Конечная точка в данных: получает от 1 плательщ. (25 тыс ₸); исходящих ≥5 тыс ₸ нет,1,False,False,1,1,1,0,1,0,25264.0,0.0,1.0,0.0,1,0,0,0,0.00029087,0.0,1,0,0,0.0,0.0,0.1953,0.0,
100000008748795100,terminal,0.5842,30,0.1835,1418,Конечная точка в данных: деньги от 2 seed; получает от 1 плательщ. (47 тыс ₸); исходящих ≥5 тыс ₸ нет,3,False,False,2,0,1,0,1,0,47057.0,0.0,1.0,0.0,1,0,0,0,0.00028822,0.0,1,0,0,0.0,0.0,0.3845,0.0,
100000008183752100,peripheral,0.7709,11,0.1835,1419,"Периферия, явных признаков нет: 4-е колено: исходящие не видны; получает от 1 плательщ. (140 тыс ₸)",4,False,True,0,0,1,0,1,0,140000.0,0.0,,0.0,1,0,0,0,0.00053019,0.0,0,0,0,0.0,,0.7833,0.0,
100000005237935150,terminal,0.5446,16,0.1833,1420,Конечная точка в данных: получает от 1 плательщ. (35 тыс ₸); исходящих ≥5 тыс ₸ нет,2,False,False,1,0,1,0,1,0,34508.0,0.0,1.0,0.0,1,0,0,0,0.00029798,0.0,1,0,0,0.0,0.0,0.2993,0.0,
100000004970752100,terminal,0.4878,30,0.1832,1421,Конечная точка в данных: получает от 1 плательщ. (10 тыс ₸); исходящих ≥5 тыс ₸ нет,3,False,False,1,0,1,0,1,0,10000.0,0.0,1.0,0.0,1,0,0,0,0.00074286,0.0,0,0,0,0.0,0.0,0.0457,0.0,
100000000425407100,terminal,0.5167,3,0.1831,1422,Конечная точка в данных: получает от 1 плательщ. (20 тыс ₸); исходящих ≥5 тыс ₸ нет,2,False,False,1,0,1,0,1,0,20000.0,0.0,1.0,0.0,1,0,0,0,0.00030509,0.0,1,0,0,0.0,0.0,0.1453,0.0,
100000003247600100,peripheral,0.8155,3,0.183,1423,"Периферия, явных признаков нет: 4-е колено: исходящие не видны; получает от 1 плательщ. (58 тыс ₸)",4,False,True,0,0,1,0,1,0,58000.0,0.0,,0.0,1,0,0,0,0.00084121,0.0,0,0,0,0.0,,0.623,0.0,
100000002597003100,peripheral,0.7943,3,0.1829,1424,"Периферия, явных признаков нет: получает от 1 плательщ. (18 тыс ₸); платит 1 получат. (11 тыс ₸); отдаёт дальше 62% полученного",1,False,False,1,1,1,1,1,1,17700.0,11000.0,0.3785,0.0,1,0,0,0,0.00028889,1.922e-05,1,0,0,0.0,0.6476,0.2251,0.7558,
100000007648946100,peripheral,0.7669,3,0.1828,1425,"Периферия, явных признаков нет: получает от 1 плательщ. (20 тыс ₸); платит 1 получат. (25 тыс ₸); отдаёт в 1.3 раза больше видимого входа",1,False,False,1,1,1,1,1,1,19550.0,25000.0,0.0,0.0,1,1,0,0,0.00028924,2.91e-06,1,0,0,0.0,0.6476,0.3439,0.7346,
100000003664994100,peripheral,0.7322,23,0.1828,1426,"Периферия, явных признаков нет: 4-е колено: исходящие не видны; получает от 1 плательщ. (338 тыс ₸)",4,False,True,0,0,1,0,2,0,338271.0,0.0,,0.0,1,0,0,0,0.00039112,0.0,0,0,0,0.0,,0.9052,0.0,
100000004722630100,peripheral,0.7318,28,0.1826,1427,"Периферия, явных признаков нет: 4-е колено: исходящие не видны; получает от 1 плательщ. (340 тыс ₸)",4,False,True,0,0,1,0,2,0,340000.0,0.0,,0.0,1,0,0,0,0.00049219,0.0,1,0,0,0.0,,0.9074,0.0,
100000008738526100,peripheral,0.7085,11,0.1825,1428,"Периферия, явных признаков нет: получает от 1 плательщ. (15 тыс ₸); платит 1 получат. (140 тыс ₸); отдаёт в 9.3 раза больше видимого входа",3,False,False,1,0,1,1,1,1,15000.0,140000.0,0.0,0.0,1,0,0,0,0.00028745,2.14e-05,1,0,0,0.0,0.6409,0.6396,0.8439,
100000008168850100,peripheral,0.7572,23,0.1825,1429,"Периферия, явных признаков нет: 4-е колено: исходящие не видны; получает от 1 плательщ. (188 тыс ₸)",4,False,True,0,0,1,0,2,0,187910.0,0.0,,0.0,1,0,0,0,0.00053308,0.0,0,0,0,0.0,,0.8284,0.0,
100000005941908100,terminal,0.4878,31,0.1823,1430,Конечная точка в данных: получает от 1 плательщ. (10 тыс ₸); исходящих ≥5 тыс ₸ нет,3,False,False,1,0,1,0,1,0,10000.0,0.0,1.0,0.0,1,0,0,0,0.00069235,0.0,0,0,0,0.0,0.0,0.0457,0.0,
100000002305007100,terminal,0.5717,34,0.1823,1431,Конечная точка в данных: получает от 1 плательщ. (56 тыс ₸); исходящих ≥5 тыс ₸ нет,3,False,False,1,0,1,0,1,0,56000.0,0.0,1.0,0.0,1,0,0,0,0.00029431,0.0,1,0,0,0.0,0.0,0.4365,0.0,
100000000507799100,peripheral,0.5706,32,0.1822,1432,"Периферия, явных признаков нет: получает от 1 плательщ. (5 тыс ₸); платит 1 получат. (8 тыс ₸); отдаёт в 1.6 раза больше видимого входа; повтор. маршрутов: 1",1,False,False,1,1,1,1,1,1,5132.0,8000.0,0.0,0.0,1,0,0,1,0.00028612,0.00011532,1,0,1,0.0,0.6476,0.0467,0.8854,
100000008173359100,terminal,0.4739,4,0.1821,1433,Конечная точка в данных: получает от 1 плательщ. (6 тыс ₸); повтор. маршрутов: 1; исходящих ≥5 тыс ₸ нет,1,False,False,1,1,1,0,1,0,6110.0,0.0,1.0,0.0,1,0,0,1,0.00028623,0.0,1,0,0,0.0,0.0,0.0,0.0,
100000002508637100,peripheral,0.697,27,0.1821,1434,"Периферия, явных признаков нет: получает от 1 плательщ. (306 тыс ₸); платит 1 получат. (8 тыс ₸); отдаёт дальше 3% полученного",3,False,False,1,0,1,1,1,1,306410.0,8000.0,0.9739,0.0,1,0,0,0,0.00030739,7.9e-07,1,0,0,0.0,0.6409,0.7728,0.6853,
100000004652395100,peripheral,0.6844,3,0.1821,1435,"Периферия, явных признаков нет: 4-е колено: исходящие не видны; получает от 3 плательщ. (102 тыс ₸); по числу плательщиков больше всех узлов 4-го колена; до 3 плательщ. в один день",4,False,True,0,0,3,0,5,0,101528.0,0.0,,0.0,3,0,0,0,0.00033571,0.0,3,0,0,0.9955,,0.7404,0.0,in_degree
100000002459163100,terminal,0.5168,26,0.1817,1436,Конечная точка в данных: получает от 1 плательщ. (20 тыс ₸); исходящих ≥5 тыс ₸ нет,2,False,False,1,0,1,0,1,0,20180.0,0.0,1.0,0.0,1,0,0,0,0.00036112,0.0,1,0,0,0.0,0.0,0.1627,0.0,
100000008473765100,terminal,0.5398,2,0.1814,1437,Конечная точка в данных: получает от 1 плательщ. (30 тыс ₸); исходящих ≥5 тыс ₸ нет,3,False,False,1,0,1,0,1,0,30000.0,0.0,1.0,0.0,1,0,0,0,0.00029167,0.0,1,0,0,0.0,0.0,0.2779,0.0,
100000002858835100,terminal,0.5255,35,0.1813,1438,Конечная точка в данных: получает от 1 плательщ. (24 тыс ₸); исходящих ≥5 тыс ₸ нет,1,False,False,1,1,1,0,1,0,24400.0,0.0,1.0,0.0,1,0,0,0,0.00029069,0.0,1,0,0,0.0,0.0,0.189,0.0,
100000005783452100,peripheral,0.6874,11,0.1813,1439,"Периферия, явных признаков нет: 4-е колено: исходящие не видны; получает от 2 плательщ. (286 тыс ₸); по числу плательщиков выше 97% узлов 4-го колена",4,False,True,0,0,2,0,2,0,286500.0,0.0,,0.0,2,0,0,0,0.00031442,0.0,2,0,0,0.9797,,0.8894,0.0,in_degree
100000001378288100,peripheral,0.7405,27,0.1813,1440,"Периферия, явных признаков нет: 4-е колено: исходящие не видны; получает от 1 плательщ. (268 тыс ₸)",4,False,True,0,0,1,0,3,0,268000.0,0.0,,0.0,1,0,0,0,0.00052345,0.0,0,0,0,0.0,,0.8781,0.0,
100000007865484100,peripheral,0.7142,30,0.1813,1441,"Периферия, явных признаков нет: 4-е колено: исходящие не видны; получает от 1 плательщ. (585 тыс ₸); по обороту выше 95% узлов 4-го колена",4,False,True,0,0,1,0,2,0,584600.0,0.0,,0.0,1,0,0,0,0.00036619,0.0,1,0,0,0.0,,0.9594,0.0,volume
100000008221765100,peripheral,0.7652,23,0.1811,1442,"Периферия, явных признаков нет: 4-е колено: исходящие не видны; получает от 1 плательщ. (156 тыс ₸)",4,False,True,0,0,1,0,1,0,156354.0,0.0,,0.0,1,0,0,0,0.00054044,0.0,0,0,0,0.0,,0.8014,0.0,
100000001870116100,terminal,0.5248,35,0.1808,1443,Конечная точка в данных: получает от 1 плательщ. (24 тыс ₸); исходящих ≥5 тыс ₸ нет,1,False,False,1,1,1,0,1,0,24000.0,0.0,1.0,0.0,1,0,0,0,0.00029061,0.0,1,0,0,0.0,0.0,0.1868,0.0,
100000004192107100,terminal,0.5539,37,0.1808,1444,Конечная точка в данных: деньги от 2 seed; получает от 1 плательщ. (25 тыс ₸); исходящих ≥5 тыс ₸ нет,2,False,False,2,0,1,0,1,0,25000.0,0.0,1.0,0.0,1,0,0,0,0.0002993,0.0,1,0,0,0.0,0.0,0.2039,0.0,
100000008432942100,terminal,0.5805,30,0.1808,1445,Конечная точка в данных: деньги от 2 seed; получает от 1 плательщ. (45 тыс ₸); исходящих ≥5 тыс ₸ нет,3,False,False,2,0,1,0,2,0,44542.0,0.0,1.0,0.0,1,0,0,0,0.00028808,0.0,1,0,0,0.0,0.0,0.3617,0.0,
100000002646887100,terminal,0.5254,25,0.1806,1446,Конечная точка в данных: получает от 1 плательщ. (24 тыс ₸); повтор. маршрутов: 1; исходящих ≥5 тыс ₸ нет,3,False,False,1,0,1,0,1,0,24354.0,0.0,1.0,0.0,1,0,0,1,0.00029519,0.0,1,0,0,0.0,0.0,0.2183,0.0,
100000001164648100,terminal,0.5346,16,0.1803,1447,Конечная точка в данных: получает от 2 плательщ. (14 тыс ₸); исходящих ≥5 тыс ₸ нет,1,False,False,1,1,2,0,2,0,13660.0,0.0,1.0,0.0,1,0,0,0,0.00029014,0.0,2,0,1,0.6624,0.0,0.051,0.0,
100000000470237100,peripheral,0.8529,12,0.1802,1448,"Периферия, явных признаков нет: 4-е колено: исходящие не видны; получает от 1 плательщ. (32 тыс ₸); повтор. маршрутов: 1",4,False,True,0,0,1,0,1,0,32500.0,0.0,,0.0,1,0,0,1,0.00058463,0.0,1,0,0,0.0,,0.4944,0.0,
100000000408846100,terminal,0.5524,24,0.1801,1449,Конечная точка в данных: получает от 1 плательщ. (40 тыс ₸); исходящих ≥5 тыс ₸ нет,3,False,False,1,0,1,0,1,0,40500.0,0.0,1.0,0.0,1,0,0,0,0.00029573,0.0,1,0,0,0.0,0.0,0.3439,0.0,
100000008722328100,terminal,0.5234,35,0.1799,1450,Конечная точка в данных: получает от 1 плательщ. (24 тыс ₸); исходящих ≥5 тыс ₸ нет,1,False,False,1,1,1,0,1,0,23677.0,0.0,1.0,0.0,1,0,0,0,0.00029054,0.0,1,0,0,0.0,0.0,0.1783,0.0,
100000008708368100,terminal,0.5234,35,0.1799,1451,Конечная точка в данных: получает от 1 плательщ. (24 тыс ₸); исходящих ≥5 тыс ₸ нет,1,False,False,1,1,1,0,1,0,23677.0,0.0,1.0,0.0,1,0,0,0,0.00029054,0.0,1,0,0,0.0,0.0,0.1783,0.0,
100000008688881100,terminal,0.5548,35,0.1799,1452,Конечная точка в данных: получает от 1 плательщ. (44 тыс ₸); исходящих ≥5 тыс ₸ нет,2,False,False,1,0,1,0,1,0,44211.0,0.0,1.0,0.0,1,0,0,0,0.00030058,0.0,1,0,0,0.0,0.0,0.3319,0.0,
100000003671721100,terminal,0.4701,17,0.1798,1453,Конечная точка в данных: получает от 1 плательщ. (5 тыс ₸); исходящих ≥5 тыс ₸ нет,3,False,False,1,0,1,0,1,0,5000.0,0.0,1.0,0.0,1,0,0,0,0.00055874,0.0,0,0,0,0.0,0.0,0.0,0.0,
100000007487729100,terminal,0.5289,2,0.1797,1454,Конечная точка в данных: получает от 1 плательщ. (25 тыс ₸); исходящих ≥5 тыс ₸ нет,3,False,False,1,0,1,0,1,0,25000.0,0.0,1.0,0.0,1,0,0,0,0.00029411,0.0,1,0,0,0.0,0.0,0.2234,0.0,
100000007618425100,terminal,0.55,23,0.1796,1455,Конечная точка в данных: получает от 1 плательщ. (39 тыс ₸); исходящих ≥5 тыс ₸ нет,3,False,False,1,0,1,0,1,0,39348.0,0.0,1.0,0.0,1,0,0,0,0.00029507,0.0,1,0,0,0.0,0.0,0.3376,0.0,
100000003581109100,terminal,0.5789,30,0.1795,1456,Конечная точка в данных: деньги от 2 seed; получает от 1 плательщ. (43 тыс ₸); исходящих ≥5 тыс ₸ нет,3,False,False,2,0,1,0,1,0,42750.0,0.0,1.0,0.0,1,0,0,0,0.00028798,0.0,1,0,0,0.0,0.0,0.3541,0.0,
100000008740295100,peripheral,0.735,11,0.1795,1457,"Периферия, явных признаков нет: 4-е колено: исходящие не видны; получает от 1 плательщ. (300 тыс ₸)",4,False,True,0,0,1,0,1,0,300000.0,0.0,,0.0,1,0,0,0,0.00032504,0.0,1,0,0,0.0,,0.8916,0.0,
100000008722541100,peripheral,0.7385,23,0.1794,1458,"Периферия, явных признаков нет: 4-е колено: исходящие не видны; получает от 1 плательщ. (280 тыс ₸)",4,False,True,0,0,1,0,4,0,280000.0,0.0,,0.0,1,0,0,0,0.00038364,0.0,0,0,0,0.0,,0.8849,0.0,
100000008680451100,terminal,0.5227,35,0.1793,1459,Конечная точка в данных: получает от 1 плательщ. (24 тыс ₸); исходящих ≥5 тыс ₸ нет,1,False,False,1,1,1,0,1,0,23534.0,0.0,1.0,0.0,1,0,0,0,0.00029051,0.0,1,0,0,0.0,0.0,0.1741,0.0,
100000008671026100,terminal,0.5227,35,0.1793,1460,Конечная точка в данных: получает от 1 плательщ. (24 тыс ₸); исходящих ≥5 тыс ₸ нет,1,False,False,1,1,1,0,1,0,23534.0,0.0,1.0,0.0,1,0,0,0,0.00029051,0.0,1,0,0,0.0,0.0,0.1741,0.0,
100000007591246100,peripheral,0.7823,4,0.1793,1461,"Периферия, явных признаков нет: получает от 1 плательщ. (12 тыс ₸); платит 1 получат. (120 тыс ₸); отдаёт в 9.8 раза больше видимого входа",3,False,False,1,0,1,1,1,1,12190.0,120000.0,0.0,0.0,1,0,0,0,0.00029789,1.02e-06,1,0,0,0.0,0.6409,0.5952,0.6942,
100000003109805100,terminal,0.5476,10,0.1793,1462,Конечная точка в данных: получает от 1 плательщ. (37 тыс ₸); исходящих ≥5 тыс ₸ нет,3,False,False,1,0,1,0,1,0,36929.0,0.0,1.0,0.0,1,0,0,0,0.00029138,0.0,1,0,0,0.0,0.0,0.3223,0.0,
100000007303047100,terminal,0.5679,34,0.1792,1463,Конечная точка в данных: получает от 1 плательщ. (52 тыс ₸); исходящих ≥5 тыс ₸ нет,3,False,False,1,0,1,0,1,0,52250.0,0.0,1.0,0.0,1,0,0,0,0.00029372,0.0,1,0,0,0.0,0.0,0.4175,0.0,
100000004257714100,terminal,0.5678,34,0.179,1464,Конечная точка в данных: получает от 1 плательщ. (52 тыс ₸); исходящих ≥5 тыс ₸ нет,3,False,False,1,0,1,0,1,0,52220.0,0.0,1.0,0.0,1,0,0,0,0.00029372,0.0,1,0,0,0.0,0.0,0.4162,0.0,
100000005362848100,terminal,0.5359,13,0.1789,1465,Конечная точка в данных: получает от 1 плательщ. (29 тыс ₸); исходящих ≥5 тыс ₸ нет,3,False,False,1,0,1,0,1,0,29000.0,0.0,1.0,0.0,1,0,0,0,0.00029637,0.0,1,0,0,0.0,0.0,0.2741,0.0,
100000002603478100,terminal,0.5224,29,0.1787,1466,Конечная точка в данных: получает от 1 плательщ. (24 тыс ₸); исходящих ≥5 тыс ₸ нет,1,False,False,1,1,1,0,1,0,23500.0,0.0,1.0,0.0,1,0,0,0,0.00028947,0.0,1,0,0,0.0,0.0,0.172,0.0,
100000008684452100,terminal,0.5674,34,0.1786,1467,Конечная точка в данных: получает от 1 плательщ. (52 тыс ₸); исходящих ≥5 тыс ₸ нет,3,False,False,1,0,1,0,1,0,51800.0,0.0,1.0,0.0,1,0,0,0,0.00029365,0.0,1,0,0,0.0,0.0,0.415,0.0,
100000002708624100,terminal,0.5289,33,0.1786,1468,Конечная точка в данных: получает от 1 плательщ. (25 тыс ₸); исходящих ≥5 тыс ₸ нет,3,False,False,1,0,1,0,1,0,25000.0,0.0,1.0,0.0,1,0,0,0,0.00032874,0.0,1,0,0,0.0,0.0,0.2234,0.0,
100000004356593100,peripheral,0.7866,3,0.1785,1469,"Периферия, явных признаков нет: получает от 1 плательщ. (50 тыс ₸); платит 1 получат. (10 тыс ₸); отдаёт дальше 20% полученного",2,False,False,1,0,1,1,1,1,50000.0,10000.0,0.8,0.0,1,0,0,0,0.00029345,1.922e-05,1,0,0,0.0,0.5835,0.4208,0.7354,
100000005264874100,peripheral,0.785,37,0.1785,1470,"Периферия, явных признаков нет: получает от 1 плательщ. (30 тыс ₸); платит 2 получат. (78 тыс ₸); отдаёт в 2.6 раза больше видимого входа",3,False,False,1,0,1,2,1,3,30000.0,78000.0,0.0,0.0,1,0,0,0,0.00042829,7.9e-07,0,0,0,0.0,0.8363,0.5558,0.6853,
100000002945031100,terminal,0.5251,3,0.1785,1471,Конечная точка в данных: деньги от 2 seed; получает от 1 плательщ. (15 тыс ₸); исходящих ≥5 тыс ₸ нет,3,False,False,2,0,1,0,1,0,15000.0,0.0,1.0,0.0,1,0,0,0,0.00029112,0.0,1,0,0,0.0,0.0,0.099,0.0,
100000008769636100,terminal,0.5214,35,0.1784,1472,Конечная точка в данных: получает от 1 плательщ. (23 тыс ₸); исходящих ≥5 тыс ₸ нет,1,False,False,1,1,1,0,1,0,23118.0,0.0,1.0,0.0,1,0,0,0,0.00029042,0.0,1,0,0,0.0,0.0,0.1699,0.0,
100000003125997100,peripheral,0.7958,11,0.1784,1473,"Периферия, явных признаков нет: 4-е колено: исходящие не видны; получает от 1 плательщ. (88 тыс ₸)",4,False,True,0,0,1,0,1,0,87750.0,0.0,,0.0,1,0,0,0,0.00054837,0.0,0,0,0,0.0,,0.6975,0.0,
100000008690932100,terminal,0.5212,35,0.1783,1474,Конечная точка в данных: получает от 1 плательщ. (23 тыс ₸); исходящих ≥5 тыс ₸ нет,1,False,False,1,1,1,0,1,0,23000.0,0.0,1.0,0.0,1,0,0,0,0.0002904,0.0,1,0,0,0.0,0.0,0.1656,0.0,
100000002628146100,terminal,0.5402,37,0.1782,1475,Конечная точка в данных: получает от 1 плательщ. (30 тыс ₸); исходящих ≥5 тыс ₸ нет,2,False,False,1,0,1,0,2,0,30500.0,0.0,1.0,0.0,1,0,0,0,0.00031922,0.0,1,0,0,0.0,0.0,0.2777,0.0,
100000002534091100,terminal,0.5201,2,0.1782,1476,Конечная точка в данных: получает от 1 плательщ. (22 тыс ₸); исходящих ≥5 тыс ₸ нет,3,False,False,1,0,1,0,1,0,22200.0,0.0,1.0,0.0,1,0,0,0,0.00029637,0.0,1,0,0,0.0,0.0,0.1904,0.0,
100000004500781100,peripheral,0.8038,13,0.1781,1477,"Периферия, явных признаков нет: 4-е колено: исходящие не видны; получает от 1 плательщ. (74 тыс ₸)",4,False,True,0,0,1,0,5,0,74000.0,0.0,,0.0,1,0,0,0,0.00068075,0.0,1,0,0,0.0,,0.6704,0.0,
100000007034089100,peripheral,0.7046,11,0.1781,1478,"Периферия, явных признаков нет: 4-е колено: исходящие не видны; получает от 2 плательщ. (198 тыс ₸); по числу плательщиков выше 97% узлов 4-го колена",4,False,True,0,0,2,0,2,0,198000.0,0.0,,0.0,2,0,0,0,0.00032112,0.0,2,0,0,0.9797,,0.8352,0.0,in_degree
100000005532138100,terminal,0.529,3,0.178,1479,Конечная точка в данных: получает от 1 плательщ. (25 тыс ₸); исходящих ≥5 тыс ₸ нет,3,False,False,1,0,1,0,1,0,25046.0,0.0,1.0,0.0,1,0,0,0,0.00029379,0.0,1,0,0,0.0,0.0,0.2348,0.0,
100000005041905100,peripheral,0.765,34,0.178,1480,"Периферия, явных признаков нет: получает от 1 плательщ. (5 тыс ₸); платит 1 получат. (1.1 млн ₸); отдаёт в 216.1 раза больше видимого входа; повтор. маршрутов: 1",3,False,False,1,0,1,1,1,5,5000.0,1080351.0,0.0,0.0,1,0,0,1,0.00028635,0.0,1,1,0,0.0,0.6409,0.9467,0.0,
100000003943247100,terminal,0.5769,30,0.1779,1481,Конечная точка в данных: деньги от 2 seed; получает от 1 плательщ. (40 тыс ₸); исходящих ≥5 тыс ₸ нет,3,False,False,2,0,1,0,1,0,40000.0,0.0,1.0,0.0,1,0,0,0,0.00028782,0.0,1,0,0,0.0,0.0,0.3401,0.0,
100000003199390100,peripheral,0.7417,23,0.1778,1482,"Периферия, явных признаков нет: 4-е колено: исходящие не видны; получает от 1 плательщ. (260 тыс ₸)",4,False,True,0,0,1,0,1,0,260000.0,0.0,,0.0,1,0,0,0,0.00037663,0.0,0,0,0,0.0,,0.8691,0.0,
100000001784279100,terminal,0.5467,2,0.1777,1483,Конечная точка в данных: получает от 1 плательщ. (36 тыс ₸); исходящих ≥5 тыс ₸ нет,3,False,False,1,0,1,0,1,0,35674.0,0.0,1.0,0.0,1,0,0,0,0.00028873,0.0,1,0,0,0.0,0.0,0.3173,0.0,
100000002831727100,peripheral,0.6711,15,0.1773,1484,"Периферия, явных признаков нет: получает от 1 плательщ. (6 тыс ₸); платит 1 получат. (77 тыс ₸); отдаёт в 12.8 раза больше видимого входа; 13% уходит ≤2 дн. после поступления",2,False,False,1,0,1,1,1,3,6000.0,77000.0,0.0,0.1299,1,0,0,0,0.00029075,1.922e-05,0,0,0,0.0,0.5835,0.4837,0.7354,
100000000287768100,terminal,0.5461,2,0.1772,1485,Конечная точка в данных: получает от 1 плательщ. (35 тыс ₸); исходящих ≥5 тыс ₸ нет,3,False,False,1,0,1,0,1,0,35168.0,0.0,1.0,0.0,1,0,0,0,0.00028869,0.0,1,0,0,0.0,0.0,0.316,0.0,
100000008746025100,terminal,0.5199,35,0.177,1486,Конечная точка в данных: получает от 1 плательщ. (22 тыс ₸); исходящих ≥5 тыс ₸ нет,1,False,False,1,1,1,0,1,0,22000.0,0.0,1.0,0.0,1,0,0,0,0.00029019,0.0,1,0,0,0.0,0.0,0.1614,0.0,
100000002369443100,terminal,0.5657,34,0.177,1487,Конечная точка в данных: получает от 1 плательщ. (50 тыс ₸); исходящих ≥5 тыс ₸ нет,3,False,False,1,0,1,0,1,0,50000.0,0.0,1.0,0.0,1,0,0,0,0.00029337,0.0,1,0,0,0.0,0.0,0.3959,0.0,
100000000922570100,peripheral,0.7944,29,0.1768,1488,"Периферия, явных признаков нет: получает от 1 плательщ. (47 тыс ₸); платит 1 получат. (50 тыс ₸); отдаёт в 1.1 раза больше видимого входа",1,False,False,1,1,1,1,1,1,47101.0,50000.0,0.0,0.0,1,0,0,0,0.00029339,2e-07,1,0,0,0.0,0.6476,0.5499,0.6624,
100000001490461100,peripheral,0.7578,17,0.1766,1489,"Периферия, явных признаков нет: получает от 1 плательщ. (20 тыс ₸); платит 1 получат. (5 тыс ₸); отдаёт дальше 25% полученного",2,False,False,1,0,1,1,1,1,20000.0,5000.0,0.75,0.0,1,0,0,0,0.00032099,2.199e-05,1,0,0,0.0,0.5835,0.2039,0.7961,
100000000375150100,peripheral,0.735,42,0.1766,1490,"Периферия, явных признаков нет: 4-е колено: исходящие не видны; получает от 1 плательщ. (300 тыс ₸)",4,False,True,0,0,1,0,1,0,300000.0,0.0,,0.0,1,0,0,0,0.00074638,0.0,0,0,0,0.0,,0.8916,0.0,
100000001418900100,terminal,0.5521,35,0.1765,1491,Конечная точка в данных: получает от 1 плательщ. (40 тыс ₸); исходящих ≥5 тыс ₸ нет,2,False,False,1,0,1,0,2,0,40140.0,0.0,1.0,0.0,1,0,0,0,0.0002992,0.0,1,0,0,0.0,0.0,0.3275,0.0,
100000001276409100,peripheral,0.7909,13,0.1764,1492,"Периферия, явных признаков нет: 4-е колено: исходящие не видны; получает от 1 плательщ. (95 тыс ₸); повтор. маршрутов: 1",4,False,True,0,0,1,0,1,0,94760.0,0.0,,0.0,1,0,0,1,0.00032104,0.0,1,0,0,0.0,,0.7088,0.0,
100000008691330100,terminal,0.5189,35,0.1763,1493,Конечная точка в данных: получает от 1 плательщ. (21 тыс ₸); исходящих ≥5 тыс ₸ нет,1,False,False,1,1,1,0,1,0,21440.0,0.0,1.0,0.0,1,0,0,0,0.00029007,0.0,1,0,0,0.0,0.0,0.1592,0.0,
100000005496254100,terminal,0.4927,3,0.1761,1494,Конечная точка в данных: получает от 1 плательщ. (13 тыс ₸); исходящих ≥5 тыс ₸ нет,1,False,False,1,1,1,0,1,0,12700.0,0.0,1.0,0.0,1,0,0,0,0.00028795,0.0,1,0,0,0.0,0.0,0.0446,0.0,
100000004713684100,terminal,0.5736,30,0.1759,1495,Конечная точка в данных: деньги от 2 seed; получает от 1 плательщ. (38 тыс ₸); исходящих ≥5 тыс ₸ нет,3,False,False,2,0,1,0,1,0,37500.0,0.0,1.0,0.0,1,0,0,0,0.00028768,0.0,1,0,0,0.0,0.0,0.3299,0.0,
100000004193835100,peripheral,0.4103,4,0.1758,1496,"Периферия, явных признаков нет: деньги от 2 seed; получает от 1 плательщ. (47 тыс ₸); платит 1 получат. (5 тыс ₸); 100% уходит ≤2 дн. после поступления; seed, входящие занижены",0,True,False,2,0,1,1,1,1,47000.0,5000.0,,1.0,1,1,0,0,0.00046993,6.68e-06,1,1,0,0.525,0.3875,0.3875,0.825,
100000008695495100,terminal,0.5184,35,0.1757,1497,Конечная точка в данных: получает от 1 плательщ. (21 тыс ₸); исходящих ≥5 тыс ₸ нет,1,False,False,1,1,1,0,1,0,21000.0,0.0,1.0,0.0,1,0,0,0,0.00028998,0.0,1,0,0,0.0,0.0,0.155,0.0,
100000003119550100,terminal,0.5184,35,0.1757,1498,Конечная точка в данных: получает от 1 плательщ. (21 тыс ₸); исходящих ≥5 тыс ₸ нет,1,False,False,1,1,1,0,1,0,21000.0,0.0,1.0,0.0,1,0,0,0,0.00028998,0.0,1,0,0,0.0,0.0,0.155,0.0,
100000002904919100,peripheral,0.7758,2,0.1756,1499,"Периферия, явных признаков нет: получает от 1 плательщ. (60 тыс ₸); платит 1 получат. (6 тыс ₸); отдаёт дальше 9% полученного",3,False,False,1,0,1,1,1,1,60325.0,5500.0,0.9088,0.0,1,0,0,0,0.00029092,1.922e-05,1,0,0,0.0,0.6409,0.4556,0.7297,
100000005187208100,terminal,0.4961,3,0.1755,1500,Конечная точка в данных: получает от 1 плательщ. (14 тыс ₸); исходящих ≥5 тыс ₸ нет,3,False,False,1,0,1,0,1,0,14160.0,0.0,1.0,0.0,1,0,0,0,0.00031197,0.0,1,0,0,0.0,0.0,0.0914,0.0,
100000002214383100,peripheral,0.7503,34,0.1753,1501,"Периферия, явных признаков нет: 4-е колено: исходящие не видны; получает от 1 плательщ. (213 тыс ₸)",4,False,True,0,0,1,0,1,0,213000.0,0.0,,0.0,1,0,0,0,0.00053087,0.0,0,0,0,0.0,,0.8442,0.0,
100000002243354100,terminal,0.5176,35,0.1751,1502,Конечная точка в данных: получает от 1 плательщ. (21 тыс ₸); исходящих ≥5 тыс ₸ нет,1,False,False,1,1,1,0,1,0,20879.0,0.0,1.0,0.0,1,0,0,0,0.00028995,0.0,1,0,0,0.0,0.0,0.1529,0.0,
100000008713685100,terminal,0.5622,34,0.1751,1503,Конечная точка в данных: получает от 1 плательщ. (50 тыс ₸); исходящих ≥5 тыс ₸ нет,3,False,False,1,0,1,0,1,0,49700.0,0.0,1.0,0.0,1,0,0,0,0.00029333,0.0,1,0,0,0.0,0.0,0.3947,0.0,
100000004418967100,peripheral,0.7851,11,0.1749,1504,"Периферия, явных признаков нет: 4-е колено: исходящие не видны; получает от 1 плательщ. (100 тыс ₸)",4,False,True,0,0,1,0,1,0,100000.0,0.0,,0.0,1,0,0,0,0.00045347,0.0,0,0,0,0.0,,0.7201,0.0,
100000007597382100,terminal,0.552,23,0.1748,1505,Конечная точка в данных: деньги от 3 seed; получает от 1 плательщ. (16 тыс ₸); исходящих ≥5 тыс ₸ нет,3,False,False,3,0,1,0,1,0,15700.0,0.0,1.0,0.0,1,0,0,0,0.00028608,0.0,1,0,0,0.0,0.0,0.1142,0.0,
100000002982252100,terminal,0.5171,35,0.1747,1506,Конечная точка в данных: получает от 1 плательщ. (20 тыс ₸); исходящих ≥5 тыс ₸ нет,1,False,False,1,1,1,0,1,0,20320.0,0.0,1.0,0.0,1,0,0,0,0.00028983,0.0,1,0,0,0.0,0.0,0.1507,0.0,
100000001114385100,terminal,0.5362,3,0.1747,1507,Конечная точка в данных: получает от 1 плательщ. (30 тыс ₸); исходящих ≥5 тыс ₸ нет,2,False,False,1,0,1,0,1,0,29500.0,0.0,1.0,0.0,1,0,0,0,0.00029022,0.0,1,0,0,0.0,0.0,0.2495,0.0,
100000008491390100,terminal,0.5722,30,0.1747,1508,Конечная точка в данных: деньги от 2 seed; получает от 1 плательщ. (36 тыс ₸); исходящих ≥5 тыс ₸ нет,3,False,False,2,0,1,0,1,0,36000.0,0.0,1.0,0.0,1,0,0,0,0.0002876,0.0,1,0,0,0.0,0.0,0.3185,0.0,
100000004200745100,peripheral,0.7746,29,0.1747,1509,"Периферия, явных признаков нет: 4-е колено: исходящие не видны; получает от 1 плательщ. (130 тыс ₸)",4,False,True,0,0,1,0,4,0,130000.0,0.0,,0.0,1,0,0,0,0.00060101,0.0,0,0,0,0.0,,0.7743,0.0,
100000008745643100,terminal,0.517,35,0.1746,1510,Конечная точка в данных: получает от 1 плательщ. (20 тыс ₸); исходящих ≥5 тыс ₸ нет,1,False,False,1,1,1,0,1,0,20313.0,0.0,1.0,0.0,1,0,0,0,0.00028983,0.0,1,0,0,0.0,0.0,0.1486,0.0,
100000001290243100,terminal,0.4878,4,0.1746,1511,Конечная точка в данных: получает от 1 плательщ. (10 тыс ₸); исходящих ≥5 тыс ₸ нет,2,False,False,1,0,1,0,1,0,10000.0,0.0,1.0,0.0,1,0,0,0,0.00031995,0.0,1,0,0,0.0,0.0,0.0347,0.0,
100000008693069100,terminal,0.5167,35,0.1743,1512,Конечная точка в данных: получает от 1 плательщ. (20 тыс ₸); исходящих ≥5 тыс ₸ нет,1,False,False,1,1,1,0,1,0,20000.0,0.0,1.0,0.0,1,0,0,0,0.00028977,0.0,1,0,0,0.0,0.0,0.1359,0.0,
100000002289937100,terminal,0.5167,35,0.1743,1513,Конечная точка в данных: получает от 1 плательщ. (20 тыс ₸); исходящих ≥5 тыс ₸ нет,1,False,False,1,1,1,0,1,0,20000.0,0.0,1.0,0.0,1,0,0,0,0.00028977,0.0,1,0,0,0.0,0.0,0.1359,0.0,
100000000860514100,peripheral,0.7152,33,0.1743,1514,"Периферия, явных признаков нет: получает от 1 плательщ. (12 тыс ₸); платит 1 получат. (50 тыс ₸); отдаёт в 4.2 раза больше видимого входа",3,False,False,1,0,1,1,1,1,12000.0,50000.0,0.0,0.0,1,0,0,0,0.00030629,2.001e-05,1,0,0,0.0,0.6409,0.448,0.8287,
100000008757301100,peripheral,0.8153,2,0.1743,1515,"Периферия, явных признаков нет: 4-е колено: исходящие не видны; получает от 1 плательщ. (58 тыс ₸)",4,False,True,0,0,1,0,3,0,58398.0,0.0,,0.0,1,0,0,0,0.00053055,0.0,1,0,0,0.0,,0.6253,0.0,
100000008677518100,terminal,0.5611,34,0.1742,1516,Конечная точка в данных: получает от 1 плательщ. (49 тыс ₸); исходящих ≥5 тыс ₸ нет,3,False,False,1,0,1,0,1,0,48700.0,0.0,1.0,0.0,1,0,0,0,0.00029317,0.0,1,0,0,0.0,0.0,0.3934,0.0,
100000008652094100,terminal,0.5711,30,0.1738,1517,Конечная точка в данных: деньги от 2 seed; получает от 1 плательщ. (35 тыс ₸); исходящих ≥5 тыс ₸ нет,3,False,False,2,0,1,0,1,0,35000.0,0.0,1.0,0.0,1,0,0,0,0.00028754,0.0,1,0,0,0.0,0.0,0.3122,0.0,
100000003072205100,peripheral,0.7139,11,0.1737,1518,"Периферия, явных признаков нет: 4-е колено: исходящие не видны; получает от 2 плательщ. (163 тыс ₸); по числу плательщиков выше 97% узлов 4-го колена",4,False,True,0,0,2,0,2,0,163000.0,0.0,,0.0,2,0,0,0,0.00031897,0.0,2,0,0,0.9797,,0.8036,0.0,in_degree
100000008337304100,peripheral,0.7831,2,0.1736,1519,"Периферия, явных признаков нет: 4-е колено: исходящие не видны; получает от 1 плательщ. (105 тыс ₸)",4,False,True,0,0,1,0,2,0,105465.0,0.0,,0.0,1,0,0,0,0.00035427,0.0,0,0,0,0.0,,0.7472,0.0,
100000004991812100,terminal,0.4878,14,0.1735,1520,Конечная точка в данных: получает от 1 плательщ. (10 тыс ₸); исходящих ≥5 тыс ₸ нет,3,False,False,1,0,1,0,1,0,10000.0,0.0,1.0,0.0,1,0,0,0,0.00034636,0.0,0,0,0,0.0,0.0,0.0457,0.0,
100000008672603100,terminal,0.5437,37,0.1734,1521,Конечная точка в данных: деньги от 2 seed; получает от 1 плательщ. (21 тыс ₸); исходящих ≥5 тыс ₸ нет,2,False,False,2,0,1,0,1,0,21200.0,0.0,1.0,0.0,1,0,0,0,0.00029721,0.0,1,0,0,0.0,0.0,0.1692,0.0,
100000001420847100,terminal,0.5167,15,0.1733,1522,Конечная точка в данных: получает от 1 плательщ. (20 тыс ₸); исходящих ≥5 тыс ₸ нет,2,False,False,1,0,1,0,2,0,20000.0,0.0,1.0,0.0,1,0,0,0,0.00030283,0.0,0,0,0,0.0,0.0,0.1453,0.0,
100000002984403100,peripheral,0.7152,33,0.1733,1523,"Периферия, явных признаков нет: получает от 1 плательщ. (20 тыс ₸); платит 1 получат. (25 тыс ₸); отдаёт в 1.2 раза больше видимого входа",3,False,False,1,0,1,1,1,1,20000.0,25000.0,0.0,0.0,1,0,0,0,0.0003201,2.001e-05,1,0,0,0.0,0.6409,0.3642,0.8287,
100000002242455100,peripheral,0.7807,23,0.1733,1524,"Периферия, явных признаков нет: 4-е колено: исходящие не видны; получает от 1 плательщ. (110 тыс ₸)",4,False,True,0,0,1,0,1,0,110000.0,0.0,,0.0,1,0,0,0,0.00053217,0.0,0,0,0,0.0,,0.754,0.0,
100000001223977100,peripheral,0.6998,9,0.1732,1525,"Периферия, явных признаков нет: получает от 1 плательщ. (5 тыс ₸); платит 1 получат. (18 тыс ₸); отдаёт в 3.6 раза больше видимого входа",3,False,False,1,0,1,1,1,1,5000.0,18000.0,0.0,0.0,1,0,0,0,0.00030554,2.417e-05,0,0,0,0.0,0.6409,0.198,0.8655,
100000000481716100,terminal,0.4782,13,0.1732,1526,Конечная точка в данных: получает от 1 плательщ. (8 тыс ₸); исходящих ≥5 тыс ₸ нет,3,False,False,1,0,1,0,1,0,8000.0,0.0,1.0,0.0,1,0,0,0,0.00037715,0.0,0,0,0,0.0,0.0,0.0317,0.0,
100000000979567100,terminal,0.4878,35,0.1726,1527,Конечная точка в данных: получает от 1 плательщ. (10 тыс ₸); исходящих ≥5 тыс ₸ нет,2,False,False,1,0,1,0,1,0,10000.0,0.0,1.0,0.0,1,0,0,0,0.00053073,0.0,0,0,0,0.0,0.0,0.0347,0.0,
100000004278574100,peripheral,0.7576,23,0.1725,1528,"Периферия, явных признаков нет: деньги от 3 seed; получает от 1 плательщ. (25 тыс ₸); платит 1 получат. (12 тыс ₸); отдаёт дальше 50% полученного",3,False,False,3,0,1,1,1,1,25000.0,12500.0,0.5,0.0,1,0,0,0,0.00028638,1.922e-05,1,0,0,0.0,0.6409,0.3299,0.7297,
100000008551752100,peripheral,0.7254,30,0.1725,1529,"Периферия, явных признаков нет: 4-е колено: исходящие не видны; получает от 1 плательщ. (406 тыс ₸)",4,False,True,0,0,1,0,2,0,406000.0,0.0,,0.0,1,0,0,0,0.00034156,0.0,1,0,0,0.0,,0.9278,0.0,
100000003449074100,terminal,0.4878,3,0.1723,1530,Конечная точка в данных: получает от 1 плательщ. (10 тыс ₸); исходящих ≥5 тыс ₸ нет,1,False,False,1,1,1,0,1,0,10000.0,0.0,1.0,0.0,1,0,0,0,0.00028745,0.0,1,0,0,0.0,0.0,0.0149,0.0,
100000002809568100,terminal,0.4878,3,0.1723,1531,Конечная точка в данных: получает от 1 плательщ. (10 тыс ₸); исходящих ≥5 тыс ₸ нет,1,False,False,1,1,1,0,1,0,10000.0,0.0,1.0,0.0,1,0,0,0,0.00028745,0.0,1,0,0,0.0,0.0,0.0149,0.0,
100000004019056100,peripheral,0.8241,3,0.1723,1532,"Периферия, явных признаков нет: 4-е колено: исходящие не видны; получает от 1 плательщ. (50 тыс ₸)",4,False,True,0,0,1,0,1,0,50000.0,0.0,,0.0,1,0,0,0,0.00054092,0.0,0,0,0,0.0,,0.5937,0.0,
100000008190411100,peripheral,0.7545,25,0.1721,1533,"Периферия, явных признаков нет: 4-е колено: исходящие не видны; получает от 1 плательщ. (198 тыс ₸)",4,False,True,0,0,1,0,12,0,198450.0,0.0,,0.0,1,0,0,0,0.00042413,0.0,1,0,0,0.0,,0.8375,0.0,
100000004285800100,peripheral,0.8,2,0.1719,1534,"Периферия, явных признаков нет: деньги от 2 seed; получает от 1 плательщ. (5 тыс ₸); платит 1 получат. (15 тыс ₸); отдаёт в 3.0 раза больше видимого входа",2,False,False,2,0,1,1,1,1,5000.0,15000.0,0.0,0.0,1,0,0,0,0.00034422,0.0,1,0,0,0.0,0.5835,0.1453,0.0,
100000003996562100,terminal,0.4771,3,0.1716,1535,Конечная точка в данных: получает от 1 плательщ. (8 тыс ₸); исходящих ≥5 тыс ₸ нет,3,False,False,1,0,1,0,1,0,7700.0,0.0,1.0,0.0,1,0,0,0,0.00032817,0.0,0,0,0,0.0,0.0,0.0292,0.0,
100000001557930100,terminal,0.5449,21,0.1715,1536,Конечная точка в данных: получает от 1 плательщ. (35 тыс ₸); исходящих ≥5 тыс ₸ нет,2,False,False,1,0,1,0,1,0,34610.0,0.0,1.0,0.0,1,0,0,0,0.00029213,0.0,1,0,0,0.0,0.0,0.3015,0.0,
100000002700161100,peripheral,0.8443,9,0.1715,1537,"Периферия, явных признаков нет: 4-е колено: исходящие не видны; получает от 1 плательщ. (39 тыс ₸)",4,False,True,0,0,1,0,1,0,39000.0,0.0,,0.0,1,0,0,0,0.00090266,0.0,0,0,0,0.0,,0.5214,0.0,
100000007745062100,peripheral,0.7851,29,0.1715,1538,"Периферия, явных признаков нет: 4-е колено: исходящие не видны; получает от 1 плательщ. (100 тыс ₸)",4,False,True,0,0,1,0,1,0,100000.0,0.0,,0.0,1,0,0,0,0.00062528,0.0,0,0,0,0.0,,0.7201,0.0,
100000008675322100,peripheral,0.7318,23,0.1714,1539,"Периферия, явных признаков нет: 4-е колено: исходящие не видны; получает от 1 плательщ. (340 тыс ₸)",4,False,True,0,0,1,0,4,0,340000.0,0.0,,0.0,1,0,0,0,0.00031935,0.0,1,0,0,0.0,,0.9074,0.0,
100000003289281100,peripheral,0.8414,2,0.1714,1540,"Периферия, явных признаков нет: 4-е колено: исходящие не видны; получает от 1 плательщ. (40 тыс ₸)",4,False,True,0,0,1,0,1,0,40000.0,0.0,,0.0,1,0,0,0,0.00059672,0.0,0,0,0,0.0,,0.5282,0.0,
100000002793851100,terminal,0.4895,4,0.1713,1541,Конечная точка в данных: получает от 1 плательщ. (11 тыс ₸); исходящих ≥5 тыс ₸ нет,1,False,False,1,1,1,0,1,0,11052.0,0.0,1.0,0.0,1,0,0,0,0.00028676,0.0,1,0,0,0.0,0.0,0.0255,0.0,
100000003072676100,terminal,0.5416,23,0.1713,1542,Конечная точка в данных: получает от 1 плательщ. (32 тыс ₸); исходящих ≥5 тыс ₸ нет,3,False,False,1,0,1,0,1,0,31545.0,0.0,1.0,0.0,1,0,0,0,0.00029319,0.0,1,0,0,0.0,0.0,0.2944,0.0,
100000003962994100,terminal,0.4878,32,0.1712,1543,Конечная точка в данных: получает от 1 плательщ. (10 тыс ₸); исходящих ≥5 тыс ₸ нет,3,False,False,1,0,1,0,1,0,10000.0,0.0,1.0,0.0,1,0,0,0,0.00048123,0.0,0,0,0,0.0,0.0,0.0457,0.0,
100000008754747100,terminal,0.5571,34,0.1712,1544,Конечная точка в данных: получает от 1 плательщ. (46 тыс ₸); исходящих ≥5 тыс ₸ нет,3,False,False,1,0,1,0,1,0,45500.0,0.0,1.0,0.0,1,0,0,0,0.00029267,0.0,1,0,0,0.0,0.0,0.3706,0.0,
100000004674412100,peripheral,0.8343,0,0.1711,1545,"Периферия, явных признаков нет: 4-е колено: исходящие не видны; получает от 1 плательщ. (46 тыс ₸)",4,False,True,0,0,1,0,1,0,46000.0,0.0,,0.0,1,0,0,0,0.00048937,0.0,0,0,0,0.0,,0.5711,0.0,
100000004635886100,terminal,0.5212,4,0.171,1546,Конечная точка в данных: получает от 1 плательщ. (23 тыс ₸); исходящих ≥5 тыс ₸ нет,3,False,False,1,0,1,0,1,0,23000.0,0.0,1.0,0.0,1,0,0,0,0.00029246,0.0,1,0,0,0.0,0.0,0.198,0.0,
100000007357489100,peripheral,0.7137,11,0.171,1547,"Периферия, явных признаков нет: 4-е колено: исходящие не видны; получает от 2 плательщ. (164 тыс ₸); по числу плательщиков выше 97% узлов 4-го колена",4,False,True,0,0,2,0,2,0,164500.0,0.0,,0.0,2,0,0,0,0.00031296,0.0,2,0,0,0.9797,,0.8059,0.0,in_degree
100000006734554100,peripheral,0.7883,36,0.1709,1548,"Периферия, явных признаков нет: получает от 1 плательщ. (16 тыс ₸); платит 1 получат. (25 тыс ₸); отдаёт в 1.5 раза больше видимого входа",1,False,False,1,1,1,1,1,1,16500.0,25000.0,0.0,0.0,1,0,0,0,0.00031194,5.9e-07,1,0,0,0.0,0.6476,0.3206,0.6921,
100000002554175100,terminal,0.5257,13,0.1709,1549,Конечная точка в данных: получает от 1 плательщ. (25 тыс ₸); исходящих ≥5 тыс ₸ нет,3,False,False,1,0,1,0,1,0,24621.0,0.0,1.0,0.0,1,0,0,0,0.00029474,0.0,1,0,0,0.0,0.0,0.2208,0.0,
100000007539296100,peripheral,0.8343,3,0.1709,1550,"Периферия, явных признаков нет: 4-е колено: исходящие не видны; получает от 1 плательщ. (46 тыс ₸)",4,False,True,0,0,1,0,2,0,46000.0,0.0,,0.0,1,0,0,0,0.00055732,0.0,0,0,0,0.0,,0.5711,0.0,
100000002373144100,peripheral,0.7943,2,0.1707,1551,"Периферия, явных признаков нет: получает от 1 плательщ. (46 тыс ₸); платит 1 получат. (11 тыс ₸); отдаёт дальше 23% полученного",3,False,False,1,0,1,1,1,1,46468.0,10764.0,0.7684,0.0,1,0,0,0,0.00028969,1.922e-05,1,0,0,0.0,0.6409,0.4378,0.7297,
100000005059998100,terminal,0.5096,3,0.1705,1552,Конечная точка в данных: получает от 1 плательщ. (18 тыс ₸); исходящих ≥5 тыс ₸ нет,2,False,False,1,0,1,0,1,0,18000.0,0.0,1.0,0.0,1,0,0,0,0.00029592,0.0,1,0,0,0.0,0.0,0.1345,0.0,
100000008336318100,peripheral,0.7612,11,0.1705,1553,"Периферия, явных признаков нет: 4-е колено: исходящие не видны; получает от 1 плательщ. (170 тыс ₸)",4,False,True,0,0,1,0,1,0,170000.0,0.0,,0.0,1,0,0,0,0.00032672,0.0,1,0,0,0.0,,0.8149,0.0,
100000003187359100,terminal,0.511,35,0.1704,1554,Конечная точка в данных: получает от 1 плательщ. (19 тыс ₸); исходящих ≥5 тыс ₸ нет,1,False,False,1,1,1,0,1,0,19072.0,0.0,1.0,0.0,1,0,0,0,0.00028957,0.0,1,0,0,0.0,0.0,0.1316,0.0,
100000007930878100,terminal,0.4701,19,0.1703,1555,Конечная точка в данных: получает от 1 плательщ. (5 тыс ₸); исходящих ≥5 тыс ₸ нет,2,False,False,1,0,1,0,1,0,5000.0,0.0,1.0,0.0,1,0,0,0,0.00048364,0.0,0,0,0,0.0,0.0,0.0,0.0,
100000008679986100,terminal,0.5109,35,0.1702,1556,Конечная точка в данных: получает от 1 плательщ. (19 тыс ₸); исходящих ≥5 тыс ₸ нет,1,False,False,1,1,1,0,1,0,19000.0,0.0,1.0,0.0,1,0,0,0,0.00028956,0.0,1,0,0,0.0,0.0,0.1274,0.0,
100000008749063100,terminal,0.5109,35,0.1702,1557,Конечная точка в данных: получает от 1 плательщ. (19 тыс ₸); исходящих ≥5 тыс ₸ нет,1,False,False,1,1,1,0,1,0,19000.0,0.0,1.0,0.0,1,0,0,0,0.00028956,0.0,1,0,0,0.0,0.0,0.1274,0.0,
100000000955529100,peripheral,0.6489,9,0.1699,1558,"Периферия, явных признаков нет: получает от 1 плательщ. (27 тыс ₸); платит 1 получат. (64 тыс ₸); отдаёт в 2.4 раза больше видимого входа",3,False,False,1,0,1,1,1,1,27000.0,63500.0,0.0,0.0,1,0,0,0,0.00029563,3.37e-06,1,1,1,0.0,0.6409,0.5165,0.717,
100000002974256100,terminal,0.4764,29,0.1698,1559,Конечная точка в данных: получает от 1 плательщ. (7 тыс ₸); исходящих ≥5 тыс ₸ нет,2,False,False,1,0,1,0,1,0,7200.0,0.0,1.0,0.0,1,0,0,0,0.00053191,0.0,0,0,0,0.0,0.0,0.026,0.0,
100000002680477100,terminal,0.5289,16,0.1698,1560,Конечная точка в данных: получает от 1 плательщ. (25 тыс ₸); исходящих ≥5 тыс ₸ нет,2,False,False,1,0,1,0,1,0,25000.0,0.0,1.0,0.0,1,0,0,0,0.00029456,0.0,1,0,0,0.0,0.0,0.2039,0.0,
100000008772246100,terminal,0.5554,34,0.1698,1561,Конечная точка в данных: получает от 1 плательщ. (44 тыс ₸); исходящих ≥5 тыс ₸ нет,3,False,False,1,0,1,0,1,0,44500.0,0.0,1.0,0.0,1,0,0,0,0.00029251,0.0,1,0,0,0.0,0.0,0.3591,0.0,
100000002908521100,terminal,0.5554,34,0.1698,1562,Конечная точка в данных: получает от 1 плательщ. (44 тыс ₸); исходящих ≥5 тыс ₸ нет,3,False,False,1,0,1,0,1,0,44500.0,0.0,1.0,0.0,1,0,0,0,0.00029251,0.0,1,0,0,0.0,0.0,0.3591,0.0,
100000002794374100,peripheral,0.7805,11,0.1696,1563,"Периферия, явных признаков нет: 4-е колено: исходящие не видны; получает от 1 плательщ. (111 тыс ₸)",4,False,True,0,0,1,0,1,0,111000.0,0.0,,0.0,1,0,0,0,0.00036376,0.0,0,0,0,0.0,,0.763,0.0,
100000003239859100,terminal,0.5101,29,0.1693,1564,Конечная точка в данных: получает от 1 плательщ. (19 тыс ₸); исходящих ≥5 тыс ₸ нет,1,False,False,1,1,1,0,1,0,18600.0,0.0,1.0,0.0,1,0,0,0,0.00028866,0.0,1,0,0,0.0,0.0,0.1231,0.0,
100000002881669100,terminal,0.5101,29,0.1693,1565,Конечная точка в данных: получает от 1 плательщ. (19 тыс ₸); исходящих ≥5 тыс ₸ нет,1,False,False,1,1,1,0,1,0,18600.0,0.0,1.0,0.0,1,0,0,0,0.00028866,0.0,1,0,0,0.0,0.0,0.1231,0.0,
100000001280798100,terminal,0.5238,13,0.1693,1566,Конечная точка в данных: получает от 1 плательщ. (24 тыс ₸); исходящих ≥5 тыс ₸ нет,3,False,False,1,0,1,0,1,0,23785.0,0.0,1.0,0.0,1,0,0,0,0.00029443,0.0,1,0,0,0.0,0.0,0.2132,0.0,
100000001103905100,terminal,0.5096,35,0.1691,1567,Конечная точка в данных: получает от 1 плательщ. (18 тыс ₸); исходящих ≥5 тыс ₸ нет,1,False,False,1,1,1,0,1,0,18000.0,0.0,1.0,0.0,1,0,0,0,0.00028935,0.0,1,0,0,0.0,0.0,0.1168,0.0,
100000008716222100,terminal,0.5096,35,0.1691,1568,Конечная точка в данных: получает от 1 плательщ. (18 тыс ₸); исходящих ≥5 тыс ₸ нет,1,False,False,1,1,1,0,1,0,18000.0,0.0,1.0,0.0,1,0,0,0,0.00028935,0.0,1,0,0,0.0,0.0,0.1168,0.0,
100000008777088100,terminal,0.5096,35,0.1691,1569,Конечная точка в данных: получает от 1 плательщ. (18 тыс ₸); исходящих ≥5 тыс ₸ нет,1,False,False,1,1,1,0,1,0,18000.0,0.0,1.0,0.0,1,0,0,0,0.00028935,0.0,1,0,0,0.0,0.0,0.1168,0.0,
100000003061115100,peripheral,0.8352,2,0.169,1570,"Периферия, явных признаков нет: 4-е колено: исходящие не видны; получает от 1 плательщ. (45 тыс ₸)",4,False,True,0,0,1,0,1,0,45000.0,0.0,,0.0,1,0,0,0,0.0005339,0.0,0,0,0,0.0,,0.5598,0.0,
100000006308406100,peripheral,0.7583,39,0.1689,1571,"Периферия, явных признаков нет: 4-е колено: исходящие не видны; получает от 1 плательщ. (183 тыс ₸)",4,False,True,0,0,1,0,2,0,183000.0,0.0,,0.0,1,0,0,0,0.00053936,0.0,1,0,0,0.0,,0.8239,0.0,
100000003095610100,terminal,0.5231,13,0.1688,1572,Конечная точка в данных: получает от 1 плательщ. (24 тыс ₸); исходящих ≥5 тыс ₸ нет,3,False,False,1,0,1,0,1,0,23665.0,0.0,1.0,0.0,1,0,0,0,0.00029439,0.0,1,0,0,0.0,0.0,0.2094,0.0,
100000003568904100,peripheral,0.8294,3,0.1687,1573,"Периферия, явных признаков нет: 4-е колено: исходящие не видны; получает от 1 плательщ. (49 тыс ₸)",4,False,True,0,0,1,0,1,0,49000.0,0.0,,0.0,1,0,0,0,0.00053173,0.0,0,0,0,0.0,,0.5869,0.0,
100000002744581100,terminal,0.4911,17,0.1684,1574,Конечная точка в данных: получает от 1 плательщ. (12 тыс ₸); исходящих ≥5 тыс ₸ нет,2,False,False,1,0,1,0,1,0,12000.0,0.0,1.0,0.0,1,0,0,0,0.00032496,0.0,0,0,0,0.0,0.0,0.0803,0.0,
100000002818726100,terminal,0.5138,3,0.1684,1575,Конечная точка в данных: деньги от 2 seed; получает от 1 плательщ. (11 тыс ₸); исходящих ≥5 тыс ₸ нет,3,False,False,2,0,1,0,1,0,10879.0,0.0,1.0,0.0,1,0,0,0,0.0002896,0.0,1,0,0,0.0,0.0,0.0673,0.0,
100000002736033100,peripheral,0.7943,10,0.1684,1576,"Периферия, явных признаков нет: получает от 1 плательщ. (35 тыс ₸); платит 1 получат. (11 тыс ₸); отдаёт дальше 32% полученного",3,False,False,1,0,1,1,1,1,34530.0,11000.0,0.6814,0.0,1,0,0,0,0.00029518,1.922e-05,1,0,0,0.0,0.6409,0.3718,0.7297,
100000003180305100,peripheral,0.7694,30,0.1684,1577,"Периферия, явных признаков нет: 4-е колено: исходящие не видны; получает от 1 плательщ. (144 тыс ₸)",4,False,True,0,0,1,0,1,0,144000.0,0.0,,0.0,1,0,0,0,0.00052806,0.0,1,0,0,0.0,,0.7901,0.0,
100000004950490100,terminal,0.4878,17,0.1678,1578,Конечная точка в данных: получает от 1 плательщ. (10 тыс ₸); исходящих ≥5 тыс ₸ нет,2,False,False,1,0,1,0,1,0,10000.0,0.0,1.0,0.0,1,0,0,0,0.00033064,0.0,0,0,0,0.0,0.0,0.0347,0.0,
100000000782285100,terminal,0.474,3,0.1678,1579,Конечная точка в данных: получает от 1 плательщ. (6 тыс ₸); исходящих ≥5 тыс ₸ нет,3,False,False,1,0,1,0,1,0,6151.0,0.0,1.0,0.0,1,0,0,0,0.0003196,0.0,0,0,0,0.0,0.0,0.0228,0.0,
100000004235471100,peripheral,0.7593,23,0.1678,1580,"Периферия, явных признаков нет: 4-е колено: исходящие не видны; получает от 1 плательщ. (180 тыс ₸)",4,False,True,0,0,1,0,1,0,180000.0,0.0,,0.0,1,0,0,0,0.00034861,0.0,0,0,0,0.0,,0.8217,0.0,
100000006471232100,terminal,0.5535,34,0.1677,1581,Конечная точка в данных: получает от 1 плательщ. (42 тыс ₸); исходящих ≥5 тыс ₸ нет,3,False,False,1,0,1,0,1,0,41800.0,0.0,1.0,0.0,1,0,0,0,0.00029209,0.0,1,0,0,0.0,0.0,0.349,0.0,
100000004777215100,peripheral,0.8136,9,0.1676,1582,"Периферия, явных признаков нет: 4-е колено: исходящие не видны; получает от 1 плательщ. (60 тыс ₸)",4,False,True,0,0,1,0,1,0,60000.0,0.0,,0.0,1,0,0,0,0.00046515,0.0,1,0,0,0.0,,0.6298,0.0,
100000001220124100,peripheral,0.8414,2,0.1676,1583,"Периферия, явных признаков нет: 4-е колено: исходящие не видны; получает от 1 плательщ. (40 тыс ₸)",4,False,True,0,0,1,0,1,0,40000.0,0.0,,0.0,1,0,0,0,0.00053956,0.0,0,0,0,0.0,,0.5282,0.0,
100000008691027100,terminal,0.5072,35,0.1674,1584,Конечная точка в данных: получает от 1 плательщ. (18 тыс ₸); исходящих ≥5 тыс ₸ нет,1,False,False,1,1,1,0,1,0,17534.0,0.0,1.0,0.0,1,0,0,0,0.00028925,0.0,1,0,0,0.0,0.0,0.1062,0.0,
100000008729801100,terminal,0.5072,35,0.1674,1585,Конечная точка в данных: получает от 1 плательщ. (18 тыс ₸); исходящих ≥5 тыс ₸ нет,1,False,False,1,1,1,0,1,0,17534.0,0.0,1.0,0.0,1,0,0,0,0.00028925,0.0,1,0,0,0.0,0.0,0.1062,0.0,
100000000907277100,terminal,0.5072,35,0.1674,1586,Конечная точка в данных: получает от 1 плательщ. (18 тыс ₸); исходящих ≥5 тыс ₸ нет,1,False,False,1,1,1,0,1,0,17534.0,0.0,1.0,0.0,1,0,0,0,0.00028925,0.0,1,0,0,0.0,0.0,0.1062,0.0,
100000008667058100,terminal,0.5072,35,0.1674,1587,Конечная точка в данных: получает от 1 плательщ. (18 тыс ₸); исходящих ≥5 тыс ₸ нет,1,False,False,1,1,1,0,1,0,17534.0,0.0,1.0,0.0,1,0,0,0,0.00028925,0.0,1,0,0,0.0,0.0,0.1062,0.0,
100000003650146100,terminal,0.4964,4,0.1674,1588,Конечная точка в данных: получает от 1 плательщ. (14 тыс ₸); исходящих ≥5 тыс ₸ нет,3,False,False,1,0,1,0,1,0,14400.0,0.0,1.0,0.0,1,0,0,0,0.00030013,0.0,1,0,0,0.0,0.0,0.0952,0.0,
100000006444163100,terminal,0.4736,3,0.1671,1589,Конечная точка в данных: получает от 1 плательщ. (6 тыс ₸); исходящих ≥5 тыс ₸ нет,3,False,False,1,0,1,0,1,0,6026.0,0.0,1.0,0.0,1,0,0,0,0.00031891,0.0,0,0,0,0.0,0.0,0.019,0.0,
100000008699083100,peripheral,0.7452,11,0.1671,1590,"Периферия, явных признаков нет: 4-е колено: исходящие не видны; получает от 1 плательщ. (238 тыс ₸)",4,False,True,0,0,1,0,1,0,238500.0,0.0,,0.0,1,0,0,0,0.0003064,0.0,1,0,0,0.0,,0.8578,0.0,
100000008027922100,peripheral,0.8063,14,0.1671,1591,"Периферия, явных признаков нет: 4-е колено: исходящие не видны; получает от 1 плательщ. (70 тыс ₸)",4,False,True,0,0,1,0,1,0,70000.0,0.0,,0.0,1,0,0,0,0.00050237,0.0,0,0,0,0.0,,0.6591,0.0,
100000003207060100,peripheral,0.8204,2,0.167,1592,"Периферия, явных признаков нет: 4-е колено: исходящие не видны; получает от 1 плательщ. (53 тыс ₸)",4,False,True,0,0,1,0,1,0,53000.0,0.0,,0.0,1,0,0,0,0.00042744,0.0,0,0,0,0.0,,0.6163,0.0,
100000008129393100,terminal,0.4878,45,0.1668,1593,Конечная точка в данных: получает от 1 плательщ. (10 тыс ₸); исходящих ≥5 тыс ₸ нет,1,False,False,1,1,1,0,1,0,10000.0,0.0,1.0,0.0,1,0,0,0,0.0003117,0.0,0,0,0,0.0,0.0,0.0149,0.0,
100000006746688100,terminal,0.5529,34,0.1668,1594,Конечная точка в данных: получает от 1 плательщ. (41 тыс ₸); исходящих ≥5 тыс ₸ нет,3,False,False,1,0,1,0,1,0,41000.0,0.0,1.0,0.0,1,0,0,0,0.00029197,0.0,1,0,0,0.0,0.0,0.3452,0.0,
100000002659103100,peripheral,0.763,22,0.1667,1595,"Периферия, явных признаков нет: 4-е колено: исходящие не видны; получает от 1 плательщ. (165 тыс ₸)",4,False,True,0,0,1,0,1,0,165000.0,0.0,,0.0,1,0,0,0,0.00034971,0.0,1,0,0,0.0,,0.8081,0.0,
100000006381453100,peripheral,0.8352,11,0.1666,1596,"Периферия, явных признаков нет: 4-е колено: исходящие не видны; получает от 1 плательщ. (45 тыс ₸)",4,False,True,0,0,1,0,1,0,45000.0,0.0,,0.0,1,0,0,0,0.00057617,0.0,0,0,0,0.0,,0.5598,0.0,
100000004673335100,peripheral,0.8001,16,0.1666,1597,"Периферия, явных признаков нет: 4-е колено: исходящие не видны; получает от 1 плательщ. (80 тыс ₸)",4,False,True,0,0,1,0,1,0,80000.0,0.0,,0.0,1,0,0,0,0.00049409,0.0,1,0,0,0.0,,0.6862,0.0,
100000002820010100,terminal,0.5398,21,0.1665,1598,Конечная точка в данных: получает от 1 плательщ. (30 тыс ₸); исходящих ≥5 тыс ₸ нет,2,False,False,1,0,1,0,1,0,30000.0,0.0,1.0,0.0,1,0,0,0,0.00029126,0.0,1,0,0,0.0,0.0,0.2538,0.0,
100000007982908100,terminal,0.541,35,0.1665,1599,Конечная точка в данных: получает от 1 плательщ. (31 тыс ₸); исходящих ≥5 тыс ₸ нет,2,False,False,1,0,1,0,1,0,31080.0,0.0,1.0,0.0,1,0,0,0,0.00029613,0.0,1,0,0,0.0,0.0,0.2798,0.0,
100000003157333100,terminal,0.5398,21,0.1665,1600,Конечная точка в данных: получает от 1 плательщ. (30 тыс ₸); исходящих ≥5 тыс ₸ нет,2,False,False,1,0,1,0,1,0,30000.0,0.0,1.0,0.0,1,0,0,0,0.00029126,0.0,1,0,0,0.0,0.0,0.2538,0.0,
100000008454065100,terminal,0.5252,13,0.1665,1601,Конечная точка в данных: получает от 1 плательщ. (24 тыс ₸); исходящих ≥5 тыс ₸ нет,3,False,False,1,0,1,0,1,0,24050.0,0.0,1.0,0.0,1,0,0,0,0.00029237,0.0,1,0,0,0.0,0.0,0.2157,0.0,
100000004445291100,terminal,0.5114,33,0.1664,1602,Конечная точка в данных: получает от 1 плательщ. (20 тыс ₸); исходящих ≥5 тыс ₸ нет,3,False,False,1,0,1,0,2,0,19500.0,0.0,1.0,0.0,1,0,0,0,0.00031924,0.0,1,0,0,0.0,0.0,0.1612,0.0,
100000002938501100,peripheral,0.7344,4,0.1663,1603,"Периферия, явных признаков нет: получает от 1 плательщ. (8 тыс ₸); платит 1 получат. (5 тыс ₸); отдаёт дальше 60% полученного; повтор. маршрутов: 1",1,False,False,1,1,1,1,1,1,8395.0,5000.0,0.4044,0.0,1,0,0,1,0.00028647,1.794e-05,1,1,0,0.0,0.6476,0.0488,0.7537,
100000005888829100,peripheral,0.755,11,0.1663,1604,"Периферия, явных признаков нет: 4-е колено: исходящие не видны; получает от 1 плательщ. (197 тыс ₸)",4,False,True,0,0,1,0,1,0,197000.0,0.0,,0.0,1,0,0,0,0.00031149,0.0,1,0,0,0.0,,0.833,0.0,
100000001111763100,terminal,0.5053,35,0.1661,1605,Конечная точка в данных: получает от 1 плательщ. (17 тыс ₸); исходящих ≥5 тыс ₸ нет,1,False,False,1,1,1,0,1,0,17144.0,0.0,1.0,0.0,1,0,0,0,0.00028917,0.0,1,0,0,0.0,0.0,0.0977,0.0,
100000004491881100,terminal,0.5053,35,0.1661,1606,Конечная точка в данных: получает от 1 плательщ. (17 тыс ₸); исходящих ≥5 тыс ₸ нет,1,False,False,1,1,1,0,1,0,17144.0,0.0,1.0,0.0,1,0,0,0,0.00028917,0.0,1,0,0,0.0,0.0,0.0977,0.0,
100000008767925100,terminal,0.5053,35,0.1661,1607,Конечная точка в данных: получает от 1 плательщ. (17 тыс ₸); исходящих ≥5 тыс ₸ нет,1,False,False,1,1,1,0,1,0,17144.0,0.0,1.0,0.0,1,0,0,0,0.00028917,0.0,1,0,0,0.0,0.0,0.0977,0.0,
100000008749406100,terminal,0.5053,35,0.1661,1608,Конечная точка в данных: получает от 1 плательщ. (17 тыс ₸); исходящих ≥5 тыс ₸ нет,1,False,False,1,1,1,0,1,0,17144.0,0.0,1.0,0.0,1,0,0,0,0.00028917,0.0,1,0,0,0.0,0.0,0.0977,0.0,
100000001954903100,terminal,0.5339,31,0.1661,1609,Конечная точка в данных: получает от 1 плательщ. (27 тыс ₸); исходящих ≥5 тыс ₸ нет,2,False,False,1,0,1,0,1,0,27118.0,0.0,1.0,0.0,1,0,0,0,0.00029849,0.0,1,0,0,0.0,0.0,0.2386,0.0,
100000002529877100,peripheral,0.7468,11,0.1661,1610,"Периферия, явных признаков нет: 4-е колено: исходящие не видны; получает от 1 плательщ. (232 тыс ₸)",4,False,True,0,0,1,0,1,0,232000.0,0.0,,0.0,1,0,0,0,0.00030583,0.0,1,0,0,0.0,,0.851,0.0,
100000003166755100,terminal,0.5249,3,0.166,1611,Конечная точка в данных: получает от 1 плательщ. (24 тыс ₸); исходящих ≥5 тыс ₸ нет,2,False,False,1,0,1,0,1,0,24010.0,0.0,1.0,0.0,1,0,0,0,0.00028935,0.0,1,0,0,0.0,0.0,0.2017,0.0,
100000005328215100,terminal,0.5337,31,0.1659,1612,Конечная точка в данных: получает от 1 плательщ. (27 тыс ₸); исходящих ≥5 тыс ₸ нет,2,False,False,1,0,1,0,1,0,27000.0,0.0,1.0,0.0,1,0,0,0,0.00029843,0.0,1,0,0,0.0,0.0,0.2321,0.0,
100000008254576100,peripheral,0.7209,20,0.1659,1613,"Периферия, явных признаков нет: получает от 1 плательщ. (8 тыс ₸); платит 1 получат. (60 тыс ₸); отдаёт в 7.5 раза больше видимого входа",3,False,False,1,0,1,1,1,1,8000.0,60000.0,0.0,0.0,1,0,0,0,0.00029167,1.962e-05,1,0,0,0.0,0.6409,0.4632,0.8096,
100000005360814100,peripheral,0.7694,27,0.1659,1614,"Периферия, явных признаков нет: 4-е колено: исходящие не видны; получает от 1 плательщ. (144 тыс ₸)",4,False,True,0,0,1,0,3,0,144000.0,0.0,,0.0,1,0,0,0,0.00043369,0.0,0,0,0,0.0,,0.7901,0.0,
100000004798515100,peripheral,0.7521,29,0.1658,1615,"Периферия, явных признаков нет: 4-е колено: исходящие не видны; получает от 1 плательщ. (200 тыс ₸)",4,False,True,0,0,1,0,2,0,200000.0,0.0,,0.0,1,0,0,0,0.00036384,0.0,1,0,0,0.0,,0.8397,0.0,
100000004358004100,distributor,0.3991,37,0.1657,1616,"Признаки веерной раздачи: платит 11 получат. (981 тыс ₸); повтор. маршрутов: 20; seed, входящие занижены",0,True,False,0,0,0,11,0,17,0.0,980850.0,,0.0,0,11,0,20,0.00028557,0.0,0,7,3,0.0,0.9,0.7875,0.0,
100000006177176100,terminal,0.4793,4,0.1655,1617,Конечная точка в данных: получает от 1 плательщ. (9 тыс ₸); исходящих ≥5 тыс ₸ нет,1,False,False,1,1,1,0,1,0,8911.0,0.0,1.0,0.0,1,0,0,0,0.00028653,0.0,1,0,0,0.0,0.0,0.0106,0.0,
100000004825069100,terminal,0.5398,35,0.1653,1618,Конечная точка в данных: получает от 1 плательщ. (30 тыс ₸); исходящих ≥5 тыс ₸ нет,2,False,False,1,0,1,0,4,0,30000.0,0.0,1.0,0.0,1,0,0,0,0.00029576,0.0,1,0,0,0.0,0.0,0.2538,0.0,
100000006689603100,peripheral,0.7258,27,0.1653,1619,"Периферия, явных признаков нет: 4-е колено: исходящие не видны; получает от 1 плательщ. (400 тыс ₸)",4,False,True,0,0,1,0,2,0,400000.0,0.0,,0.0,1,0,0,0,0.00031239,0.0,1,0,0,0.0,,0.9255,0.0,
100000002214207100,peripheral,0.7898,37,0.1653,1620,"Периферия, явных признаков нет: 4-е колено: исходящие не видны; получает от 1 плательщ. (97 тыс ₸)",4,False,True,0,0,1,0,1,0,97000.0,0.0,,0.0,1,0,0,0,0.00069061,0.0,0,0,0,0.0,,0.7156,0.0,
100000007982728100,distributor,0.3653,13,0.1652,1621,"Признаки веерной раздачи: платит 8 получат. (1.8 млн ₸); повтор. маршрутов: 6; seed, входящие занижены",0,True,False,0,0,0,8,0,12,0.0,1804384.0,,0.0,0,1,0,6,0.00028557,0.0,0,5,3,0.0,0.8875,0.8875,0.0,
100000002516862100,peripheral,0.7993,3,0.1652,1622,"Периферия, явных признаков нет: 4-е колено: исходящие не видны; получает от 1 плательщ. (82 тыс ₸)",4,False,True,0,0,1,0,5,0,81710.0,0.0,,0.0,1,0,0,0,0.00034944,0.0,0,0,0,0.0,,0.6885,0.0,
100000004286573100,terminal,0.5041,29,0.165,1623,Конечная точка в данных: получает от 1 плательщ. (17 тыс ₸); исходящих ≥5 тыс ₸ нет,1,False,False,1,1,1,0,1,0,16590.0,0.0,1.0,0.0,1,0,0,0,0.00028832,0.0,1,0,0,0.0,0.0,0.0955,0.0,
100000002948492100,terminal,0.523,13,0.165,1624,Конечная точка в данных: получает от 1 плательщ. (24 тыс ₸); исходящих ≥5 тыс ₸ нет,3,False,False,1,0,1,0,1,0,23660.0,0.0,1.0,0.0,1,0,0,0,0.00029226,0.0,1,0,0,0.0,0.0,0.2081,0.0,
100000001389255100,terminal,0.5031,35,0.1644,1625,Конечная точка в данных: получает от 1 плательщ. (16 тыс ₸); исходящих ≥5 тыс ₸ нет,1,False,False,1,1,1,0,1,0,16136.0,0.0,1.0,0.0,1,0,0,0,0.00028896,0.0,1,0,0,0.0,0.0,0.0934,0.0,
100000005402643100,peripheral,0.738,31,0.1644,1626,"Периферия, явных признаков нет: получает от 1 плательщ. (128 тыс ₸); платит 1 получат. (90 тыс ₸); отдаёт дальше 70% полученного",2,False,False,1,0,1,1,1,1,127800.0,90000.0,0.2958,0.0,1,0,0,0,0.0002976,4e-07,1,0,0,0.0,0.5835,0.6963,0.6573,
100000002659265100,peripheral,0.7705,11,0.1644,1627,"Периферия, явных признаков нет: 4-е колено: исходящие не видны; получает от 1 плательщ. (141 тыс ₸)",4,False,True,0,0,1,0,1,0,141000.0,0.0,,0.0,1,0,0,0,0.0003197,0.0,1,0,0,0.0,,0.7856,0.0,
100000005636951100,peripheral,0.8414,13,0.1644,1628,"Периферия, явных признаков нет: 4-е колено: исходящие не видны; получает от 1 плательщ. (40 тыс ₸)",4,False,True,0,0,1,0,1,0,40000.0,0.0,,0.0,1,0,0,0,0.00063559,0.0,0,0,0,0.0,,0.5282,0.0,
100000002119762100,peripheral,0.8012,23,0.1643,1629,"Периферия, явных признаков нет: 4-е колено: исходящие не видны; получает от 1 плательщ. (77 тыс ₸)",4,False,True,0,0,1,0,6,0,77000.0,0.0,,0.0,1,0,0,0,0.00052952,0.0,0,0,0,0.0,,0.6817,0.0,
100000007999728100,terminal,0.5217,13,0.1642,1630,Конечная точка в данных: получает от 1 плательщ. (23 тыс ₸); исходящих ≥5 тыс ₸ нет,3,False,False,1,0,1,0,1,0,23250.0,0.0,1.0,0.0,1,0,0,0,0.00029214,0.0,1,0,0,0.0,0.0,0.203,0.0,
100000003338583100,terminal,0.5191,6,0.1642,1631,Конечная точка в данных: получает от 1 плательщ. (22 тыс ₸); исходящих ≥5 тыс ₸ нет,3,False,False,1,0,1,0,1,0,21765.0,0.0,1.0,0.0,1,0,0,0,0.00029016,0.0,1,0,0,0.0,0.0,0.1878,0.0,
100000002871199100,terminal,0.5215,13,0.164,1632,Конечная точка в данных: получает от 1 плательщ. (23 тыс ₸); исходящих ≥5 тыс ₸ нет,3,False,False,1,0,1,0,1,0,23186.0,0.0,1.0,0.0,1,0,0,0,0.00029212,0.0,1,0,0,0.0,0.0,0.2018,0.0,
100000004596284100,peripheral,0.8565,4,0.164,1633,"Периферия, явных признаков нет: 4-е колено: исходящие не видны; получает от 1 плательщ. (30 тыс ₸)",4,False,True,0,0,1,0,1,0,30000.0,0.0,,0.0,1,0,0,0,0.00059149,0.0,0,0,0,0.0,,0.4605,0.0,
100000006965162100,terminal,0.4878,12,0.1639,1634,Конечная точка в данных: получает от 1 плательщ. (10 тыс ₸); исходящих ≥5 тыс ₸ нет,3,False,False,1,0,1,0,1,0,10000.0,0.0,1.0,0.0,1,0,0,0,0.00030929,0.0,0,0,0,0.0,0.0,0.0457,0.0,
100000008708025100,terminal,0.4878,12,0.1639,1635,Конечная точка в данных: получает от 1 плательщ. (10 тыс ₸); исходящих ≥5 тыс ₸ нет,3,False,False,1,0,1,0,1,0,10000.0,0.0,1.0,0.0,1,0,0,0,0.00030929,0.0,0,0,0,0.0,0.0,0.0457,0.0,
100000001550419100,terminal,0.5212,13,0.1637,1636,Конечная точка в данных: получает от 1 плательщ. (23 тыс ₸); исходящих ≥5 тыс ₸ нет,3,False,False,1,0,1,0,1,0,23000.0,0.0,1.0,0.0,1,0,0,0,0.00029207,0.0,1,0,0,0.0,0.0,0.198,0.0,
100000000765628100,terminal,0.4701,4,0.1635,1637,Конечная точка в данных: получает от 1 плательщ. (5 тыс ₸); исходящих ≥5 тыс ₸ нет,2,False,False,1,0,1,0,1,0,5000.0,0.0,1.0,0.0,1,0,0,0,0.00031542,0.0,0,0,0,0.0,0.0,0.0,0.0,
100000008732098100,terminal,0.5017,35,0.1632,1638,Конечная точка в данных: получает от 1 плательщ. (16 тыс ₸); исходящих ≥5 тыс ₸ нет,1,False,False,1,1,1,0,1,0,15677.0,0.0,1.0,0.0,1,0,0,0,0.00028886,0.0,1,0,0,0.0,0.0,0.087,0.0,
100000008716773100,terminal,0.5017,35,0.1632,1639,Конечная точка в данных: получает от 1 плательщ. (16 тыс ₸); исходящих ≥5 тыс ₸ нет,1,False,False,1,1,1,0,1,0,15677.0,0.0,1.0,0.0,1,0,0,0,0.00028886,0.0,1,0,0,0.0,0.0,0.087,0.0,
100000001860090100,terminal,0.4701,21,0.1632,1640,Конечная точка в данных: получает от 1 плательщ. (5 тыс ₸); исходящих ≥5 тыс ₸ нет,3,False,False,1,0,1,0,1,0,5000.0,0.0,1.0,0.0,1,0,0,0,0.00037804,0.0,0,0,0,0.0,0.0,0.0,0.0,
100000008671081100,terminal,0.5482,34,0.1632,1641,Конечная точка в данных: получает от 1 плательщ. (37 тыс ₸); исходящих ≥5 тыс ₸ нет,3,False,False,1,0,1,0,1,0,37200.0,0.0,1.0,0.0,1,0,0,0,0.00029138,0.0,1,0,0,0.0,0.0,0.3274,0.0,
100000001969496100,terminal,0.5206,13,0.1631,1642,Конечная точка в данных: получает от 1 плательщ. (23 тыс ₸); исходящих ≥5 тыс ₸ нет,3,False,False,1,0,1,0,1,0,22740.0,0.0,1.0,0.0,1,0,0,0,0.000292,0.0,1,0,0,0.0,0.0,0.1942,0.0,
100000002369510100,terminal,0.5481,34,0.1631,1643,Конечная точка в данных: получает от 1 плательщ. (37 тыс ₸); исходящих ≥5 тыс ₸ нет,3,False,False,1,0,1,0,1,0,37150.0,0.0,1.0,0.0,1,0,0,0,0.00029137,0.0,1,0,0,0.0,0.0,0.3249,0.0,
100000008749405100,terminal,0.5481,34,0.1631,1644,Конечная точка в данных: получает от 1 плательщ. (37 тыс ₸); исходящих ≥5 тыс ₸ нет,3,False,False,1,0,1,0,1,0,37150.0,0.0,1.0,0.0,1,0,0,0,0.00029137,0.0,1,0,0,0.0,0.0,0.3249,0.0,
100000006756956100,peripheral,0.7769,3,0.1631,1645,"Периферия, явных признаков нет: 4-е колено: исходящие не видны; получает от 1 плательщ. (121 тыс ₸)",4,False,True,0,0,1,0,9,0,121200.0,0.0,,0.0,1,0,0,0,0.00031095,0.0,1,0,0,0.0,,0.772,0.0,
100000000955444100,terminal,0.4751,19,0.163,1646,Конечная точка в данных: получает от 1 плательщ. (7 тыс ₸); исходящих ≥5 тыс ₸ нет,2,False,False,1,0,1,0,1,0,6910.0,0.0,1.0,0.0,1,0,0,0,0.00035253,0.0,0,0,0,0.0,0.0,0.0217,0.0,
100000001953577100,terminal,0.5015,35,0.1629,1647,Конечная точка в данных: получает от 1 плательщ. (16 тыс ₸); исходящих ≥5 тыс ₸ нет,1,False,False,1,1,1,0,1,0,15600.0,0.0,1.0,0.0,1,0,0,0,0.00028884,0.0,1,0,0,0.0,0.0,0.0849,0.0,
100000002095257100,terminal,0.4789,29,0.1629,1648,Конечная точка в данных: получает от 1 плательщ. (8 тыс ₸); исходящих ≥5 тыс ₸ нет,3,False,False,1,0,1,0,1,0,8500.0,0.0,1.0,0.0,1,0,0,0,0.00039673,0.0,0,0,0,0.0,0.0,0.0343,0.0,
100000008673001100,terminal,0.5849,15,0.1628,1649,"Конечная точка в данных: получает от 1 плательщ. (80 тыс ₸); исходящих ≥5 тыс ₸ нет; seed, входящие занижены",0,True,False,1,1,1,0,1,0,80000.0,0.0,,0.0,1,0,0,0,0.00046898,0.0,0,0,0,0.525,0.0,0.45,0.0,
100000008672162100,terminal,0.5013,35,0.1627,1650,Конечная точка в данных: получает от 1 плательщ. (16 тыс ₸); исходящих ≥5 тыс ₸ нет,1,False,False,1,1,1,0,1,0,15550.0,0.0,1.0,0.0,1,0,0,0,0.00028883,0.0,1,0,0,0.0,0.0,0.0828,0.0,
100000008670667100,terminal,0.5011,35,0.1626,1651,Конечная точка в данных: получает от 1 плательщ. (16 тыс ₸); исходящих ≥5 тыс ₸ нет,1,False,False,1,1,1,0,1,0,15534.0,0.0,1.0,0.0,1,0,0,0,0.00028883,0.0,1,0,0,0.0,0.0,0.0743,0.0,
100000008720798100,terminal,0.5011,35,0.1626,1652,Конечная точка в данных: получает от 1 плательщ. (16 тыс ₸); исходящих ≥5 тыс ₸ нет,1,False,False,1,1,1,0,1,0,15534.0,0.0,1.0,0.0,1,0,0,0,0.00028883,0.0,1,0,0,0.0,0.0,0.0743,0.0,
100000004497606100,terminal,0.5011,35,0.1626,1653,Конечная точка в данных: получает от 1 плательщ. (16 тыс ₸); исходящих ≥5 тыс ₸ нет,1,False,False,1,1,1,0,1,0,15534.0,0.0,1.0,0.0,1,0,0,0,0.00028883,0.0,1,0,0,0.0,0.0,0.0743,0.0,
100000008718089100,terminal,0.5011,35,0.1626,1654,Конечная точка в данных: получает от 1 плательщ. (16 тыс ₸); исходящих ≥5 тыс ₸ нет,1,False,False,1,1,1,0,1,0,15534.0,0.0,1.0,0.0,1,0,0,0,0.00028883,0.0,1,0,0,0.0,0.0,0.0743,0.0,
100000002194329100,terminal,0.5541,30,0.1626,1655,Конечная точка в данных: деньги от 2 seed; получает от 1 плательщ. (25 тыс ₸); исходящих ≥5 тыс ₸ нет,3,False,False,2,0,1,0,1,0,25170.0,0.0,1.0,0.0,1,0,0,0,0.00028699,0.0,1,0,0,0.0,0.0,0.236,0.0,
100000008283183100,terminal,0.5359,35,0.1625,1656,Конечная точка в данных: получает от 1 плательщ. (29 тыс ₸); исходящих ≥5 тыс ₸ нет,2,False,False,1,0,1,0,1,0,29000.0,0.0,1.0,0.0,1,0,0,0,0.00029542,0.0,1,0,0,0.0,0.0,0.2451,0.0,
100000004321983100,peripheral,0.7639,21,0.1625,1657,"Периферия, явных признаков нет: получает от 1 плательщ. (11 тыс ₸); платит 2 получат. (36 тыс ₸); отдаёт в 3.3 раза больше видимого входа",3,False,False,1,0,1,2,1,3,10840.0,36200.0,0.0,0.0,1,0,0,0,0.00032378,1.39e-06,1,1,0,0.0,0.8363,0.3832,0.6992,
100000008695133100,terminal,0.5474,34,0.1625,1658,Конечная точка в данных: получает от 1 плательщ. (37 тыс ₸); исходящих ≥5 тыс ₸ нет,3,False,False,1,0,1,0,1,0,36610.0,0.0,1.0,0.0,1,0,0,0,0.00029128,0.0,1,0,0,0.0,0.0,0.3211,0.0,
100000004326224100,peripheral,0.8136,23,0.1625,1659,"Периферия, явных признаков нет: 4-е колено: исходящие не видны; получает от 1 плательщ. (60 тыс ₸)",4,False,True,0,0,1,0,1,0,60000.0,0.0,,0.0,1,0,0,0,0.00053488,0.0,0,0,0,0.0,,0.6298,0.0,
100000006919124100,terminal,0.5539,30,0.1624,1660,Конечная точка в данных: деньги от 2 seed; получает от 1 плательщ. (25 тыс ₸); исходящих ≥5 тыс ₸ нет,3,False,False,2,0,1,0,1,0,25000.0,0.0,1.0,0.0,1,0,0,0,0.00028698,0.0,1,0,0,0.0,0.0,0.2234,0.0,
100000006522972100,terminal,0.4809,3,0.1624,1661,Конечная точка в данных: получает от 1 плательщ. (10 тыс ₸); исходящих ≥5 тыс ₸ нет,3,False,False,1,0,1,0,1,0,9515.0,0.0,1.0,0.0,1,0,0,0,0.00030331,0.0,1,0,0,0.0,0.0,0.0431,0.0,
100000002242066100,peripheral,0.8136,20,0.1624,1662,"Периферия, явных признаков нет: 4-е колено: исходящие не видны; получает от 1 плательщ. (60 тыс ₸)",4,False,True,0,0,1,0,1,0,60000.0,0.0,,0.0,1,0,0,0,0.00053378,0.0,0,0,0,0.0,,0.6298,0.0,
100000005588444100,terminal,0.4921,17,0.1622,1663,Конечная точка в данных: получает от 1 плательщ. (12 тыс ₸); исходящих ≥5 тыс ₸ нет,1,False,False,1,1,1,0,1,0,12300.0,0.0,1.0,0.0,1,0,0,0,0.00028627,0.0,1,0,0,0.0,0.0,0.0403,0.0,
100000003188607100,peripheral,0.8567,17,0.1622,1664,"Периферия, явных признаков нет: получает от 1 плательщ. (18 тыс ₸); платит 1 получат. (5 тыс ₸); отдаёт дальше 28% полученного; повтор. маршрутов: 1",2,False,False,1,0,1,1,1,1,18000.0,5000.0,0.7222,0.0,1,0,0,1,0.00031476,5.9e-07,1,0,0,0.0,0.5835,0.1822,0.6703,
100000005127767100,terminal,0.4762,32,0.1622,1665,Конечная точка в данных: получает от 1 плательщ. (7 тыс ₸); исходящих ≥5 тыс ₸ нет,3,False,False,1,0,1,0,1,0,7000.0,0.0,1.0,0.0,1,0,0,0,0.00042253,0.0,0,0,0,0.0,0.0,0.0254,0.0,
100000007737775100,terminal,0.4735,1,0.162,1666,Конечная точка в данных: получает от 1 плательщ. (6 тыс ₸); исходящих ≥5 тыс ₸ нет,3,False,False,1,0,1,0,1,0,6000.0,0.0,1.0,0.0,1,0,0,0,0.00030313,0.0,0,0,0,0.0,0.0,0.0152,0.0,
100000007631637100,terminal,0.5005,35,0.1619,1667,Конечная точка в данных: получает от 1 плательщ. (15 тыс ₸); исходящих ≥5 тыс ₸ нет,1,False,False,1,1,1,0,1,0,15341.0,0.0,1.0,0.0,1,0,0,0,0.00028879,0.0,1,0,0,0.0,0.0,0.0722,0.0,
100000007005380100,terminal,0.4805,3,0.1619,1668,Конечная точка в данных: получает от 1 плательщ. (9 тыс ₸); исходящих ≥5 тыс ₸ нет,3,False,False,1,0,1,0,1,0,9400.0,0.0,1.0,0.0,1,0,0,0,0.0003031,0.0,1,0,0,0.0,0.0,0.0406,0.0,
100000003622955100,peripheral,0.9,0,0.1619,1669,"Периферия, явных признаков нет: 4-е колено: исходящие не видны; получает от 1 плательщ. (15 тыс ₸)",4,False,True,0,0,1,0,1,0,15000.0,0.0,,0.0,1,0,0,0,0.00133426,0.0,0,0,0,0.0,,0.2731,0.0,
100000003594472100,terminal,0.5167,18,0.1618,1670,Конечная точка в данных: получает от 1 плательщ. (20 тыс ₸); исходящих ≥5 тыс ₸ нет,3,False,False,1,0,1,0,1,0,20000.0,0.0,1.0,0.0,1,0,0,0,0.00029445,0.0,1,0,0,0.0,0.0,0.1624,0.0,
100000000943371100,terminal,0.5257,42,0.1617,1671,Конечная точка в данных: деньги от 2 seed; получает от 1 плательщ. (16 тыс ₸); исходящих ≥5 тыс ₸ нет,2,False,False,2,0,1,0,1,0,15500.0,0.0,1.0,0.0,1,0,0,0,0.00030598,0.0,0,0,0,0.0,0.0,0.115,0.0,
100000003631015100,peripheral,0.741,30,0.1617,1672,"Периферия, явных признаков нет: 4-е колено: исходящие не видны; получает от 1 плательщ. (266 тыс ₸)",4,False,True,0,0,1,0,1,0,266000.0,0.0,,0.0,1,0,0,0,0.00032225,0.0,1,0,0,0.0,,0.8736,0.0,
100000004350094100,peripheral,0.8854,2,0.1615,1673,"Периферия, явных признаков нет: 4-е колено: исходящие не видны; получает от 1 плательщ. (20 тыс ₸)",4,False,True,0,0,1,0,1,0,20000.0,0.0,,0.0,1,0,0,0,0.00089395,0.0,0,0,0,0.0,,0.3454,0.0,
100000000968253100,terminal,0.5001,35,0.1614,1674,Конечная точка в данных: получает от 1 плательщ. (15 тыс ₸); исходящих ≥5 тыс ₸ нет,1,False,False,1,1,1,0,1,0,15000.0,0.0,1.0,0.0,1,0,0,0,0.00028872,0.0,1,0,0,0.0,0.0,0.0679,0.0,
100000006912294100,peripheral,0.7825,31,0.1613,1675,"Периферия, явных признаков нет: получает от 1 плательщ. (6 тыс ₸); платит 2 получат. (30 тыс ₸); отдаёт в 4.7 раза больше видимого входа",2,False,False,1,0,1,2,1,2,6335.09,30000.0,0.0,0.0,1,0,0,0,0.00049892,5.9e-07,1,1,0,0.0,0.7614,0.3124,0.6703,
100000007289427100,terminal,0.4921,37,0.1612,1676,Конечная точка в данных: получает от 1 плательщ. (12 тыс ₸); исходящих ≥5 тыс ₸ нет,2,False,False,1,0,1,0,1,0,12300.0,0.0,1.0,0.0,1,0,0,0,0.00037363,0.0,0,0,0,0.0,0.0,0.0846,0.0,
100000004629688100,peripheral,0.8,4,0.161,1677,"Периферия, явных признаков нет: получает от 1 плательщ. (5 тыс ₸); платит 1 получат. (15 тыс ₸); отдаёт в 3.0 раза больше видимого входа",3,False,False,1,0,1,1,1,2,5000.0,15000.0,0.0,0.0,1,1,0,0,0.00038797,0.0,0,0,0,0.0,0.6409,0.1624,0.0,
100000008633099100,peripheral,0.7909,3,0.1609,1678,"Периферия, явных признаков нет: получает от 1 плательщ. (19 тыс ₸); платит 1 получат. (14 тыс ₸); отдаёт дальше 69% полученного",3,False,False,1,0,1,1,1,1,19468.0,13500.0,0.3066,0.0,1,0,0,0,0.00029196,1.922e-05,1,0,0,0.0,0.6409,0.3033,0.7297,
100000004891562100,peripheral,0.784,16,0.1608,1679,"Периферия, явных признаков нет: 4-е колено: исходящие не видны; получает от 1 плательщ. (103 тыс ₸)",4,False,True,0,0,1,0,1,0,103400.0,0.0,,0.0,1,0,0,0,0.0003409,0.0,1,0,0,0.0,,0.7427,0.0,
100000005055454100,terminal,0.4744,36,0.1607,1680,Конечная точка в данных: получает от 1 плательщ. (6 тыс ₸); исходящих ≥5 тыс ₸ нет,3,False,False,1,0,1,0,1,0,6500.0,0.0,1.0,0.0,1,0,0,0,0.00050598,0.0,0,0,0,0.0,0.0,0.0241,0.0,
100000008343415100,peripheral,0.7851,27,0.1607,1681,"Периферия, явных признаков нет: 4-е колено: исходящие не видны; получает от 1 плательщ. (100 тыс ₸)",4,False,True,0,0,1,0,3,0,100000.0,0.0,,0.0,1,0,0,0,0.00043399,0.0,1,0,0,0.0,,0.7201,0.0,
100000005409680100,terminal,0.6362,15,0.1606,1682,"Конечная точка в данных: деньги от 2 seed; получает от 2 плательщ. (55 тыс ₸); исходящих ≥5 тыс ₸ нет; seed, входящие занижены",0,True,False,2,0,2,0,2,0,55060.0,0.0,,0.0,1,0,0,0,0.00063353,0.0,0,0,0,0.7,0.0,0.4125,0.0,
100000008680731100,distributor,0.6762,29,0.1605,1683,"Признаки веерной раздачи: платит 27 получат. (1.5 млн ₸); seed, входящие занижены",0,True,False,0,0,0,27,0,28,0.0,1464354.0,,0.0,0,0,0,0,0.00028557,0.0,0,7,4,0.0,0.925,0.8375,0.0,
100000001308856100,terminal,0.5337,35,0.1603,1684,Конечная точка в данных: получает от 1 плательщ. (27 тыс ₸); исходящих ≥5 тыс ₸ нет,2,False,False,1,0,1,0,1,0,27000.0,0.0,1.0,0.0,1,0,0,0,0.00029474,0.0,1,0,0,0.0,0.0,0.2321,0.0,
100000007749747100,peripheral,0.8241,11,0.1603,1685,"Периферия, явных признаков нет: 4-е колено: исходящие не видны; получает от 1 плательщ. (50 тыс ₸)",4,False,True,0,0,1,0,1,0,50000.0,0.0,,0.0,1,0,0,0,0.00044362,0.0,0,0,0,0.0,,0.5937,0.0,
100000004676985100,peripheral,0.7615,30,0.1601,1686,"Периферия, явных признаков нет: деньги от 2 seed; получает от 1 плательщ. (32 тыс ₸); платит 1 получат. (27 тыс ₸); отдаёт дальше 84% полученного",3,False,False,2,0,1,1,1,1,32260.0,27102.0,0.1599,0.0,1,0,0,0,0.00028739,1.922e-05,1,0,0,0.0,0.6409,0.4429,0.7297,
100000002229615100,peripheral,0.8701,9,0.16,1687,"Периферия, явных признаков нет: 4-е колено: исходящие не видны; получает от 1 плательщ. (25 тыс ₸)",4,False,True,0,0,1,0,1,0,25000.0,0.0,,0.0,1,0,0,0,0.0007185,0.0,0,0,0,0.0,,0.4266,0.0,
100000006888238100,peripheral,0.7913,43,0.1599,1688,"Периферия, явных признаков нет: получает от 1 плательщ. (18 тыс ₸); платит 1 получат. (30 тыс ₸); отдаёт в 1.7 раза больше видимого входа",2,False,False,1,0,1,1,1,1,18000.0,30000.0,0.0,0.0,1,0,0,0,0.00060975,4e-07,0,0,0,0.0,0.5835,0.3514,0.6573,
100000000600707100,peripheral,0.7952,37,0.1599,1689,"Периферия, явных признаков нет: 4-е колено: исходящие не видны; получает от 1 плательщ. (89 тыс ₸)",4,False,True,0,0,1,0,2,0,89000.0,0.0,,0.0,1,0,0,0,0.00057016,0.0,0,0,0,0.0,,0.6998,0.0,
100000004976946100,peripheral,0.7437,30,0.1598,1690,"Периферия, явных признаков нет: 4-е колено: исходящие не видны; получает от 1 плательщ. (246 тыс ₸)",4,False,True,0,0,1,0,1,0,246000.0,0.0,,0.0,1,0,0,0,0.00031949,0.0,1,0,0,0.0,,0.8646,0.0,
100000008667799100,terminal,0.5443,34,0.1596,1691,Конечная точка в данных: получает от 1 плательщ. (34 тыс ₸); исходящих ≥5 тыс ₸ нет,3,False,False,1,0,1,0,1,0,34000.0,0.0,1.0,0.0,1,0,0,0,0.00029088,0.0,1,0,0,0.0,0.0,0.3084,0.0,
100000008667795100,terminal,0.5443,34,0.1596,1692,Конечная точка в данных: получает от 1 плательщ. (34 тыс ₸); исходящих ≥5 тыс ₸ нет,3,False,False,1,0,1,0,1,0,34000.0,0.0,1.0,0.0,1,0,0,0,0.00029088,0.0,1,0,0,0.0,0.0,0.3084,0.0,
100000008776576100,terminal,0.4969,35,0.1595,1693,Конечная точка в данных: получает от 1 плательщ. (15 тыс ₸); исходящих ≥5 тыс ₸ нет,1,False,False,1,1,1,0,1,0,14765.0,0.0,1.0,0.0,1,0,0,0,0.00028867,0.0,1,0,0,0.0,0.0,0.0658,0.0,
100000008416433100,terminal,0.5167,13,0.1594,1694,Конечная точка в данных: получает от 1 плательщ. (20 тыс ₸); исходящих ≥5 тыс ₸ нет,3,False,False,1,0,1,0,1,0,20000.0,0.0,1.0,0.0,1,0,0,0,0.00029122,0.0,1,0,0,0.0,0.0,0.1624,0.0,
100000002546921100,terminal,0.5167,13,0.1594,1695,Конечная точка в данных: получает от 1 плательщ. (20 тыс ₸); исходящих ≥5 тыс ₸ нет,3,False,False,1,0,1,0,1,0,20000.0,0.0,1.0,0.0,1,0,0,0,0.00029122,0.0,1,0,0,0.0,0.0,0.1624,0.0,
100000008682426100,terminal,0.5167,13,0.1594,1696,Конечная точка в данных: получает от 1 плательщ. (20 тыс ₸); исходящих ≥5 тыс ₸ нет,3,False,False,1,0,1,0,1,0,20000.0,0.0,1.0,0.0,1,0,0,0,0.00029122,0.0,1,0,0,0.0,0.0,0.1624,0.0,
100000002992171100,terminal,0.4967,35,0.1592,1697,Конечная точка в данных: получает от 1 плательщ. (15 тыс ₸); исходящих ≥5 тыс ₸ нет,1,False,False,1,1,1,0,1,0,14627.0,0.0,1.0,0.0,1,0,0,0,0.00028864,0.0,1,0,0,0.0,0.0,0.0594,0.0,
100000008755361100,terminal,0.4967,35,0.1592,1698,Конечная точка в данных: получает от 1 плательщ. (15 тыс ₸); исходящих ≥5 тыс ₸ нет,1,False,False,1,1,1,0,1,0,14627.0,0.0,1.0,0.0,1,0,0,0,0.00028864,0.0,1,0,0,0.0,0.0,0.0594,0.0,
100000008717341100,terminal,0.4967,35,0.1592,1699,Конечная точка в данных: получает от 1 плательщ. (15 тыс ₸); исходящих ≥5 тыс ₸ нет,1,False,False,1,1,1,0,1,0,14627.0,0.0,1.0,0.0,1,0,0,0,0.00028864,0.0,1,0,0,0.0,0.0,0.0594,0.0,
100000001298099100,terminal,0.5109,13,0.1592,1700,Конечная точка в данных: получает от 1 плательщ. (19 тыс ₸); исходящих ≥5 тыс ₸ нет,3,False,False,1,0,1,0,1,0,19000.0,0.0,1.0,0.0,1,0,0,0,0.00029265,0.0,1,0,0,0.0,0.0,0.1586,0.0,
100000004765639100,peripheral,0.5545,39,0.1591,1701,"Периферия, явных признаков нет: получает от 1 плательщ. (5 тыс ₸); платит 2 получат. (11 тыс ₸); отдаёт в 2.2 раза больше видимого входа; 55% уходит ≤2 дн. после поступления",2,False,False,1,0,1,2,1,2,5000.0,11000.0,0.0,0.5455,1,0,0,0,0.00036186,0.0,1,1,0,0.0,0.7614,0.1171,0.0,
100000008734364100,terminal,0.5323,35,0.159,1702,Конечная точка в данных: получает от 1 плательщ. (26 тыс ₸); исходящих ≥5 тыс ₸ нет,2,False,False,1,0,1,0,1,0,26200.0,0.0,1.0,0.0,1,0,0,0,0.00029447,0.0,1,0,0,0.0,0.0,0.2256,0.0,
100000008656043100,terminal,0.5323,35,0.159,1703,Конечная точка в данных: получает от 1 плательщ. (26 тыс ₸); исходящих ≥5 тыс ₸ нет,2,False,False,1,0,1,0,1,0,26200.0,0.0,1.0,0.0,1,0,0,0,0.00029447,0.0,1,0,0,0.0,0.0,0.2256,0.0,
100000004435304100,terminal,0.5323,35,0.159,1704,Конечная точка в данных: получает от 1 плательщ. (26 тыс ₸); исходящих ≥5 тыс ₸ нет,2,False,False,1,0,1,0,1,0,26200.0,0.0,1.0,0.0,1,0,0,0,0.00029447,0.0,1,0,0,0.0,0.0,0.2256,0.0,
100000008695566100,terminal,0.5435,34,0.159,1705,Конечная точка в данных: получает от 1 плательщ. (34 тыс ₸); исходящих ≥5 тыс ₸ нет,3,False,False,1,0,1,0,1,0,33700.0,0.0,1.0,0.0,1,0,0,0,0.00029083,0.0,1,0,0,0.0,0.0,0.3058,0.0,
100000004467157100,peripheral,0.8,12,0.1589,1706,"Периферия, явных признаков нет: получает от 1 плательщ. (20 тыс ₸); платит 1 получат. (7 тыс ₸); отдаёт дальше 35% полученного",2,False,False,1,0,1,1,3,1,20000.0,7000.0,0.65,0.0,1,0,0,0,0.00038656,0.0,1,1,0,0.0,0.5835,0.2321,0.0,
100000005265073100,peripheral,0.7109,1,0.1589,1707,"Периферия, явных признаков нет: получает от 1 плательщ. (5 тыс ₸); платит 1 получат. (9 тыс ₸); отдаёт в 1.8 раза больше видимого входа",3,False,False,1,0,1,1,1,1,5000.0,9000.0,0.0,0.0,1,0,0,0,0.00029913,2.1e-05,1,0,0,0.0,0.6409,0.0876,0.8401,
100000001248999100,terminal,0.5219,10,0.1589,1708,Конечная точка в данных: получает от 1 плательщ. (23 тыс ₸); исходящих ≥5 тыс ₸ нет,3,False,False,1,0,1,0,1,0,23425.0,0.0,1.0,0.0,1,0,0,0,0.00028926,0.0,1,0,0,0.0,0.0,0.2043,0.0,
100000002752565100,peripheral,0.8163,2,0.1589,1709,"Периферия, явных признаков нет: 4-е колено: исходящие не видны; получает от 1 плательщ. (57 тыс ₸)",4,False,True,0,0,1,0,1,0,57000.0,0.0,,0.0,1,0,0,0,0.00033824,0.0,1,0,0,0.0,,0.6208,0.0,
100000006989232100,terminal,0.5199,2,0.1585,1710,Конечная точка в данных: получает от 1 плательщ. (22 тыс ₸); исходящих ≥5 тыс ₸ нет,3,False,False,1,0,1,0,1,0,22194.0,0.0,1.0,0.0,1,0,0,0,0.00028754,0.0,1,0,0,0.0,0.0,0.1891,0.0,
100000003232675100,peripheral,0.8379,3,0.1583,1711,"Периферия, явных признаков нет: 4-е колено: исходящие не видны; получает от 1 плательщ. (44 тыс ₸)",4,False,True,0,0,1,0,2,0,44000.0,0.0,,0.0,1,0,0,0,0.00040104,0.0,1,0,0,0.0,,0.553,0.0,
100000002830055100,terminal,0.4958,35,0.1582,1712,Конечная точка в данных: получает от 1 плательщ. (14 тыс ₸); исходящих ≥5 тыс ₸ нет,1,False,False,1,1,1,0,1,0,14000.0,0.0,1.0,0.0,1,0,0,0,0.00028851,0.0,1,0,0,0.0,0.0,0.0552,0.0,
100000008663007100,terminal,0.4958,35,0.1582,1713,Конечная точка в данных: получает от 1 плательщ. (14 тыс ₸); исходящих ≥5 тыс ₸ нет,1,False,False,1,1,1,0,1,0,14000.0,0.0,1.0,0.0,1,0,0,0,0.00028851,0.0,1,0,0,0.0,0.0,0.0552,0.0,
100000002893020100,terminal,0.5099,13,0.1582,1714,Конечная точка в данных: получает от 1 плательщ. (18 тыс ₸); исходящих ≥5 тыс ₸ нет,3,False,False,1,0,1,0,1,0,18340.0,0.0,1.0,0.0,1,0,0,0,0.0002924,0.0,1,0,0,0.0,0.0,0.1548,0.0,
100000005172860100,terminal,0.5004,3,0.1582,1715,Конечная точка в данных: получает от 1 плательщ. (15 тыс ₸); исходящих ≥5 тыс ₸ нет,3,False,False,1,0,1,0,1,0,15209.2,0.0,1.0,0.0,1,0,0,0,0.0002918,0.0,1,0,0,0.0,0.0,0.1079,0.0,
100000008735802100,peripheral,0.797,30,0.1581,1716,"Периферия, явных признаков нет: 4-е колено: исходящие не видны; получает от 1 плательщ. (85 тыс ₸)",4,False,True,0,0,1,0,2,0,85000.0,0.0,,0.0,1,0,0,0,0.0005087,0.0,0,0,0,0.0,,0.693,0.0,
100000003943483100,terminal,0.4878,29,0.1579,1717,Конечная точка в данных: получает от 1 плательщ. (10 тыс ₸); исходящих ≥5 тыс ₸ нет,2,False,False,1,0,1,0,1,0,10000.0,0.0,1.0,0.0,1,0,0,0,0.00032896,0.0,1,0,0,0.0,0.0,0.0347,0.0,
100000000634341100,peripheral,0.8752,2,0.1579,1718,"Периферия, явных признаков нет: 4-е колено: исходящие не видны; получает от 1 плательщ. (24 тыс ₸)",4,False,True,0,0,1,0,2,0,24000.0,0.0,,0.0,1,0,0,0,0.00055494,0.0,0,0,0,0.0,,0.4176,0.0,
100000004030553100,peripheral,0.8063,27,0.1578,1719,"Периферия, явных признаков нет: 4-е колено: исходящие не видны; получает от 1 плательщ. (70 тыс ₸)",4,False,True,0,0,1,0,1,0,70000.0,0.0,,0.0,1,0,0,0,0.00053083,0.0,0,0,0,0.0,,0.6591,0.0,
100000001273783100,terminal,0.5216,31,0.1577,1720,Конечная точка в данных: получает от 1 плательщ. (23 тыс ₸); исходящих ≥5 тыс ₸ нет,2,False,False,1,0,1,0,1,0,23200.0,0.0,1.0,0.0,1,0,0,0,0.00029662,0.0,1,0,0,0.0,0.0,0.1866,0.0,
100000004400361100,terminal,0.5128,9,0.1577,1721,Конечная точка в данных: деньги от 2 seed; получает от 1 плательщ. (10 тыс ₸); исходящих ≥5 тыс ₸ нет,2,False,False,2,0,1,0,1,0,10000.0,0.0,1.0,0.0,1,0,0,0,0.00028723,0.0,1,0,0,0.0,0.0,0.0347,0.0,
100000001716579100,terminal,0.4949,35,0.1576,1722,Конечная точка в данных: получает от 1 плательщ. (14 тыс ₸); исходящих ≥5 тыс ₸ нет,1,False,False,1,1,1,0,1,0,13916.0,0.0,1.0,0.0,1,0,0,0,0.00028849,0.0,1,0,0,0.0,0.0,0.0531,0.0,
100000005730108100,terminal,0.4782,30,0.1575,1723,Конечная точка в данных: получает от 1 плательщ. (8 тыс ₸); исходящих ≥5 тыс ₸ нет,2,False,False,1,0,1,0,1,0,8000.0,0.0,1.0,0.0,1,0,0,0,0.00035866,0.0,1,0,0,0.0,0.0,0.0282,0.0,
100000007333038100,peripheral,0.7733,16,0.1575,1724,"Периферия, явных признаков нет: получает от 1 плательщ. (18 тыс ₸); платит 2 получат. (35 тыс ₸); отдаёт в 2.0 раза больше видимого входа",3,False,False,1,0,1,2,1,2,17500.0,34994.0,0.0,0.0,1,0,0,0,0.00029969,1.59e-06,1,0,0,0.0,0.8363,0.4201,0.7056,
100000004611571100,terminal,0.5455,30,0.1575,1725,Конечная точка в данных: деньги от 2 seed; получает от 1 плательщ. (23 тыс ₸); исходящих ≥5 тыс ₸ нет,3,False,False,2,0,1,0,1,0,22550.0,0.0,1.0,0.0,1,0,0,0,0.00028684,0.0,1,0,0,0.0,0.0,0.1929,0.0,
100000004553349100,terminal,0.4771,3,0.1574,1726,Конечная точка в данных: получает от 1 плательщ. (8 тыс ₸); исходящих ≥5 тыс ₸ нет,3,False,False,1,0,1,0,1,0,7755.0,0.0,1.0,0.0,1,0,0,0,0.00030003,0.0,1,0,0,0.0,0.0,0.0305,0.0,
100000003447411100,peripheral,0.7348,27,0.1573,1727,"Периферия, явных признаков нет: 4-е колено: исходящие не видны; получает от 1 плательщ. (302 тыс ₸)",4,False,True,0,0,1,0,3,0,302000.0,0.0,,0.0,1,0,0,0,0.00030582,0.0,1,0,0,0.0,,0.9029,0.0,
100000003345947100,peripheral,0.8006,27,0.1573,1728,"Периферия, явных признаков нет: 4-е колено: исходящие не видны; получает от 1 плательщ. (80 тыс ₸)",4,False,True,0,0,1,0,6,0,79500.0,0.0,,0.0,1,0,0,0,0.00049477,0.0,1,0,0,0.0,,0.684,0.0,
100000004403641100,peripheral,0.761,11,0.1573,1729,"Периферия, явных признаков нет: 4-е колено: исходящие не видны; получает от 1 плательщ. (172 тыс ₸)",4,False,True,0,0,1,0,1,0,171500.0,0.0,,0.0,1,0,0,0,0.00030055,0.0,1,0,0,0.0,,0.8194,0.0,
100000005979037100,peripheral,0.8134,2,0.1573,1730,"Периферия, явных признаков нет: 4-е колено: исходящие не видны; получает от 1 плательщ. (60 тыс ₸)",4,False,True,0,0,1,0,1,0,60300.0,0.0,,0.0,1,0,0,0,0.00032485,0.0,0,0,0,0.0,,0.6479,0.0,
100000006490615100,peripheral,0.8395,3,0.1571,1731,"Периферия, явных признаков нет: 4-е колено: исходящие не видны; получает от 1 плательщ. (42 тыс ₸)",4,False,True,0,0,1,0,6,0,41600.0,0.0,,0.0,1,0,0,0,0.00039475,0.0,1,0,0,0.0,,0.5463,0.0,
100000005205745100,terminal,0.4735,13,0.157,1732,Конечная точка в данных: получает от 1 плательщ. (6 тыс ₸); исходящих ≥5 тыс ₸ нет,2,False,False,1,0,1,0,1,0,6000.0,0.0,1.0,0.0,1,0,0,0,0.00031226,0.0,1,0,0,0.0,0.0,0.0152,0.0,
100000004493586100,terminal,0.4767,3,0.157,1733,Конечная точка в данных: получает от 1 плательщ. (8 тыс ₸); повтор. маршрутов: 1; исходящих ≥5 тыс ₸ нет,3,False,False,1,0,1,0,1,0,7500.0,0.0,1.0,0.0,1,0,0,1,0.00028864,0.0,1,0,0,0.0,0.0,0.0279,0.0,
100000003782913100,peripheral,0.7521,13,0.157,1734,"Периферия, явных признаков нет: 4-е колено: исходящие не видны; получает от 1 плательщ. (200 тыс ₸)",4,False,True,0,0,1,0,1,0,200000.0,0.0,,0.0,1,0,0,0,0.0002994,0.0,1,0,0,0.0,,0.8397,0.0,
100000002734815100,peripheral,0.7807,11,0.1569,1735,"Периферия, явных признаков нет: 4-е колено: исходящие не видны; получает от 1 плательщ. (110 тыс ₸)",4,False,True,0,0,1,0,1,0,110000.0,0.0,,0.0,1,0,0,0,0.0003122,0.0,1,0,0,0.0,,0.754,0.0,
100000002695812100,peripheral,0.7904,13,0.1568,1736,"Периферия, явных признаков нет: 4-е колено: исходящие не видны; получает от 1 плательщ. (95 тыс ₸)",4,False,True,0,0,1,0,1,0,95000.0,0.0,,0.0,1,0,0,0,0.00032113,0.0,1,0,0,0.0,,0.7111,0.0,
100000000870121100,terminal,0.4911,27,0.1566,1737,Конечная точка в данных: получает от 1 плательщ. (12 тыс ₸); исходящих ≥5 тыс ₸ нет,3,False,False,1,0,1,0,1,0,12000.0,0.0,1.0,0.0,1,0,0,0,0.00031567,0.0,1,0,0,0.0,0.0,0.0736,0.0,
100000003370425100,peripheral,0.8854,3,0.1566,1738,"Периферия, явных признаков нет: 4-е колено: исходящие не видны; получает от 1 плательщ. (20 тыс ₸)",4,False,True,0,0,1,0,1,0,20000.0,0.0,,0.0,1,0,0,0,0.00064795,0.0,1,0,0,0.0,,0.3454,0.0,
100000001845505100,peripheral,0.8854,2,0.1565,1739,"Периферия, явных признаков нет: 4-е колено: исходящие не видны; получает от 1 плательщ. (20 тыс ₸)",4,False,True,0,0,1,0,1,0,20000.0,0.0,,0.0,1,0,0,0,0.00059238,0.0,0,0,0,0.0,,0.3454,0.0,
100000008769097100,terminal,0.5412,34,0.1564,1740,Конечная точка в данных: получает от 1 плательщ. (31 тыс ₸); исходящих ≥5 тыс ₸ нет,3,False,False,1,0,1,0,1,0,31100.0,0.0,1.0,0.0,1,0,0,0,0.00029042,0.0,1,0,0,0.0,0.0,0.2919,0.0,
100000008684767100,terminal,0.5412,34,0.1564,1741,Конечная точка в данных: получает от 1 плательщ. (31 тыс ₸); исходящих ≥5 тыс ₸ нет,3,False,False,1,0,1,0,1,0,31100.0,0.0,1.0,0.0,1,0,0,0,0.00029042,0.0,1,0,0,0.0,0.0,0.2919,0.0,
100000007510567100,peripheral,0.8218,13,0.1564,1742,"Периферия, явных признаков нет: 4-е колено: исходящие не видны; получает от 1 плательщ. (52 тыс ₸); повтор. маршрутов: 1",4,False,True,0,0,1,0,1,0,52000.0,0.0,,0.0,1,0,0,1,0.00030503,0.0,1,0,0,0.0,,0.6117,0.0,
100000005745873100,peripheral,0.7483,30,0.1563,1743,"Периферия, явных признаков нет: 4-е колено: исходящие не видны; получает от 1 плательщ. (223 тыс ₸)",4,False,True,0,0,1,0,1,0,223000.0,0.0,,0.0,1,0,0,0,0.00031632,0.0,1,0,0,0.0,,0.8488,0.0,
100000002671806100,terminal,0.4922,29,0.1559,1744,Конечная точка в данных: получает от 1 плательщ. (12 тыс ₸); исходящих ≥5 тыс ₸ нет,1,False,False,1,1,1,0,1,0,12440.0,0.0,1.0,0.0,1,0,0,0,0.00028763,0.0,1,0,0,0.0,0.0,0.0425,0.0,
100000005567828100,peripheral,0.7917,13,0.1559,1745,"Периферия, явных признаков нет: 4-е колено: исходящие не видны; получает от 1 плательщ. (94 тыс ₸)",4,False,True,0,0,1,0,1,0,94000.0,0.0,,0.0,1,0,0,0,0.00032076,0.0,1,0,0,0.0,,0.7065,0.0,
100000003486846100,peripheral,0.8641,4,0.1559,1746,"Периферия, явных признаков нет: 4-е колено: исходящие не видны; получает от 1 плательщ. (27 тыс ₸)",4,False,True,0,0,1,0,2,0,27000.0,0.0,,0.0,1,0,0,0,0.00053114,0.0,0,0,0,0.0,,0.447,0.0,
100000005264990100,peripheral,0.5876,15,0.1556,1747,"Периферия, явных признаков нет: деньги от 2 seed; получает от 1 плательщ. (17 тыс ₸); платит 2 получат. (122 тыс ₸); seed, входящие занижены",0,True,False,2,0,1,2,1,2,17070.0,122000.0,,0.0,1,1,0,0,0.000364,7.765e-05,0,1,1,0.525,0.625,0.5625,0.9125,
100000000608031100,peripheral,0.8565,10,0.1555,1748,"Периферия, явных признаков нет: 4-е колено: исходящие не видны; получает от 1 плательщ. (30 тыс ₸)",4,False,True,0,0,1,0,1,0,30000.0,0.0,,0.0,1,0,0,0,0.00053864,0.0,0,0,0,0.0,,0.4605,0.0,
100000008778010100,peripheral,0.8015,34,0.1555,1749,"Периферия, явных признаков нет: 4-е колено: исходящие не видны; получает от 1 плательщ. (77 тыс ₸)",4,False,True,0,0,1,0,2,0,76950.0,0.0,,0.0,1,0,0,0,0.00052964,0.0,1,0,0,0.0,,0.6795,0.0,
100000002971593100,peripheral,0.8293,23,0.1554,1750,"Периферия, явных признаков нет: 4-е колено: исходящие не видны; получает от 1 плательщ. (49 тыс ₸)",4,False,True,0,0,1,0,1,0,49050.0,0.0,,0.0,1,0,0,0,0.00053038,0.0,0,0,0,0.0,,0.5914,0.0,
100000008677215100,terminal,0.4801,14,0.1553,1751,Конечная точка в данных: получает от 1 плательщ. (9 тыс ₸); исходящих ≥5 тыс ₸ нет,3,False,False,1,0,1,0,1,0,9000.0,0.0,1.0,0.0,1,0,0,0,0.00030438,0.0,1,0,0,0.0,0.0,0.0381,0.0,
100000008586731100,terminal,0.4911,29,0.1552,1752,Конечная точка в данных: получает от 1 плательщ. (12 тыс ₸); исходящих ≥5 тыс ₸ нет,1,False,False,1,1,1,0,1,0,12000.0,0.0,1.0,0.0,1,0,0,0,0.00028756,0.0,1,0,0,0.0,0.0,0.0361,0.0,
100000008029279100,terminal,0.5047,2,0.1552,1753,Конечная точка в данных: получает от 1 плательщ. (17 тыс ₸); исходящих ≥5 тыс ₸ нет,3,False,False,1,0,1,0,1,0,17000.0,0.0,1.0,0.0,1,0,0,0,0.00028903,0.0,1,0,0,0.0,0.0,0.1307,0.0,
100000004066370100,peripheral,0.8099,37,0.1551,1754,"Периферия, явных признаков нет: 4-е колено: исходящие не видны; получает от 1 плательщ. (65 тыс ₸)",4,False,True,0,0,1,0,2,0,65000.0,0.0,,0.0,1,0,0,0,0.00058935,0.0,0,0,0,0.0,,0.6501,0.0,
100000006416061100,peripheral,0.8565,2,0.1551,1755,"Периферия, явных признаков нет: 4-е колено: исходящие не видны; получает от 1 плательщ. (30 тыс ₸)",4,False,True,0,0,1,0,1,0,30000.0,0.0,,0.0,1,0,0,0,0.00043486,0.0,0,0,0,0.0,,0.4605,0.0,
100000007042175100,peripheral,0.8136,30,0.155,1756,"Периферия, явных признаков нет: 4-е колено: исходящие не видны; получает от 1 плательщ. (60 тыс ₸)",4,False,True,0,0,1,0,1,0,60000.0,0.0,,0.0,1,0,0,0,0.00053401,0.0,0,0,0,0.0,,0.6298,0.0,
100000002596039100,peripheral,0.7385,27,0.155,1757,"Периферия, явных признаков нет: 4-е колено: исходящие не видны; получает от 1 плательщ. (280 тыс ₸)",4,False,True,0,0,1,0,1,0,280000.0,0.0,,0.0,1,0,0,0,0.00030434,0.0,1,0,0,0.0,,0.8849,0.0,
100000004261340100,peripheral,0.8302,3,0.1547,1758,"Периферия, явных признаков нет: 4-е колено: исходящие не видны; получает от 1 плательщ. (48 тыс ₸)",4,False,True,0,0,1,0,4,0,48500.0,0.0,,0.0,1,0,0,0,0.00034739,0.0,1,0,0,0.0,,0.5824,0.0,
100000008638859100,peripheral,0.8508,15,0.1547,1759,"Периферия, явных признаков нет: 4-е колено: исходящие не видны; получает от 1 плательщ. (34 тыс ₸)",4,False,True,0,0,1,0,1,0,34000.0,0.0,,0.0,1,0,0,0,0.00053965,0.0,0,0,0,0.0,,0.5011,0.0,
100000008716439100,terminal,0.4917,35,0.1544,1760,Конечная точка в данных: получает от 1 плательщ. (12 тыс ₸); исходящих ≥5 тыс ₸ нет,1,False,False,1,1,1,0,1,0,12267.0,0.0,1.0,0.0,1,0,0,0,0.00028814,0.0,1,0,0,0.0,0.0,0.0382,0.0,
100000004613582100,peripheral,0.7913,17,0.1543,1761,"Периферия, явных признаков нет: получает от 1 плательщ. (5 тыс ₸); платит 1 получат. (10 тыс ₸); отдаёт в 1.9 раза больше видимого входа",3,False,False,1,0,1,1,1,1,5000.0,9500.0,0.0,0.0,1,0,0,0,0.00055344,4e-07,0,0,0,0.0,0.6409,0.0964,0.6789,
100000007731977100,peripheral,0.8241,3,0.1543,1762,"Периферия, явных признаков нет: 4-е колено: исходящие не видны; получает от 1 плательщ. (50 тыс ₸)",4,False,True,0,0,1,0,1,0,50000.0,0.0,,0.0,1,0,0,0,0.00033677,0.0,1,0,0,0.0,,0.5937,0.0,
100000005661528100,terminal,0.5289,27,0.154,1763,Конечная точка в данных: получает от 1 плательщ. (25 тыс ₸); исходящих ≥5 тыс ₸ нет,3,False,False,1,0,1,0,1,0,25000.0,0.0,1.0,0.0,1,0,0,0,0.00029109,0.0,1,0,0,0.0,0.0,0.2234,0.0,
100000002723439100,peripheral,0.8942,1,0.154,1764,"Периферия, явных признаков нет: 4-е колено: исходящие не видны; получает от 1 плательщ. (18 тыс ₸)",4,False,True,0,0,1,0,2,0,18000.0,0.0,,0.0,1,0,0,0,0.00055262,0.0,0,0,0,0.0,,0.3363,0.0,
100000004991593100,peripheral,0.8352,3,0.154,1765,"Периферия, явных признаков нет: 4-е колено: исходящие не видны; получает от 1 плательщ. (45 тыс ₸)",4,False,True,0,0,1,0,2,0,45000.0,0.0,,0.0,1,0,0,0,0.00035489,0.0,1,0,0,0.0,,0.5598,0.0,
100000008765494100,terminal,0.5248,35,0.1539,1766,Конечная точка в данных: получает от 1 плательщ. (24 тыс ₸); исходящих ≥5 тыс ₸ нет,2,False,False,1,0,1,0,1,0,24000.0,0.0,1.0,0.0,1,0,0,0,0.00029372,0.0,1,0,0,0.0,0.0,0.1931,0.0,
100000008691168100,terminal,0.5248,35,0.1539,1767,Конечная точка в данных: получает от 1 плательщ. (24 тыс ₸); исходящих ≥5 тыс ₸ нет,2,False,False,1,0,1,0,1,0,24000.0,0.0,1.0,0.0,1,0,0,0,0.00029372,0.0,1,0,0,0.0,0.0,0.1931,0.0,
100000008688476100,terminal,0.5248,35,0.1539,1768,Конечная точка в данных: получает от 1 плательщ. (24 тыс ₸); исходящих ≥5 тыс ₸ нет,2,False,False,1,0,1,0,1,0,24000.0,0.0,1.0,0.0,1,0,0,0,0.00029372,0.0,1,0,0,0.0,0.0,0.1931,0.0,
100000003448713100,peripheral,0.7408,27,0.1539,1769,"Периферия, явных признаков нет: 4-е колено: исходящие не видны; получает от 1 плательщ. (267 тыс ₸)",4,False,True,0,0,1,0,1,0,266750.0,0.0,,0.0,1,0,0,0,0.00030345,0.0,1,0,0,0.0,,0.8758,0.0,
100000002748511100,peripheral,0.8854,4,0.1538,1770,"Периферия, явных признаков нет: 4-е колено: исходящие не видны; получает от 1 плательщ. (20 тыс ₸)",4,False,True,0,0,1,0,1,0,20000.0,0.0,,0.0,1,0,0,0,0.00056749,0.0,0,0,0,0.0,,0.3454,0.0,
100000001822650100,peripheral,0.7802,11,0.1538,1771,"Периферия, явных признаков нет: 4-е колено: исходящие не видны; получает от 1 плательщ. (112 тыс ₸)",4,False,True,0,0,1,0,1,0,112000.0,0.0,,0.0,1,0,0,0,0.0003059,0.0,1,0,0,0.0,,0.7652,0.0,
100000005807278100,terminal,0.4784,40,0.1536,1772,Конечная точка в данных: получает от 1 плательщ. (8 тыс ₸); исходящих ≥5 тыс ₸ нет,1,False,False,1,1,1,0,1,0,8385.0,0.0,1.0,0.0,1,0,0,0,0.00029296,0.0,1,0,0,0.0,0.0,0.0042,0.0,
100000003377795100,terminal,0.4762,17,0.1533,1773,Конечная точка в данных: получает от 1 плательщ. (7 тыс ₸); исходящих ≥5 тыс ₸ нет,1,False,False,1,1,1,0,1,0,7000.0,0.0,1.0,0.0,1,0,0,0,0.00028597,0.0,1,0,0,0.0,0.0,0.0021,0.0,
100000004388209100,terminal,0.4901,35,0.1533,1774,Конечная точка в данных: получает от 1 плательщ. (12 тыс ₸); исходящих ≥5 тыс ₸ нет,1,False,False,1,1,1,0,1,0,11800.0,0.0,1.0,0.0,1,0,0,0,0.00028805,0.0,1,0,0,0.0,0.0,0.034,0.0,
100000008738658100,terminal,0.5364,34,0.1533,1775,Конечная точка в данных: получает от 1 плательщ. (30 тыс ₸); исходящих ≥5 тыс ₸ нет,3,False,False,1,0,1,0,1,0,29920.0,0.0,1.0,0.0,1,0,0,0,0.00029024,0.0,1,0,0,0.0,0.0,0.2766,0.0,
100000001533161100,peripheral,0.7851,22,0.1532,1776,"Периферия, явных признаков нет: 4-е колено: исходящие не видны; получает от 1 плательщ. (100 тыс ₸)",4,False,True,0,0,1,0,1,0,100000.0,0.0,,0.0,1,0,0,0,0.00032444,0.0,1,0,0,0.0,,0.7201,0.0,
100000004800648100,peripheral,0.7743,29,0.1531,1777,"Периферия, явных признаков нет: 4-е колено: исходящие не видны; получает от 1 плательщ. (131 тыс ₸)",4,False,True,0,0,1,0,1,0,131000.0,0.0,,0.0,1,0,0,0,0.00033683,0.0,1,0,0,0.0,,0.7788,0.0,
100000008771814100,terminal,0.5237,35,0.153,1778,Конечная точка в данных: получает от 1 плательщ. (24 тыс ₸); исходящих ≥5 тыс ₸ нет,2,False,False,1,0,1,0,1,0,23700.0,0.0,1.0,0.0,1,0,0,0,0.00029362,0.0,1,0,0,0.0,0.0,0.1909,0.0,
100000003097947100,peripheral,0.8208,2,0.153,1779,"Периферия, явных признаков нет: 4-е колено: исходящие не видны; получает от 1 плательщ. (53 тыс ₸)",4,False,True,0,0,1,0,1,0,52980.0,0.0,,0.0,1,0,0,0,0.00032008,0.0,0,0,0,0.0,,0.614,0.0,
100000007510875100,terminal,0.4701,31,0.1526,1780,Конечная точка в данных: получает от 1 плательщ. (5 тыс ₸); исходящих ≥5 тыс ₸ нет,3,False,False,1,0,1,0,1,0,5000.0,0.0,1.0,0.0,1,0,0,0,0.00035625,0.0,0,0,0,0.0,0.0,0.0,0.0,
100000002791494100,peripheral,0.7967,13,0.1526,1781,"Периферия, явных признаков нет: 4-е колено: исходящие не видны; получает от 1 плательщ. (86 тыс ₸)",4,False,True,0,0,1,0,1,0,85860.0,0.0,,0.0,1,0,0,0,0.00031771,0.0,1,0,0,0.0,,0.6953,0.0,
100000004158362100,terminal,0.4911,3,0.1525,1782,Конечная точка в данных: получает от 1 плательщ. (12 тыс ₸); исходящих ≥5 тыс ₸ нет,2,False,False,1,0,1,0,1,0,12000.0,0.0,1.0,0.0,1,0,0,0,0.00029138,0.0,1,0,0,0.0,0.0,0.0803,0.0,
100000001270470100,peripheral,0.8627,2,0.1525,1783,"Периферия, явных признаков нет: 4-е колено: исходящие не видны; получает от 1 плательщ. (28 тыс ₸)",4,False,True,0,0,1,0,2,0,28300.0,0.0,,0.0,1,0,0,0,0.00042974,0.0,0,0,0,0.0,,0.456,0.0,
100000003009900100,terminal,0.5023,13,0.1523,1784,Конечная точка в данных: получает от 1 плательщ. (16 тыс ₸); исходящих ≥5 тыс ₸ нет,3,False,False,1,0,1,0,1,0,15998.0,0.0,1.0,0.0,1,0,0,0,0.00029153,0.0,1,0,0,0.0,0.0,0.118,0.0,
100000002599729100,peripheral,0.8099,30,0.1523,1785,"Периферия, явных признаков нет: 4-е колено: исходящие не видны; получает от 1 плательщ. (65 тыс ₸)",4,False,True,0,0,1,0,2,0,65000.0,0.0,,0.0,1,0,0,0,0.00048579,0.0,0,0,0,0.0,,0.6501,0.0,
100000005198498100,terminal,0.5353,34,0.1522,1786,Конечная точка в данных: получает от 1 плательщ. (29 тыс ₸); исходящих ≥5 тыс ₸ нет,3,False,False,1,0,1,0,1,0,28800.0,0.0,1.0,0.0,1,0,0,0,0.00029006,0.0,1,0,0,0.0,0.0,0.2728,0.0,
100000007867364100,peripheral,0.8393,15,0.1522,1787,"Периферия, явных признаков нет: 4-е колено: исходящие не видны; получает от 1 плательщ. (42 тыс ₸)",4,False,True,0,0,1,0,1,0,41852.0,0.0,,0.0,1,0,0,0,0.00044874,0.0,0,0,0,0.0,,0.5485,0.0,
100000008507703100,terminal,0.5351,34,0.152,1788,Конечная точка в данных: получает от 1 плательщ. (28 тыс ₸); исходящих ≥5 тыс ₸ нет,3,False,False,1,0,1,0,1,0,28500.0,0.0,1.0,0.0,1,0,0,0,0.00029002,0.0,1,0,0,0.0,0.0,0.269,0.0,
100000001537524100,peripheral,0.7671,11,0.152,1789,"Периферия, явных признаков нет: 4-е колено: исходящие не видны; получает от 1 плательщ. (150 тыс ₸)",4,False,True,0,0,1,0,1,0,150000.0,0.0,,0.0,1,0,0,0,0.00029867,0.0,1,0,0,0.0,,0.7946,0.0,
100000004979264100,peripheral,0.8432,11,0.152,1790,"Периферия, явных признаков нет: 4-е колено: исходящие не видны; получает от 1 плательщ. (40 тыс ₸)",4,False,True,0,0,1,0,1,0,39800.0,0.0,,0.0,1,0,0,0,0.00041138,0.0,0,0,0,0.0,,0.526,0.0,
100000003192309100,peripheral,0.776,34,0.1518,1791,"Периферия, явных признаков нет: получает от 1 плательщ. (17 тыс ₸); платит 1 получат. (213 тыс ₸); отдаёт в 12.4 раза больше видимого входа",3,False,False,1,0,1,1,1,1,17200.0,213000.0,0.0,0.0,1,0,0,0,0.00028825,1.39e-06,1,0,0,0.0,0.6409,0.7081,0.6992,
100000005878334100,peripheral,0.8019,27,0.1518,1792,"Периферия, явных признаков нет: 4-е колено: исходящие не видны; получает от 1 плательщ. (76 тыс ₸)",4,False,True,0,0,1,0,2,0,76400.0,0.0,,0.0,1,0,0,0,0.00039896,0.0,1,0,0,0.0,,0.6772,0.0,
100000002750332100,terminal,0.4898,31,0.1517,1793,Конечная точка в данных: получает от 1 плательщ. (11 тыс ₸); исходящих ≥5 тыс ₸ нет,1,False,False,1,1,1,0,1,0,11360.0,0.0,1.0,0.0,1,0,0,0,0.00028679,0.0,1,0,0,0.0,0.0,0.0297,0.0,
100000008753061100,terminal,0.5349,34,0.1517,1794,Конечная точка в данных: получает от 1 плательщ. (28 тыс ₸); исходящих ≥5 тыс ₸ нет,3,False,False,1,0,1,0,2,0,28400.0,0.0,1.0,0.0,1,0,0,0,0.00029,0.0,1,0,0,0.0,0.0,0.2678,0.0,
100000008055972100,terminal,0.5348,34,0.1516,1795,Конечная точка в данных: получает от 1 плательщ. (28 тыс ₸); исходящих ≥5 тыс ₸ нет,3,False,False,1,0,1,0,1,0,28300.0,0.0,1.0,0.0,1,0,0,0,0.00028999,0.0,1,0,0,0.0,0.0,0.2665,0.0,
100000005052998100,peripheral,0.6464,2,0.1516,1796,"Периферия, явных признаков нет: деньги от 2 seed; получает от 1 плательщ. (10 тыс ₸); платит 1 получат. (28 тыс ₸); отдаёт в 3.0 раза больше видимого входа",3,False,False,2,0,1,1,1,1,9500.0,28400.0,0.0,0.0,1,0,0,0,0.0002861,4.33e-06,1,1,1,0.0,0.6409,0.3338,0.7195,
100000008583971100,peripheral,0.7,2,0.1516,1797,"Периферия, явных признаков нет: 4-е колено: исходящие не видны; получает от 2 плательщ. (51 тыс ₸); по числу плательщиков выше 97% узлов 4-го колена",4,False,True,0,0,2,0,2,0,51000.0,0.0,,0.0,1,0,0,0,0.00032972,0.0,2,0,1,0.9797,,0.6095,0.0,in_degree
100000007811950100,peripheral,0.8241,33,0.1514,1798,"Периферия, явных признаков нет: 4-е колено: исходящие не видны; получает от 1 плательщ. (50 тыс ₸)",4,False,True,0,0,1,0,1,0,50000.0,0.0,,0.0,1,0,0,0,0.00054623,0.0,0,0,0,0.0,,0.5937,0.0,
100000008686247100,peripheral,0.8439,5,0.1513,1799,"Периферия, явных признаков нет: получает от 1 плательщ. (22 тыс ₸); платит 1 получат. (5 тыс ₸); отдаёт дальше 23% полученного",3,False,False,1,0,1,1,2,1,22000.0,5000.0,0.7727,0.0,1,0,0,0,0.00031367,0.0,0,0,0,0.0,0.6409,0.2589,0.0,
100000008653041100,terminal,0.5344,34,0.1512,1800,Конечная точка в данных: получает от 1 плательщ. (28 тыс ₸); исходящих ≥5 тыс ₸ нет,3,False,False,1,0,1,0,1,0,28000.0,0.0,1.0,0.0,1,0,0,0,0.00028994,0.0,1,0,0,0.0,0.0,0.264,0.0,
100000002208836100,peripheral,0.7938,23,0.1512,1801,"Периферия, явных признаков нет: 4-е колено: исходящие не видны; получает от 1 плательщ. (90 тыс ₸)",4,False,True,0,0,1,0,1,0,90000.0,0.0,,0.0,1,0,0,0,0.00032982,0.0,1,0,0,0.0,,0.702,0.0,
100000002844897100,terminal,0.4887,31,0.1509,1802,Конечная точка в данных: получает от 1 плательщ. (11 тыс ₸); исходящих ≥5 тыс ₸ нет,1,False,False,1,1,1,0,1,0,10800.0,0.0,1.0,0.0,1,0,0,0,0.00028673,0.0,1,0,0,0.0,0.0,0.0234,0.0,
100000002103448100,terminal,0.5337,34,0.1506,1803,Конечная точка в данных: получает от 1 плательщ. (27 тыс ₸); исходящих ≥5 тыс ₸ нет,3,False,False,1,0,1,0,1,0,27000.0,0.0,1.0,0.0,1,0,0,0,0.00028978,0.0,1,0,0,0.0,0.0,0.2589,0.0,
100000006701983100,terminal,0.5337,34,0.1506,1804,Конечная точка в данных: получает от 1 плательщ. (27 тыс ₸); исходящих ≥5 тыс ₸ нет,3,False,False,1,0,1,0,1,0,27000.0,0.0,1.0,0.0,1,0,0,0,0.00028978,0.0,1,0,0,0.0,0.0,0.2589,0.0,
100000002863356100,peripheral,0.7977,35,0.1502,1805,"Периферия, явных признаков нет: получает от 1 плательщ. (45 тыс ₸); платит 1 получат. (20 тыс ₸); отдаёт дальше 44% полученного",2,False,False,1,0,1,1,1,1,45000.0,20000.0,0.5556,0.0,1,0,0,0,0.00030085,1.39e-06,1,0,0,0.0,0.5835,0.4403,0.692,
100000002369454100,peripheral,0.8701,2,0.15,1806,"Периферия, явных признаков нет: 4-е колено: исходящие не видны; получает от 1 плательщ. (25 тыс ₸)",4,False,True,0,0,1,0,1,0,25000.0,0.0,,0.0,1,0,0,0,0.00042888,0.0,0,0,0,0.0,,0.4266,0.0,
100000001598625100,peripheral,0.8701,2,0.15,1807,"Периферия, явных признаков нет: 4-е колено: исходящие не видны; получает от 1 плательщ. (25 тыс ₸)",4,False,True,0,0,1,0,1,0,25000.0,0.0,,0.0,1,0,0,0,0.00042888,0.0,0,0,0,0.0,,0.4266,0.0,
100000003241965100,terminal,0.5001,13,0.1499,1808,Конечная точка в данных: получает от 1 плательщ. (15 тыс ₸); исходящих ≥5 тыс ₸ нет,3,False,False,1,0,1,0,1,0,15000.0,0.0,1.0,0.0,1,0,0,0,0.00029116,0.0,1,0,0,0.0,0.0,0.099,0.0,
100000008690762100,terminal,0.5328,34,0.1497,1809,Конечная точка в данных: получает от 1 плательщ. (27 тыс ₸); исходящих ≥5 тыс ₸ нет,3,False,False,1,0,1,0,1,0,26750.0,0.0,1.0,0.0,1,0,0,0,0.00028974,0.0,1,0,0,0.0,0.0,0.2551,0.0,
100000004697956100,peripheral,0.8,21,0.1496,1810,"Периферия, явных признаков нет: получает от 1 плательщ. (10 тыс ₸); платит 1 получат. (10 тыс ₸); отдаёт дальше 100% полученного",3,False,False,1,0,1,1,1,1,10000.0,10000.0,0.0,0.0,1,0,0,0,0.00046812,0.0,1,1,0,0.0,0.6409,0.1624,0.0,
100000002478829100,peripheral,0.8508,9,0.1496,1811,"Периферия, явных признаков нет: 4-е колено: исходящие не видны; получает от 1 плательщ. (34 тыс ₸)",4,False,True,0,0,1,0,1,0,34000.0,0.0,,0.0,1,0,0,0,0.00038733,0.0,1,0,0,0.0,,0.5011,0.0,
100000008707810100,terminal,0.5323,34,0.1493,1812,Конечная точка в данных: получает от 1 плательщ. (26 тыс ₸); исходящих ≥5 тыс ₸ нет,3,False,False,1,0,1,0,1,0,26200.0,0.0,1.0,0.0,1,0,0,0,0.00028966,0.0,1,0,0,0.0,0.0,0.2475,0.0,
100000006491272100,terminal,0.5323,34,0.1493,1813,Конечная точка в данных: получает от 1 плательщ. (26 тыс ₸); исходящих ≥5 тыс ₸ нет,3,False,False,1,0,1,0,1,0,26200.0,0.0,1.0,0.0,1,0,0,0,0.00028966,0.0,1,0,0,0.0,0.0,0.2475,0.0,
100000008662216100,terminal,0.5323,34,0.1493,1814,Конечная точка в данных: получает от 1 плательщ. (26 тыс ₸); исходящих ≥5 тыс ₸ нет,3,False,False,1,0,1,0,1,0,26200.0,0.0,1.0,0.0,1,0,0,0,0.00028966,0.0,1,0,0,0.0,0.0,0.2475,0.0,
100000008671129100,terminal,0.5323,34,0.1493,1815,Конечная точка в данных: получает от 1 плательщ. (26 тыс ₸); исходящих ≥5 тыс ₸ нет,3,False,False,1,0,1,0,1,0,26200.0,0.0,1.0,0.0,1,0,0,0,0.00028966,0.0,1,0,0,0.0,0.0,0.2475,0.0,
100000005674387100,terminal,0.5323,34,0.1493,1816,Конечная точка в данных: получает от 1 плательщ. (26 тыс ₸); исходящих ≥5 тыс ₸ нет,3,False,False,1,0,1,0,1,0,26200.0,0.0,1.0,0.0,1,0,0,0,0.00028966,0.0,1,0,0,0.0,0.0,0.2475,0.0,
100000008695689100,terminal,0.5323,34,0.1493,1817,Конечная точка в данных: получает от 1 плательщ. (26 тыс ₸); исходящих ≥5 тыс ₸ нет,3,False,False,1,0,1,0,1,0,26200.0,0.0,1.0,0.0,1,0,0,0,0.00028966,0.0,1,0,0,0.0,0.0,0.2475,0.0,
100000007653094100,peripheral,0.9,3,0.1493,1818,"Периферия, явных признаков нет: 4-е колено: исходящие не видны; получает от 1 плательщ. (16 тыс ₸)",4,False,True,0,0,1,0,1,0,16000.0,0.0,,0.0,1,0,0,0,0.00057547,0.0,1,0,0,0.0,,0.307,0.0,
100000001816678100,peripheral,0.8136,3,0.1492,1819,"Периферия, явных признаков нет: 4-е колено: исходящие не видны; получает от 1 плательщ. (60 тыс ₸)",4,False,True,0,0,1,0,1,0,60000.0,0.0,,0.0,1,0,0,0,0.00030966,0.0,1,0,0,0.0,,0.6298,0.0,
100000000307908100,terminal,0.4701,7,0.1488,1820,Конечная точка в данных: получает от 1 плательщ. (5 тыс ₸); исходящих ≥5 тыс ₸ нет,2,False,False,1,0,1,0,1,0,5000.0,0.0,1.0,0.0,1,0,0,0,0.00029643,0.0,1,0,0,0.0,0.0,0.0,0.0,
100000003230329100,peripheral,0.7807,11,0.1488,1821,"Периферия, явных признаков нет: 4-е колено: исходящие не видны; получает от 1 плательщ. (110 тыс ₸)",4,False,True,0,0,1,0,1,0,110000.0,0.0,,0.0,1,0,0,0,0.00030004,0.0,1,0,0,0.0,,0.754,0.0,
100000003173783100,peripheral,0.8783,16,0.1488,1822,"Периферия, явных признаков нет: 4-е колено: исходящие не видны; получает от 1 плательщ. (24 тыс ₸); повтор. маршрутов: 1",4,False,True,0,0,1,0,2,0,23500.0,0.0,,0.0,1,0,0,1,0.00034682,0.0,1,0,0,0.0,,0.4153,0.0,
100000004592467100,terminal,0.4762,9,0.1486,1823,Конечная точка в данных: получает от 1 плательщ. (7 тыс ₸); повтор. маршрутов: 1; исходящих ≥5 тыс ₸ нет,2,False,False,1,0,1,0,1,0,7000.0,0.0,1.0,0.0,1,0,0,1,0.00028662,0.0,1,0,0,0.0,0.0,0.0239,0.0,
100000008742266100,terminal,0.5184,35,0.1486,1824,Конечная точка в данных: получает от 1 плательщ. (21 тыс ₸); исходящих ≥5 тыс ₸ нет,2,False,False,1,0,1,0,1,0,21000.0,0.0,1.0,0.0,1,0,0,0,0.0002927,0.0,1,0,0,0.0,0.0,0.1649,0.0,
100000008764654100,terminal,0.5314,34,0.1486,1825,Конечная точка в данных: получает от 1 плательщ. (26 тыс ₸); исходящих ≥5 тыс ₸ нет,3,False,False,1,0,1,0,1,0,26150.0,0.0,1.0,0.0,1,0,0,0,0.00028965,0.0,1,0,0,0.0,0.0,0.2424,0.0,
100000008717802100,terminal,0.5314,34,0.1486,1826,Конечная точка в данных: получает от 1 плательщ. (26 тыс ₸); исходящих ≥5 тыс ₸ нет,3,False,False,1,0,1,0,1,0,26150.0,0.0,1.0,0.0,1,0,0,0,0.00028965,0.0,1,0,0,0.0,0.0,0.2424,0.0,
100000004634420100,terminal,0.5314,34,0.1486,1827,Конечная точка в данных: получает от 1 плательщ. (26 тыс ₸); исходящих ≥5 тыс ₸ нет,3,False,False,1,0,1,0,1,0,26150.0,0.0,1.0,0.0,1,0,0,0,0.00028965,0.0,1,0,0,0.0,0.0,0.2424,0.0,
100000008776720100,terminal,0.5314,34,0.1486,1828,Конечная точка в данных: получает от 1 плательщ. (26 тыс ₸); исходящих ≥5 тыс ₸ нет,3,False,False,1,0,1,0,1,0,26150.0,0.0,1.0,0.0,1,0,0,0,0.00028965,0.0,1,0,0,0.0,0.0,0.2424,0.0,
100000005189258100,peripheral,0.8241,3,0.1486,1829,"Периферия, явных признаков нет: 4-е колено: исходящие не видны; получает от 1 плательщ. (50 тыс ₸)",4,False,True,0,0,1,0,1,0,50000.0,0.0,,0.0,1,0,0,0,0.00031598,0.0,1,0,0,0.0,,0.5937,0.0,
100000008560263100,peripheral,0.7851,23,0.1485,1830,"Периферия, явных признаков нет: 4-е колено: исходящие не видны; получает от 1 плательщ. (100 тыс ₸)",4,False,True,0,0,1,0,1,0,100000.0,0.0,,0.0,1,0,0,0,0.00031319,0.0,1,0,0,0.0,,0.7201,0.0,
100000001299323100,peripheral,0.7817,11,0.1484,1831,"Периферия, явных признаков нет: 4-е колено: исходящие не видны; получает от 1 плательщ. (109 тыс ₸)",4,False,True,0,0,1,0,1,0,109000.0,0.0,,0.0,1,0,0,0,0.00029991,0.0,1,0,0,0.0,,0.7517,0.0,
100000003252446100,peripheral,0.7819,11,0.1484,1832,"Периферия, явных признаков нет: 4-е колено: исходящие не видны; получает от 1 плательщ. (109 тыс ₸)",4,False,True,0,0,1,0,1,0,108600.0,0.0,,0.0,1,0,0,0,0.00029999,0.0,1,0,0,0.0,,0.7494,0.0,
100000002729875100,peripheral,0.802,13,0.1484,1833,"Периферия, явных признаков нет: 4-е колено: исходящие не видны; получает от 1 плательщ. (76 тыс ₸)",4,False,True,0,0,1,0,1,0,76000.0,0.0,,0.0,1,0,0,0,0.00031402,0.0,1,0,0,0.0,,0.6749,0.0,
100000002217806100,peripheral,0.8174,32,0.1482,1834,"Периферия, явных признаков нет: 4-е колено: исходящие не видны; получает от 1 плательщ. (55 тыс ₸)",4,False,True,0,0,1,0,2,0,55000.0,0.0,,0.0,1,0,0,0,0.00046376,0.0,1,0,0,0.0,,0.6185,0.0,
100000006684930100,terminal,0.5128,42,0.1481,1835,Конечная точка в данных: деньги от 2 seed; получает от 1 плательщ. (10 тыс ₸); исходящих ≥5 тыс ₸ нет,2,False,False,2,0,1,0,1,0,10000.0,0.0,1.0,0.0,1,0,0,0,0.00029873,0.0,0,0,0,0.0,0.0,0.0347,0.0,
100000002832753100,peripheral,0.9,4,0.1479,1836,"Периферия, явных признаков нет: 4-е колено: исходящие не видны; получает от 1 плательщ. (12 тыс ₸)",4,False,True,0,0,1,0,1,0,12500.0,0.0,,0.0,1,0,0,0,0.00075553,0.0,0,0,0,0.0,,0.2302,0.0,
100000002597623100,terminal,0.5284,30,0.1478,1837,Конечная точка в данных: деньги от 2 seed; получает от 1 плательщ. (16 тыс ₸); исходящих ≥5 тыс ₸ нет,3,False,False,2,0,1,0,1,0,16418.0,0.0,1.0,0.0,1,0,0,0,0.00028649,0.0,1,0,0,0.0,0.0,0.1282,0.0,
100000000557536100,peripheral,0.7662,23,0.1475,1838,"Периферия, явных признаков нет: 4-е колено: исходящие не видны; получает от 1 плательщ. (153 тыс ₸)",4,False,True,0,0,1,0,7,0,153000.0,0.0,,0.0,1,0,0,0,0.00030077,0.0,1,0,0,0.0,,0.7968,0.0,
100000008697670100,terminal,0.5295,34,0.1472,1839,Конечная точка в данных: получает от 1 плательщ. (25 тыс ₸); исходящих ≥5 тыс ₸ нет,3,False,False,1,0,1,0,1,0,25350.0,0.0,1.0,0.0,1,0,0,0,0.00028953,0.0,1,0,0,0.0,0.0,0.2373,0.0,
100000003074515100,peripheral,0.7832,11,0.1472,1840,"Периферия, явных признаков нет: 4-е колено: исходящие не видны; получает от 1 плательщ. (105 тыс ₸)",4,False,True,0,0,1,0,1,0,105000.0,0.0,,0.0,1,0,0,0,0.00029938,0.0,1,0,0,0.0,,0.7449,0.0,
100000002505277100,peripheral,0.8136,30,0.1472,1841,"Периферия, явных признаков нет: 4-е колено: исходящие не видны; получает от 1 плательщ. (60 тыс ₸)",4,False,True,0,0,1,0,1,0,60000.0,0.0,,0.0,1,0,0,0,0.00040765,0.0,0,0,0,0.0,,0.6298,0.0,
100000001733216100,peripheral,0.8136,30,0.1472,1842,"Периферия, явных признаков нет: 4-е колено: исходящие не видны; получает от 1 плательщ. (60 тыс ₸)",4,False,True,0,0,1,0,2,0,60000.0,0.0,,0.0,1,0,0,0,0.00040765,0.0,0,0,0,0.0,,0.6298,0.0,
100000005049404100,peripheral,0.7892,23,0.147,1843,"Периферия, явных признаков нет: 4-е колено: исходящие не видны; получает от 1 плательщ. (98 тыс ₸)",4,False,True,0,0,1,0,2,0,98000.0,0.0,,0.0,1,0,0,0,0.00031264,0.0,1,0,0,0.0,,0.7178,0.0,
100000003036198100,terminal,0.5001,3,0.1469,1844,Конечная точка в данных: получает от 1 плательщ. (15 тыс ₸); исходящих ≥5 тыс ₸ нет,2,False,False,1,0,1,0,1,0,15000.0,0.0,1.0,0.0,1,0,0,0,0.00028793,0.0,1,0,0,0.0,0.0,0.102,0.0,
100000005495211100,peripheral,0.9,2,0.1469,1845,"Периферия, явных признаков нет: 4-е колено: исходящие не видны; получает от 1 плательщ. (14 тыс ₸)",4,False,True,0,0,1,0,1,0,14500.0,0.0,,0.0,1,0,0,0,0.00055996,0.0,0,0,0,0.0,,0.2686,0.0,
100000004655046100,peripheral,0.8752,17,0.1469,1846,"Периферия, явных признаков нет: 4-е колено: исходящие не видны; получает от 1 плательщ. (24 тыс ₸)",4,False,True,0,0,1,0,1,0,24000.0,0.0,,0.0,1,0,0,0,0.00055751,0.0,0,0,0,0.0,,0.4176,0.0,
100000007337374100,terminal,0.5167,35,0.1468,1847,Конечная точка в данных: получает от 1 плательщ. (20 тыс ₸); исходящих ≥5 тыс ₸ нет,2,False,False,1,0,1,0,2,0,20000.0,0.0,1.0,0.0,1,0,0,0,0.00029236,0.0,1,0,0,0.0,0.0,0.1453,0.0,
100000004260869100,peripheral,0.9,4,0.1468,1848,"Периферия, явных признаков нет: 4-е колено: исходящие не видны; получает от 1 плательщ. (10 тыс ₸)",4,False,True,0,0,1,0,1,0,10000.0,0.0,,0.0,1,0,0,0,0.00084221,0.0,0,0,0,0.0,,0.1535,0.0,
100000008461217100,peripheral,0.8942,9,0.1468,1849,"Периферия, явных признаков нет: 4-е колено: исходящие не видны; получает от 1 плательщ. (18 тыс ₸)",4,False,True,0,0,1,0,1,0,18000.0,0.0,,0.0,1,0,0,0,0.00054559,0.0,0,0,0,0.0,,0.3363,0.0,
100000004890713100,peripheral,0.841,13,0.1467,1850,"Периферия, явных признаков нет: 4-е колено: исходящие не видны; получает от 1 плательщ. (40 тыс ₸); повтор. маршрутов: 1",4,False,True,0,0,1,0,1,0,40485.0,0.0,,0.0,1,0,0,1,0.00030072,0.0,1,0,0,0.0,,0.5395,0.0,
100000004584730100,peripheral,0.8325,22,0.1465,1851,"Периферия, явных признаков нет: 4-е колено: исходящие не видны; получает от 1 плательщ. (47 тыс ₸); повтор. маршрутов: 1",4,False,True,0,0,1,0,1,0,47000.0,0.0,,0.0,1,0,0,1,0.00030384,0.0,1,0,0,0.0,,0.5779,0.0,
100000004571634100,peripheral,0.8854,0,0.1463,1852,"Периферия, явных признаков нет: 4-е колено: исходящие не видны; получает от 1 плательщ. (20 тыс ₸)",4,False,True,0,0,1,0,1,0,20000.0,0.0,,0.0,1,0,0,0,0.00037418,0.0,0,0,0,0.0,,0.3454,0.0,
100000008050986100,peripheral,0.7904,23,0.146,1853,"Периферия, явных признаков нет: 4-е колено: исходящие не видны; получает от 1 плательщ. (95 тыс ₸)",4,False,True,0,0,1,0,2,0,95000.0,0.0,,0.0,1,0,0,0,0.00031181,0.0,1,0,0,0.0,,0.7111,0.0,
100000003180820100,peripheral,0.7847,11,0.146,1854,"Периферия, явных признаков нет: 4-е колено: исходящие не видны; получает от 1 плательщ. (101 тыс ₸)",4,False,True,0,0,1,0,1,0,101000.0,0.0,,0.0,1,0,0,0,0.00029886,0.0,1,0,0,0.0,,0.7381,0.0,
100000007153161100,peripheral,0.8368,30,0.1459,1855,"Периферия, явных признаков нет: 4-е колено: исходящие не видны; получает от 1 плательщ. (45 тыс ₸)",4,False,True,0,0,1,0,1,0,44997.0,0.0,,0.0,1,0,0,0,0.00053095,0.0,0,0,0,0.0,,0.5576,0.0,
100000008672200100,terminal,0.4791,35,0.1458,1856,Конечная точка в данных: получает от 1 плательщ. (9 тыс ₸); исходящих ≥5 тыс ₸ нет,1,False,False,1,1,1,0,1,0,8511.0,0.0,1.0,0.0,1,0,0,0,0.00028736,0.0,1,0,0,0.0,0.0,0.0085,0.0,
100000003134550100,peripheral,0.7851,11,0.1458,1857,"Периферия, явных признаков нет: 4-е колено: исходящие не видны; получает от 1 плательщ. (100 тыс ₸)",4,False,True,0,0,1,0,1,0,100000.0,0.0,,0.0,1,0,0,0,0.00029885,0.0,1,0,0,0.0,,0.7201,0.0,
100000008474308100,peripheral,0.8,29,0.1456,1858,"Периферия, явных признаков нет: получает от 1 плательщ. (14 тыс ₸); платит 1 получат. (10 тыс ₸); отдаёт дальше 71% полученного",2,False,False,1,0,1,1,2,1,14000.0,10000.0,0.2857,0.0,1,0,0,0,0.00044502,0.0,1,1,0,0.0,0.5835,0.1931,0.0,
100000004222274100,peripheral,0.9,3,0.1456,1859,"Периферия, явных признаков нет: 4-е колено: исходящие не видны; получает от 1 плательщ. (16 тыс ₸)",4,False,True,0,0,1,0,1,0,15500.0,0.0,,0.0,1,0,0,0,0.00054542,0.0,0,0,0,0.0,,0.3025,0.0,
100000001597505100,peripheral,0.6379,37,0.1453,1860,"Периферия, явных признаков нет: получает от 1 плательщ. (26 тыс ₸); платит 1 получат. (13 тыс ₸); отдаёт дальше 49% полученного",2,False,False,1,0,1,1,1,1,26460.0,12920.0,0.5117,0.0,1,0,0,0,0.00031476,9.79e-06,1,1,1,0.0,0.5835,0.3232,0.7245,
100000003093299100,terminal,0.5251,30,0.1452,1861,Конечная точка в данных: деньги от 2 seed; получает от 1 плательщ. (15 тыс ₸); исходящих ≥5 тыс ₸ нет,3,False,False,2,0,1,0,1,0,15000.0,0.0,1.0,0.0,1,0,0,0,0.00028641,0.0,1,0,0,0.0,0.0,0.099,0.0,
100000003500764100,peripheral,0.8833,10,0.1448,1862,"Периферия, явных признаков нет: 4-е колено: исходящие не видны; получает от 1 плательщ. (21 тыс ₸)",4,False,True,0,0,1,0,1,0,21000.0,0.0,,0.0,1,0,0,0,0.00053019,0.0,1,0,0,0.0,,0.4041,0.0,
100000008727982100,peripheral,0.8565,21,0.1446,1863,"Периферия, явных признаков нет: 4-е колено: исходящие не видны; получает от 1 плательщ. (30 тыс ₸)",4,False,True,0,0,1,0,2,0,30000.0,0.0,,0.0,1,0,0,0,0.00051385,0.0,0,0,0,0.0,,0.4605,0.0,
100000008308418100,peripheral,0.8241,30,0.1445,1864,"Периферия, явных признаков нет: 4-е колено: исходящие не видны; получает от 1 плательщ. (50 тыс ₸)",4,False,True,0,0,1,0,1,0,50000.0,0.0,,0.0,1,0,0,0,0.0004316,0.0,0,0,0,0.0,,0.5937,0.0,
100000004379306100,peripheral,0.9,2,0.1444,1865,"Периферия, явных признаков нет: 4-е колено: исходящие не видны; получает от 1 плательщ. (15 тыс ₸)",4,False,True,0,0,1,0,1,0,15000.0,0.0,,0.0,1,0,0,0,0.00053205,0.0,0,0,0,0.0,,0.2731,0.0,
100000008753897100,terminal,0.5252,34,0.1443,1866,Конечная точка в данных: получает от 1 плательщ. (24 тыс ₸); исходящих ≥5 тыс ₸ нет,3,False,False,1,0,1,0,1,0,24050.0,0.0,1.0,0.0,1,0,0,0,0.00028932,0.0,1,0,0,0.0,0.0,0.2157,0.0,
100000004797167100,peripheral,0.8553,27,0.1443,1867,"Периферия, явных признаков нет: 4-е колено: исходящие не видны; получает от 1 плательщ. (31 тыс ₸)",4,False,True,0,0,1,0,1,0,31000.0,0.0,,0.0,1,0,0,0,0.00055162,0.0,0,0,0,0.0,,0.4853,0.0,
100000002373386100,terminal,0.5248,34,0.1441,1868,Конечная точка в данных: получает от 1 плательщ. (24 тыс ₸); исходящих ≥5 тыс ₸ нет,3,False,False,1,0,1,0,1,0,24000.0,0.0,1.0,0.0,1,0,0,0,0.00028932,0.0,1,0,0,0.0,0.0,0.2145,0.0,
100000006232815100,distributor,0.257,36,0.1438,1869,"Признаки веерной раздачи: получает от 1 плательщ. (160 тыс ₸); платит 5 получат. (296 тыс ₸); seed, входящие занижены",0,True,False,0,0,1,5,2,5,160000.0,296500.0,,0.0,1,0,0,0,0.00055665,2.77e-06,1,1,0,0.525,0.8625,0.7125,0.8,
100000002487222100,peripheral,0.7938,23,0.1438,1870,"Периферия, явных признаков нет: 4-е колено: исходящие не видны; получает от 1 плательщ. (90 тыс ₸)",4,False,True,0,0,1,0,2,0,90000.0,0.0,,0.0,1,0,0,0,0.00031043,0.0,1,0,0,0.0,,0.702,0.0,
100000005367180100,peripheral,0.9,2,0.1437,1871,"Периферия, явных признаков нет: 4-е колено: исходящие не видны; получает от 1 плательщ. (8 тыс ₸)",4,False,True,0,0,1,0,1,0,7700.0,0.0,,0.0,1,0,0,0,0.0007828,0.0,0,0,0,0.0,,0.1219,0.0,
100000008229700100,peripheral,0.8408,29,0.1436,1872,"Периферия, явных признаков нет: получает от 1 плательщ. (24 тыс ₸); платит 1 получат. (7 тыс ₸); отдаёт дальше 31% полученного",1,False,False,1,1,1,1,1,1,23500.0,7200.0,0.6936,0.0,1,0,0,0,0.00028947,2e-07,1,0,0,0.0,0.6476,0.2484,0.6624,
100000004549591100,peripheral,0.8294,32,0.1435,1873,"Периферия, явных признаков нет: 4-е колено: исходящие не видны; получает от 1 плательщ. (49 тыс ₸)",4,False,True,0,0,1,0,1,0,49000.0,0.0,,0.0,1,0,0,0,0.00044432,0.0,1,0,0,0.0,,0.5869,0.0,
100000008744364100,terminal,0.5237,34,0.1434,1874,Конечная точка в данных: получает от 1 плательщ. (24 тыс ₸); исходящих ≥5 тыс ₸ нет,3,False,False,1,0,1,0,1,0,23700.0,0.0,1.0,0.0,1,0,0,0,0.00028927,0.0,1,0,0,0.0,0.0,0.2119,0.0,
100000002216999100,terminal,0.5234,34,0.1432,1875,Конечная точка в данных: получает от 1 плательщ. (24 тыс ₸); исходящих ≥5 тыс ₸ нет,3,False,False,1,0,1,0,1,0,23677.0,0.0,1.0,0.0,1,0,0,0,0.00028926,0.0,1,0,0,0.0,0.0,0.2107,0.0,
100000008755754100,terminal,0.4762,16,0.1431,1876,Конечная точка в данных: получает от 1 плательщ. (7 тыс ₸); исходящих ≥5 тыс ₸ нет,3,False,False,1,0,1,0,1,0,7000.0,0.0,1.0,0.0,1,0,0,0,0.0002959,0.0,0,0,0,0.0,0.0,0.0254,0.0,
100000005849862100,peripheral,0.9,3,0.143,1877,"Периферия, явных признаков нет: 4-е колено: исходящие не видны; получает от 1 плательщ. (13 тыс ₸)",4,False,True,0,0,1,0,2,0,13000.0,0.0,,0.0,1,0,0,0,0.00054844,0.0,0,0,0,0.0,,0.2393,0.0,
100000008696692100,terminal,0.5109,35,0.1429,1878,Конечная точка в данных: получает от 1 плательщ. (19 тыс ₸); исходящих ≥5 тыс ₸ нет,2,False,False,1,0,1,0,1,0,19000.0,0.0,1.0,0.0,1,0,0,0,0.00029202,0.0,1,0,0,0.0,0.0,0.1432,0.0,
100000008688155100,terminal,0.5228,34,0.1428,1879,Конечная точка в данных: получает от 1 плательщ. (24 тыс ₸); исходящих ≥5 тыс ₸ нет,3,False,False,1,0,1,0,1,0,23600.0,0.0,1.0,0.0,1,0,0,0,0.00028925,0.0,1,0,0,0.0,0.0,0.2056,0.0,
100000002913340100,terminal,0.5228,34,0.1428,1880,Конечная точка в данных: получает от 1 плательщ. (24 тыс ₸); исходящих ≥5 тыс ₸ нет,3,False,False,1,0,1,0,1,0,23600.0,0.0,1.0,0.0,1,0,0,0,0.00028925,0.0,1,0,0,0.0,0.0,0.2056,0.0,
100000008588665100,peripheral,0.8701,2,0.1426,1881,"Периферия, явных признаков нет: 4-е колено: исходящие не видны; получает от 1 плательщ. (25 тыс ₸)",4,False,True,0,0,1,0,1,0,25000.0,0.0,,0.0,1,0,0,0,0.00035249,0.0,0,0,0,0.0,,0.4266,0.0,
100000002404112100,peripheral,0.8136,24,0.1425,1882,"Периферия, явных признаков нет: 4-е колено: исходящие не видны; получает от 1 плательщ. (60 тыс ₸)",4,False,True,0,0,1,0,1,0,60000.0,0.0,,0.0,1,0,0,0,0.00033008,0.0,1,0,0,0.0,,0.6298,0.0,
100000004265639100,peripheral,0.9,2,0.1424,1883,"Периферия, явных признаков нет: 4-е колено: исходящие не видны; получает от 1 плательщ. (10 тыс ₸)",4,False,True,0,0,1,0,1,0,10000.0,0.0,,0.0,1,0,0,0,0.00055232,0.0,0,0,0,0.0,,0.1535,0.0,
100000005723580100,peripheral,0.8487,11,0.1423,1884,"Периферия, явных признаков нет: 4-е колено: исходящие не видны; получает от 1 плательщ. (35 тыс ₸)",4,False,True,0,0,1,0,1,0,35000.0,0.0,,0.0,1,0,0,0,0.00034434,0.0,0,0,0,0.0,,0.5079,0.0,
100000005454368100,terminal,0.626,27,0.1422,1885,"Конечная точка в данных: деньги от 2 seed; получает от 2 плательщ. (49 тыс ₸); исходящих ≥5 тыс ₸ нет; seed, входящие занижены",0,True,False,2,0,2,0,2,0,48600.0,0.0,,0.0,1,0,0,0,0.00039419,0.0,2,0,1,0.7,0.0,0.3625,0.0,
100000008601794100,peripheral,0.6993,26,0.1422,1886,"Периферия, явных признаков нет: получает от 2 плательщ. (494 тыс ₸); платит 1 получат. (871 тыс ₸); 23% уходит ≤2 дн. после поступления; seed, входящие занижены",0,True,False,0,0,2,1,8,13,494400.0,871400.0,,0.2311,1,0,0,0,0.00236778,4e-07,1,1,0,0.7,0.3875,0.8125,0.7125,
100000007988344100,peripheral,0.8854,2,0.1421,1887,"Периферия, явных признаков нет: 4-е колено: исходящие не видны; получает от 1 плательщ. (20 тыс ₸)",4,False,True,0,0,1,0,3,0,20000.0,0.0,,0.0,1,0,0,0,0.00038746,0.0,0,0,0,0.0,,0.3454,0.0,
100000003133045100,peripheral,0.8087,25,0.142,1888,"Периферия, явных признаков нет: 4-е колено: исходящие не видны; получает от 1 плательщ. (68 тыс ₸)",4,False,True,0,0,1,0,1,0,68000.0,0.0,,0.0,1,0,0,0,0.00033305,0.0,1,0,0,0.0,,0.6569,0.0,
100000004747154100,peripheral,0.8088,25,0.1418,1889,"Периферия, явных признаков нет: 4-е колено: исходящие не видны; получает от 1 плательщ. (67 тыс ₸)",4,False,True,0,0,1,0,1,0,67000.0,0.0,,0.0,1,0,0,0,0.00033235,0.0,1,0,0,0.0,,0.6546,0.0,
100000008042075100,terminal,0.4701,5,0.1417,1890,Конечная точка в данных: получает от 1 плательщ. (5 тыс ₸); исходящих ≥5 тыс ₸ нет,3,False,False,1,0,1,0,1,0,5000.0,0.0,1.0,0.0,1,0,0,0,0.00029196,0.0,0,0,0,0.0,0.0,0.0,0.0,
100000002603371100,terminal,0.4804,3,0.1415,1891,Конечная точка в данных: получает от 1 плательщ. (9 тыс ₸); исходящих ≥5 тыс ₸ нет,3,False,False,1,0,1,0,1,0,9300.0,0.0,1.0,0.0,1,0,0,0,0.00028938,0.0,1,0,0,0.0,0.0,0.0393,0.0,
100000003006633100,terminal,0.4878,20,0.1413,1892,Конечная точка в данных: получает от 1 плательщ. (10 тыс ₸); исходящих ≥5 тыс ₸ нет,3,False,False,1,0,1,0,1,0,10000.0,0.0,1.0,0.0,1,0,0,0,0.0002932,0.0,1,0,0,0.0,0.0,0.0457,0.0,
100000008677368100,peripheral,0.9,3,0.1413,1893,"Периферия, явных признаков нет: 4-е колено: исходящие не видны; получает от 1 плательщ. (14 тыс ₸)",4,False,True,0,0,1,0,1,0,13500.0,0.0,,0.0,1,0,0,0,0.00053403,0.0,0,0,0,0.0,,0.2506,0.0,
100000008745863100,terminal,0.5208,34,0.1412,1894,Конечная точка в данных: получает от 1 плательщ. (23 тыс ₸); исходящих ≥5 тыс ₸ нет,3,False,False,1,0,1,0,1,0,22900.0,0.0,1.0,0.0,1,0,0,0,0.00028914,0.0,1,0,0,0.0,0.0,0.1967,0.0,
100000005386383100,peripheral,0.6457,4,0.1411,1895,"Периферия, явных признаков нет: получает от 2 плательщ. (38 тыс ₸); платит 1 получат. (29 тыс ₸); seed, входящие занижены",0,True,False,1,0,2,1,2,1,37500.0,29000.0,,0.0,2,0,0,0,0.00052433,2.852e-05,0,1,1,0.7,0.3875,0.4375,0.875,
100000008661550100,terminal,0.5208,34,0.141,1896,Конечная точка в данных: получает от 1 плательщ. (23 тыс ₸); исходящих ≥5 тыс ₸ нет,3,False,False,1,0,1,0,1,0,22800.0,0.0,1.0,0.0,1,0,0,0,0.00028913,0.0,1,0,0,0.0,0.0,0.1954,0.0,
100000003951827100,peripheral,0.6674,3,0.1406,1897,"Периферия, явных признаков нет: деньги от 2 seed; получает от 1 плательщ. (9 тыс ₸); платит 2 получат. (17 тыс ₸); отдаёт в 1.9 раза больше видимого входа",3,False,False,2,0,1,2,1,2,9000.0,17000.0,0.0,0.0,1,1,0,0,0.00028608,1.33e-06,1,1,1,0.0,0.8363,0.2398,0.698,
100000005498992100,distributor,0.503,31,0.1404,1898,"Признаки веерной раздачи: платит 16 получат. (2.3 млн ₸); seed, входящие занижены",0,True,False,0,0,0,16,0,19,0.0,2262868.0,,0.0,0,1,0,0,0.00028557,0.0,0,7,3,0.0,0.9125,0.9,0.0,
100000008680061100,peripheral,0.8398,3,0.1403,1899,"Периферия, явных признаков нет: 4-е колено: исходящие не видны; получает от 1 плательщ. (41 тыс ₸)",4,False,True,0,0,1,0,2,0,41300.0,0.0,,0.0,1,0,0,0,0.00031069,0.0,1,0,0,0.0,,0.544,0.0,
100000002258492100,peripheral,0.9,1,0.14,1900,"Периферия, явных признаков нет: 4-е колено: исходящие не видны; получает от 1 плательщ. (9 тыс ₸)",4,False,True,0,0,1,0,1,0,9000.0,0.0,,0.0,1,0,0,0,0.00054013,0.0,0,0,0,0.0,,0.1377,0.0,
100000005910895100,peripheral,0.9,1,0.1399,1901,"Периферия, явных признаков нет: 4-е колено: исходящие не видны; получает от 1 плательщ. (5 тыс ₸)",4,False,True,0,0,1,0,1,0,5100.0,0.0,,0.0,1,0,0,0,0.0005976,0.0,0,0,0,0.0,,0.0474,0.0,
100000001155773100,terminal,0.5189,34,0.1398,1902,Конечная точка в данных: получает от 1 плательщ. (22 тыс ₸); исходящих ≥5 тыс ₸ нет,3,False,False,1,0,1,0,1,0,21500.0,0.0,1.0,0.0,1,0,0,0,0.00028892,0.0,1,0,0,0.0,0.0,0.1865,0.0,
100000008471634100,peripheral,0.8854,33,0.1398,1903,"Периферия, явных признаков нет: 4-е колено: исходящие не видны; получает от 1 плательщ. (20 тыс ₸)",4,False,True,0,0,1,0,1,0,20000.0,0.0,,0.0,1,0,0,0,0.00112461,0.0,0,0,0,0.0,,0.3454,0.0,
100000006257675100,peripheral,0.8063,39,0.1398,1904,"Периферия, явных признаков нет: 4-е колено: исходящие не видны; получает от 1 плательщ. (70 тыс ₸)",4,False,True,0,0,1,0,2,0,70000.0,0.0,,0.0,1,0,0,0,0.00038265,0.0,1,0,0,0.0,,0.6591,0.0,
100000005041147100,peripheral,0.9,2,0.1397,1905,"Периферия, явных признаков нет: 4-е колено: исходящие не видны; получает от 1 плательщ. (10 тыс ₸)",4,False,True,0,0,1,0,1,0,10000.0,0.0,,0.0,1,0,0,0,0.00053376,0.0,0,0,0,0.0,,0.1535,0.0,
100000008683818100,terminal,0.5063,35,0.1396,1906,Конечная точка в данных: получает от 1 плательщ. (17 тыс ₸); исходящих ≥5 тыс ₸ нет,2,False,False,1,0,1,0,1,0,17400.0,0.0,1.0,0.0,1,0,0,0,0.00029148,0.0,1,0,0,0.0,0.0,0.1323,0.0,
100000006693788100,peripheral,0.9,2,0.1396,1907,"Периферия, явных признаков нет: 4-е колено: исходящие не видны; получает от 1 плательщ. (11 тыс ₸)",4,False,True,0,0,1,0,1,0,10764.0,0.0,,0.0,1,0,0,0,0.00053209,0.0,0,0,0,0.0,,0.2144,0.0,
100000006573438100,terminal,0.4701,23,0.1395,1908,Конечная точка в данных: получает от 1 плательщ. (5 тыс ₸); исходящих ≥5 тыс ₸ нет,3,False,False,1,0,1,0,1,0,5000.0,0.0,1.0,0.0,1,0,0,0,0.00029909,0.0,0,0,0,0.0,0.0,0.0,0.0,
100000001380107100,terminal,0.4735,9,0.1394,1909,Конечная точка в данных: получает от 1 плательщ. (6 тыс ₸); исходящих ≥5 тыс ₸ нет,3,False,False,1,0,1,0,1,0,6000.0,0.0,1.0,0.0,1,0,0,0,0.00029095,0.0,0,0,0,0.0,0.0,0.0152,0.0,
100000008740793100,terminal,0.5184,34,0.1392,1910,Конечная точка в данных: получает от 1 плательщ. (21 тыс ₸); исходящих ≥5 тыс ₸ нет,3,False,False,1,0,1,0,1,0,21000.0,0.0,1.0,0.0,1,0,0,0,0.00028885,0.0,1,0,0,0.0,0.0,0.1827,0.0,
100000008763688100,terminal,0.5184,34,0.1392,1911,Конечная точка в данных: получает от 1 плательщ. (21 тыс ₸); исходящих ≥5 тыс ₸ нет,3,False,False,1,0,1,0,1,0,21000.0,0.0,1.0,0.0,1,0,0,0,0.00028885,0.0,1,0,0,0.0,0.0,0.1827,0.0,
100000008712036100,terminal,0.5184,34,0.1392,1912,Конечная точка в данных: получает от 1 плательщ. (21 тыс ₸); исходящих ≥5 тыс ₸ нет,3,False,False,1,0,1,0,1,0,21000.0,0.0,1.0,0.0,1,0,0,0,0.00028885,0.0,1,0,0,0.0,0.0,0.1827,0.0,
100000008745676100,peripheral,0.8503,34,0.1392,1913,"Периферия, явных признаков нет: 4-е колено: исходящие не видны; получает от 1 плательщ. (35 тыс ₸)",4,False,True,0,0,1,0,1,0,34547.0,0.0,,0.0,1,0,0,0,0.00053032,0.0,0,0,0,0.0,,0.5056,0.0,
100000003218308100,terminal,0.5147,30,0.139,1914,Конечная точка в данных: деньги от 2 seed; получает от 1 плательщ. (11 тыс ₸); исходящих ≥5 тыс ₸ нет,3,False,False,2,0,1,0,1,0,11165.0,0.0,1.0,0.0,1,0,0,0,0.0002862,0.0,1,0,0,0.0,0.0,0.0711,0.0,
100000004007197100,terminal,0.4878,6,0.1389,1915,Конечная точка в данных: получает от 1 плательщ. (10 тыс ₸); исходящих ≥5 тыс ₸ нет,3,False,False,1,0,1,0,1,0,10048.0,0.0,1.0,0.0,1,0,0,0,0.00028769,0.0,1,0,0,0.0,0.0,0.0635,0.0,
100000002975287100,terminal,0.5001,23,0.1386,1916,Конечная точка в данных: получает от 1 плательщ. (15 тыс ₸); исходящих ≥5 тыс ₸ нет,3,False,False,1,0,1,0,1,0,15000.0,0.0,1.0,0.0,1,0,0,0,0.00028919,0.0,1,0,0,0.0,0.0,0.099,0.0,
100000008011573100,terminal,0.5001,23,0.1386,1917,Конечная точка в данных: получает от 1 плательщ. (15 тыс ₸); исходящих ≥5 тыс ₸ нет,3,False,False,1,0,1,0,1,0,15000.0,0.0,1.0,0.0,1,0,0,0,0.00028919,0.0,1,0,0,0.0,0.0,0.099,0.0,
100000005087923100,peripheral,0.8854,13,0.1386,1918,"Периферия, явных признаков нет: 4-е колено: исходящие не видны; получает от 1 плательщ. (20 тыс ₸)",4,False,True,0,0,1,0,1,0,20000.0,0.0,,0.0,1,0,0,0,0.00046058,0.0,0,0,0,0.0,,0.3454,0.0,
100000002702968100,peripheral,0.8541,13,0.1384,1919,"Периферия, явных признаков нет: 4-е колено: исходящие не видны; получает от 1 плательщ. (32 тыс ₸); повтор. маршрутов: 1",4,False,True,0,0,1,0,1,0,31600.0,0.0,,0.0,1,0,0,1,0.0002974,0.0,1,0,0,0.0,,0.4898,0.0,
100000004400480100,peripheral,0.8825,16,0.1384,1920,"Периферия, явных признаков нет: 4-е колено: исходящие не видны; получает от 1 плательщ. (22 тыс ₸)",4,False,True,0,0,1,0,1,0,21700.0,0.0,,0.0,1,0,0,0,0.00048457,0.0,0,0,0,0.0,,0.4108,0.0,
100000002371892100,peripheral,0.838,4,0.1383,1921,"Периферия, явных признаков нет: 4-е колено: исходящие не видны; получает от 1 плательщ. (44 тыс ₸)",4,False,True,0,0,1,0,1,0,43830.0,0.0,,0.0,1,0,0,0,0.00030653,0.0,0,0,0,0.0,,0.5508,0.0,
100000002968096100,peripheral,0.8063,27,0.1382,1922,"Периферия, явных признаков нет: 4-е колено: исходящие не видны; получает от 1 плательщ. (70 тыс ₸)",4,False,True,0,0,1,0,1,0,70000.0,0.0,,0.0,1,0,0,0,0.00031948,0.0,0,0,0,0.0,,0.6591,0.0,
100000002540033100,peripheral,0.9,11,0.138,1923,"Периферия, явных признаков нет: 4-е колено: исходящие не видны; получает от 1 плательщ. (10 тыс ₸)",4,False,True,0,0,1,0,1,0,10000.0,0.0,,0.0,1,0,0,0,0.00059609,0.0,0,0,0,0.0,,0.1535,0.0,
100000000749118100,peripheral,0.7295,30,0.1377,1924,"Периферия, явных признаков нет: деньги от 2 seed; получает от 1 плательщ. (10 тыс ₸); платит 1 получат. (16 тыс ₸); отдаёт в 1.6 раза больше видимого входа",3,False,False,2,0,1,1,1,1,10330.0,16500.0,0.0,0.0,1,0,0,0,0.00028615,1.922e-05,1,0,0,0.0,0.6409,0.2576,0.7297,
100000003336565100,terminal,0.504,35,0.1376,1925,Конечная точка в данных: получает от 1 плательщ. (17 тыс ₸); исходящих ≥5 тыс ₸ нет,2,False,False,1,0,1,0,1,0,16550.0,0.0,1.0,0.0,1,0,0,0,0.00029119,0.0,1,0,0,0.0,0.0,0.1258,0.0,
100000003561031100,peripheral,0.7943,2,0.1376,1926,"Периферия, явных признаков нет: получает от 1 плательщ. (13 тыс ₸); платит 1 получат. (5 тыс ₸); отдаёт дальше 38% полученного",3,False,False,1,0,1,1,1,1,13300.0,5000.0,0.6241,0.0,1,0,0,0,0.00028828,1.922e-05,1,0,0,0.0,0.6409,0.1536,0.7297,
100000006710485100,terminal,0.5167,34,0.1375,1927,Конечная точка в данных: получает от 1 плательщ. (20 тыс ₸); исходящих ≥5 тыс ₸ нет,3,False,False,1,0,1,0,1,0,20000.0,0.0,1.0,0.0,1,0,0,0,0.00028869,0.0,1,0,0,0.0,0.0,0.1624,0.0,
100000008745884100,terminal,0.5167,34,0.1375,1928,Конечная точка в данных: получает от 1 плательщ. (20 тыс ₸); исходящих ≥5 тыс ₸ нет,3,False,False,1,0,1,0,1,0,20000.0,0.0,1.0,0.0,1,0,0,0,0.00028869,0.0,1,0,0,0.0,0.0,0.1624,0.0,
100000008130868100,peripheral,0.8804,16,0.1375,1929,"Периферия, явных признаков нет: 4-е колено: исходящие не видны; получает от 1 плательщ. (23 тыс ₸)",4,False,True,0,0,1,0,1,0,22782.0,0.0,,0.0,1,0,0,0,0.0004516,0.0,0,0,0,0.0,,0.4131,0.0,
100000008771627100,terminal,0.5039,35,0.1374,1930,Конечная точка в данных: получает от 1 плательщ. (16 тыс ₸); исходящих ≥5 тыс ₸ нет,2,False,False,1,0,1,0,1,0,16500.0,0.0,1.0,0.0,1,0,0,0,0.00029117,0.0,1,0,0,0.0,0.0,0.1236,0.0,
100000003216073100,peripheral,0.785,27,0.1374,1931,"Периферия, явных признаков нет: получает от 1 плательщ. (37 тыс ₸); платит 1 получат. (70 тыс ₸); отдаёт в 1.9 раза больше видимого входа",3,False,False,1,0,1,1,1,1,37001.0,70000.0,0.0,0.0,1,0,0,0,0.0002882,7.9e-07,1,0,0,0.0,0.6409,0.5546,0.6853,
100000003091142100,peripheral,0.8414,30,0.1374,1932,"Периферия, явных признаков нет: 4-е колено: исходящие не видны; получает от 1 плательщ. (40 тыс ₸)",4,False,True,0,0,1,0,1,0,40000.0,0.0,,0.0,1,0,0,0,0.00040986,0.0,0,0,0,0.0,,0.5282,0.0,
100000005497148100,peripheral,0.8752,23,0.1373,1933,"Периферия, явных признаков нет: 4-е колено: исходящие не видны; получает от 1 плательщ. (24 тыс ₸)",4,False,True,0,0,1,0,2,0,24000.0,0.0,,0.0,1,0,0,0,0.00049001,0.0,0,0,0,0.0,,0.4176,0.0,
100000000704700100,peripheral,0.9,6,0.1373,1934,"Периферия, явных признаков нет: 4-е колено: исходящие не видны; получает от 1 плательщ. (10 тыс ₸)",4,False,True,0,0,1,0,1,0,10000.0,0.0,,0.0,1,0,0,0,0.00053326,0.0,0,0,0,0.0,,0.1535,0.0,
100000006490557100,terminal,0.4701,17,0.1371,1935,Конечная точка в данных: получает от 1 плательщ. (5 тыс ₸); повтор. маршрутов: 1; исходящих ≥5 тыс ₸ нет,2,False,False,1,0,1,0,1,0,5000.0,0.0,1.0,0.0,1,0,0,1,0.00028616,0.0,1,0,0,0.0,0.0,0.0,0.0,
100000000404740100,peripheral,0.8701,33,0.1371,1936,"Периферия, явных признаков нет: 4-е колено: исходящие не видны; получает от 1 плательщ. (25 тыс ₸)",4,False,True,0,0,1,0,1,0,25000.0,0.0,,0.0,1,0,0,0,0.00055799,0.0,0,0,0,0.0,,0.4266,0.0,
100000004674389100,peripheral,0.9,0,0.1365,1937,"Периферия, явных признаков нет: 4-е колено: исходящие не видны; получает от 1 плательщ. (15 тыс ₸)",4,False,True,0,0,1,0,1,0,15000.0,0.0,,0.0,1,0,0,0,0.00035203,0.0,0,0,0,0.0,,0.2731,0.0,
100000008736394100,terminal,0.503,35,0.1364,1938,Конечная точка в данных: получает от 1 плательщ. (16 тыс ₸); исходящих ≥5 тыс ₸ нет,2,False,False,1,0,1,0,1,0,16000.0,0.0,1.0,0.0,1,0,0,0,0.000291,0.0,1,0,0,0.0,0.0,0.1171,0.0,
100000008749989100,terminal,0.503,35,0.1364,1939,Конечная точка в данных: получает от 1 плательщ. (16 тыс ₸); исходящих ≥5 тыс ₸ нет,2,False,False,1,0,1,0,1,0,16000.0,0.0,1.0,0.0,1,0,0,0,0.000291,0.0,1,0,0,0.0,0.0,0.1171,0.0,
100000001130553100,peripheral,0.8942,23,0.1364,1940,"Периферия, явных признаков нет: 4-е колено: исходящие не видны; получает от 1 плательщ. (18 тыс ₸)",4,False,True,0,0,1,0,2,0,18000.0,0.0,,0.0,1,0,0,0,0.00054365,0.0,1,0,0,0.0,,0.3363,0.0,
100000004569637100,peripheral,0.9,2,0.1363,1941,"Периферия, явных признаков нет: 4-е колено: исходящие не видны; получает от 1 плательщ. (6 тыс ₸)",4,False,True,0,0,1,0,1,0,5500.0,0.0,,0.0,1,0,0,0,0.00055316,0.0,0,0,0,0.0,,0.0632,0.0,
100000001415126100,terminal,0.5587,15,0.1361,1942,"Конечная точка в данных: деньги от 2 seed; получает от 1 плательщ. (27 тыс ₸); исходящих ≥5 тыс ₸ нет; seed, входящие занижены",0,True,False,2,0,1,0,1,0,27000.0,0.0,,0.0,1,0,0,0,0.00040962,0.0,0,0,0,0.525,0.0,0.3,0.0,
100000003230328100,peripheral,0.6,3,0.136,1943,"Периферия, явных признаков нет: 4-е колено: исходящие не видны; получает от 3 плательщ. (27 тыс ₸); по числу плательщиков больше всех узлов 4-го колена",4,False,True,0,0,3,0,3,0,26572.0,0.0,,0.0,1,0,0,0,0.00035168,0.0,3,0,1,0.9955,,0.4447,0.0,in_degree
100000004241142100,peripheral,0.864,30,0.1356,1944,"Периферия, явных признаков нет: 4-е колено: исходящие не видны; получает от 1 плательщ. (27 тыс ₸)",4,False,True,0,0,1,0,1,0,27102.0,0.0,,0.0,1,0,0,0,0.00053013,0.0,0,0,0,0.0,,0.4515,0.0,
100000002994441100,peripheral,0.9,2,0.1356,1945,"Периферия, явных признаков нет: 4-е колено: исходящие не видны; получает от 1 плательщ. (5 тыс ₸)",4,False,True,0,0,1,0,1,0,5000.0,0.0,,0.0,1,0,0,0,0.00055327,0.0,0,0,0,0.0,,0.0,0.0,
100000008738325100,peripheral,0.8096,15,0.1355,1946,"Периферия, явных признаков нет: получает от 1 плательщ. (37 тыс ₸); платит 1 получат. (54 тыс ₸); seed, входящие занижены",0,True,False,1,1,1,1,1,1,36550.0,54000.0,,0.0,1,0,0,0,0.00052859,2e-07,0,1,0,0.525,0.3875,0.4875,0.7,
100000006866831100,peripheral,0.9,2,0.1354,1947,"Периферия, явных признаков нет: 4-е колено: исходящие не видны; получает от 1 плательщ. (16 тыс ₸)",4,False,True,0,0,1,0,1,0,16500.0,0.0,,0.0,1,0,0,0,0.00036768,0.0,0,0,0,0.0,,0.316,0.0,
100000008703533100,peripheral,0.8032,11,0.1353,1948,"Периферия, явных признаков нет: 4-е колено: исходящие не видны; получает от 1 плательщ. (75 тыс ₸)",4,False,True,0,0,1,0,1,0,75000.0,0.0,,0.0,1,0,0,0,0.00029553,0.0,1,0,0,0.0,,0.6727,0.0,
100000003069463100,peripheral,0.7209,24,0.1351,1949,"Периферия, явных признаков нет: получает от 1 плательщ. (12 тыс ₸); платит 1 получат. (18 тыс ₸); отдаёт в 1.6 раза больше видимого входа",3,False,False,1,0,1,1,1,1,11500.0,17920.0,0.0,0.0,1,0,0,0,0.00028845,1.962e-05,1,0,0,0.0,0.6409,0.2754,0.8096,
100000008327791100,peripheral,0.9,10,0.1345,1950,"Периферия, явных признаков нет: 4-е колено: исходящие не видны; получает от 1 плательщ. (11 тыс ₸)",4,False,True,0,0,1,0,1,0,11000.0,0.0,,0.0,1,0,0,0,0.00053677,0.0,0,0,0,0.0,,0.2167,0.0,
100000002713974100,peripheral,0.8241,27,0.1345,1951,"Периферия, явных признаков нет: 4-е колено: исходящие не видны; получает от 1 плательщ. (50 тыс ₸)",4,False,True,0,0,1,0,1,0,50000.0,0.0,,0.0,1,0,0,0,0.00032995,0.0,0,0,0,0.0,,0.5937,0.0,
100000000299820100,peripheral,0.9,2,0.1344,1952,"Периферия, явных признаков нет: 4-е колено: исходящие не видны; получает от 1 плательщ. (10 тыс ₸)",4,False,True,0,0,1,0,1,0,10000.0,0.0,,0.0,1,0,0,0,0.00045016,0.0,0,0,0,0.0,,0.1535,0.0,
100000003481025100,peripheral,0.9,3,0.1343,1953,"Периферия, явных признаков нет: 4-е колено: исходящие не видны; получает от 1 плательщ. (9 тыс ₸)",4,False,True,0,0,1,0,1,0,9000.0,0.0,,0.0,1,0,0,0,0.00053103,0.0,0,0,0,0.0,,0.1377,0.0,
100000004739664100,peripheral,0.8093,35,0.1342,1954,"Периферия, явных признаков нет: получает от 1 плательщ. (12 тыс ₸); платит 1 получат. (10 тыс ₸); отдаёт дальше 83% полученного",1,False,False,1,1,1,1,1,1,12000.0,10000.0,0.1667,0.0,1,0,0,0,0.00028809,1.39e-06,1,0,0,0.0,0.6476,0.1614,0.7176,
100000005619339100,peripheral,0.8,4,0.1342,1955,"Периферия, явных признаков нет: получает от 1 плательщ. (5 тыс ₸); платит 1 получат. (5 тыс ₸); отдаёт в 1.1 раза больше видимого входа",2,False,False,1,0,1,1,1,1,5000.0,5442.6,0.0,0.0,1,0,0,0,0.00032083,0.0,0,1,0,0.0,0.5835,0.0694,0.0,
100000005357034100,terminal,0.506,30,0.1341,1956,Конечная точка в данных: деньги от 2 seed; получает от 1 плательщ. (10 тыс ₸); исходящих ≥5 тыс ₸ нет,3,False,False,2,0,1,0,1,0,9754.0,0.0,1.0,0.0,1,0,0,0,0.00028612,0.0,1,0,0,0.0,0.0,0.0444,0.0,
100000005685783100,peripheral,0.867,34,0.134,1957,"Периферия, явных признаков нет: 4-е колено: исходящие не видны; получает от 1 плательщ. (26 тыс ₸)",4,False,True,0,0,1,0,1,0,26150.0,0.0,,0.0,1,0,0,0,0.00053206,0.0,0,0,0,0.0,,0.4424,0.0,
100000008687492100,terminal,0.5001,35,0.1338,1958,Конечная точка в данных: получает от 1 плательщ. (15 тыс ₸); исходящих ≥5 тыс ₸ нет,2,False,False,1,0,1,0,1,0,15000.0,0.0,1.0,0.0,1,0,0,0,0.00029066,0.0,1,0,0,0.0,0.0,0.102,0.0,
100000008776310100,terminal,0.5111,34,0.1338,1959,Конечная точка в данных: получает от 1 плательщ. (19 тыс ₸); исходящих ≥5 тыс ₸ нет,3,False,False,1,0,1,0,1,0,19200.0,0.0,1.0,0.0,1,0,0,0,0.00028857,0.0,1,0,0,0.0,0.0,0.1599,0.0,
100000003819173100,peripheral,0.7697,27,0.1336,1960,"Периферия, явных признаков нет: 4-е колено: исходящие не видны; получает от 1 плательщ. (144 тыс ₸)",4,False,True,0,0,1,0,1,0,143777.0,0.0,,0.0,1,0,0,0,0.00029521,0.0,1,0,0,0.0,,0.7878,0.0,
100000006706519100,peripheral,0.8472,30,0.1335,1961,"Периферия, явных признаков нет: 4-е колено: исходящие не видны; получает от 1 плательщ. (36 тыс ₸)",4,False,True,0,0,1,0,3,0,36000.0,0.0,,0.0,1,0,0,0,0.00039071,0.0,0,0,0,0.0,,0.5169,0.0,
100000004013952100,peripheral,0.9,2,0.1334,1962,"Периферия, явных признаков нет: 4-е колено: исходящие не видны; получает от 1 плательщ. (6 тыс ₸)",4,False,True,0,0,1,0,1,0,5500.0,0.0,,0.0,1,0,0,0,0.00053314,0.0,0,0,0,0.0,,0.0632,0.0,
100000008767065100,terminal,0.4878,11,0.1331,1963,Конечная точка в данных: получает от 1 плательщ. (10 тыс ₸); исходящих ≥5 тыс ₸ нет,3,False,False,1,0,1,0,1,0,10000.0,0.0,1.0,0.0,1,0,0,0,0.0002871,0.0,1,0,0,0.0,0.0,0.0457,0.0,
100000004140994100,terminal,0.5101,34,0.133,1964,Конечная точка в данных: получает от 1 плательщ. (19 тыс ₸); исходящих ≥5 тыс ₸ нет,3,False,False,1,0,1,0,1,0,18650.0,0.0,1.0,0.0,1,0,0,0,0.00028848,0.0,1,0,0,0.0,0.0,0.1561,0.0,
100000000655469100,peripheral,0.8854,9,0.1329,1965,"Периферия, явных признаков нет: 4-е колено: исходящие не видны; получает от 1 плательщ. (20 тыс ₸)",4,False,True,0,0,1,0,2,0,20000.0,0.0,,0.0,1,0,0,0,0.00034543,0.0,1,0,0,0.0,,0.3454,0.0,
100000002689717100,peripheral,0.8311,13,0.1327,1966,"Периферия, явных признаков нет: 4-е колено: исходящие не видны; получает от 1 плательщ. (48 тыс ₸)",4,False,True,0,0,1,0,1,0,47500.0,0.0,,0.0,1,0,0,0,0.00030335,0.0,1,0,0,0.0,,0.5801,0.0,
100000008712184100,terminal,0.5096,34,0.1326,1967,Конечная точка в данных: получает от 1 плательщ. (18 тыс ₸); исходящих ≥5 тыс ₸ нет,3,False,False,1,0,1,0,1,0,18000.0,0.0,1.0,0.0,1,0,0,0,0.00028838,0.0,1,0,0,0.0,0.0,0.1485,0.0,
100000008715887100,terminal,0.5096,34,0.1326,1968,Конечная точка в данных: получает от 1 плательщ. (18 тыс ₸); исходящих ≥5 тыс ₸ нет,3,False,False,1,0,1,0,1,0,18000.0,0.0,1.0,0.0,1,0,0,0,0.00028838,0.0,1,0,0,0.0,0.0,0.1485,0.0,
100000008754997100,terminal,0.5096,34,0.1326,1969,Конечная точка в данных: получает от 1 плательщ. (18 тыс ₸); исходящих ≥5 тыс ₸ нет,3,False,False,1,0,1,0,1,0,18000.0,0.0,1.0,0.0,1,0,0,0,0.00028838,0.0,1,0,0,0.0,0.0,0.1485,0.0,
100000001229743100,peripheral,0.7295,3,0.1325,1970,"Периферия, явных признаков нет: получает от 1 плательщ. (7 тыс ₸); платит 1 получат. (9 тыс ₸); отдаёт в 1.3 раза больше видимого входа",3,False,False,1,0,1,1,1,1,7000.0,9000.0,0.0,0.0,1,0,0,0,0.00028844,1.922e-05,1,0,0,0.0,0.6409,0.1193,0.7297,
100000002706810100,peripheral,0.8352,16,0.1325,1971,"Периферия, явных признаков нет: 4-е колено: исходящие не видны; получает от 1 плательщ. (45 тыс ₸)",4,False,True,0,0,1,0,1,0,45000.0,0.0,,0.0,1,0,0,0,0.00030965,0.0,1,0,0,0.0,,0.5598,0.0,
100000003001138100,peripheral,0.8565,12,0.1323,1972,"Периферия, явных признаков нет: 4-е колено: исходящие не видны; получает от 1 плательщ. (30 тыс ₸)",4,False,True,0,0,1,0,1,0,30000.0,0.0,,0.0,1,0,0,0,0.00031733,0.0,1,0,0,0.0,,0.4605,0.0,
100000006527156100,peripheral,0.8302,3,0.1321,1973,"Периферия, явных признаков нет: 4-е колено: исходящие не видны; получает от 1 плательщ. (48 тыс ₸)",4,False,True,0,0,1,0,1,0,48500.0,0.0,,0.0,1,0,0,0,0.00029608,0.0,0,0,0,0.0,,0.5824,0.0,
100000002514975100,peripheral,0.8963,24,0.1317,1974,"Периферия, явных признаков нет: 4-е колено: исходящие не видны; получает от 1 плательщ. (18 тыс ₸)",4,False,True,0,0,1,0,1,0,17920.0,0.0,,0.0,1,0,0,0,0.00053104,0.0,0,0,0,0.0,,0.3341,0.0,
100000003626268100,peripheral,0.9,2,0.1317,1975,"Периферия, явных признаков нет: 4-е колено: исходящие не видны; получает от 1 плательщ. (5 тыс ₸)",4,False,True,0,0,1,0,1,0,5000.0,0.0,,0.0,1,0,0,0,0.00053089,0.0,0,0,0,0.0,,0.0,0.0,
100000004791226100,peripheral,0.8854,30,0.1317,1976,"Периферия, явных признаков нет: 4-е колено: исходящие не видны; получает от 1 плательщ. (20 тыс ₸)",4,False,True,0,0,1,0,1,0,20000.0,0.0,,0.0,1,0,0,0,0.00054148,0.0,0,0,0,0.0,,0.3454,0.0,
100000005226217100,peripheral,0.898,11,0.1314,1977,"Периферия, явных признаков нет: 4-е колено: исходящие не видны; получает от 1 плательщ. (18 тыс ₸)",4,False,True,0,0,1,0,1,0,17500.0,0.0,,0.0,1,0,0,0,0.00038302,0.0,0,0,0,0.0,,0.3273,0.0,
100000004691350100,peripheral,0.9,28,0.1313,1978,"Периферия, явных признаков нет: 4-е колено: исходящие не видны; получает от 1 плательщ. (13 тыс ₸)",4,False,True,0,0,1,0,1,0,13300.0,0.0,,0.0,1,0,0,0,0.00088706,0.0,0,0,0,0.0,,0.246,0.0,
100000008735832100,terminal,0.5076,34,0.1312,1979,Конечная точка в данных: получает от 1 плательщ. (18 тыс ₸); исходящих ≥5 тыс ₸ нет,3,False,False,1,0,1,0,1,0,17600.0,0.0,1.0,0.0,1,0,0,0,0.00028832,0.0,1,0,0,0.0,0.0,0.1421,0.0,
100000002116705100,terminal,0.5076,34,0.1312,1980,Конечная точка в данных: получает от 1 плательщ. (18 тыс ₸); исходящих ≥5 тыс ₸ нет,3,False,False,1,0,1,0,1,0,17600.0,0.0,1.0,0.0,1,0,0,0,0.00028832,0.0,1,0,0,0.0,0.0,0.1421,0.0,
100000008755168100,terminal,0.5076,34,0.1312,1981,Конечная точка в данных: получает от 1 плательщ. (18 тыс ₸); исходящих ≥5 тыс ₸ нет,3,False,False,1,0,1,0,1,0,17600.0,0.0,1.0,0.0,1,0,0,0,0.00028832,0.0,1,0,0,0.0,0.0,0.1421,0.0,
100000008687990100,terminal,0.5076,34,0.1312,1982,Конечная точка в данных: получает от 1 плательщ. (18 тыс ₸); исходящих ≥5 тыс ₸ нет,3,False,False,1,0,1,0,1,0,17600.0,0.0,1.0,0.0,1,0,0,0,0.00028832,0.0,1,0,0,0.0,0.0,0.1421,0.0,
100000002511581100,terminal,0.5076,34,0.1312,1983,Конечная точка в данных: получает от 1 плательщ. (18 тыс ₸); исходящих ≥5 тыс ₸ нет,3,False,False,1,0,1,0,1,0,17600.0,0.0,1.0,0.0,1,0,0,0,0.00028832,0.0,1,0,0,0.0,0.0,0.1421,0.0,
100000008628818100,peripheral,0.8338,13,0.1312,1984,"Периферия, явных признаков нет: 4-е колено: исходящие не видны; получает от 1 плательщ. (46 тыс ₸)",4,False,True,0,0,1,0,1,0,46310.0,0.0,,0.0,1,0,0,0,0.0003029,0.0,1,0,0,0.0,,0.5756,0.0,
100000004167082100,peripheral,0.9,3,0.1311,1985,"Периферия, явных признаков нет: 4-е колено: исходящие не видны; получает от 1 плательщ. (13 тыс ₸)",4,False,True,0,0,1,0,1,0,13300.0,0.0,,0.0,1,0,0,0,0.00038491,0.0,0,0,0,0.0,,0.246,0.0,
100000004472936100,peripheral,0.9,3,0.1308,1986,"Периферия, явных признаков нет: 4-е колено: исходящие не видны; получает от 1 плательщ. (5 тыс ₸)",4,False,True,0,0,1,0,1,0,5000.0,0.0,,0.0,1,0,0,0,0.0005319,0.0,0,0,0,0.0,,0.0,0.0,
100000003010908100,peripheral,0.9,13,0.1308,1987,"Периферия, явных признаков нет: 4-е колено: исходящие не видны; получает от 1 плательщ. (17 тыс ₸)",4,False,True,0,0,1,0,1,0,17000.0,0.0,,0.0,1,0,0,0,0.00039941,0.0,0,0,0,0.0,,0.3205,0.0,
100000001202637100,peripheral,0.9,17,0.1307,1988,"Периферия, явных признаков нет: 4-е колено: исходящие не видны; получает от 1 плательщ. (10 тыс ₸)",4,False,True,0,0,1,0,1,0,10000.0,0.0,,0.0,1,0,0,0,0.00054877,0.0,0,0,0,0.0,,0.1535,0.0,
100000005293969100,peripheral,0.9,3,0.1306,1989,"Периферия, явных признаков нет: 4-е колено: исходящие не видны; получает от 1 плательщ. (5 тыс ₸)",4,False,True,0,0,1,0,1,0,5466.97,0.0,,0.0,1,0,0,0,0.00053049,0.0,0,0,0,0.0,,0.0609,0.0,
100000008767950100,terminal,0.5061,34,0.1303,1990,Конечная точка в данных: получает от 1 плательщ. (17 тыс ₸); исходящих ≥5 тыс ₸ нет,3,False,False,1,0,1,0,1,0,17350.0,0.0,1.0,0.0,1,0,0,0,0.00028828,0.0,1,0,0,0.0,0.0,0.1409,0.0,
100000004269433100,peripheral,0.7593,1,0.1301,1991,"Периферия, явных признаков нет: платит 1 получат. (1.4 млн ₸); повтор. маршрутов: 3; seed, входящие занижены",0,True,False,0,0,0,1,0,67,0.0,1372000.0,,0.0,0,0,0,3,0.00028557,0.0,0,1,0,0.0,0.3875,0.825,0.0,
100000008706947100,terminal,0.506,34,0.1301,1992,Конечная точка в данных: получает от 1 плательщ. (17 тыс ₸); исходящих ≥5 тыс ₸ нет,3,False,False,1,0,1,0,1,0,17200.0,0.0,1.0,0.0,1,0,0,0,0.00028825,0.0,1,0,0,0.0,0.0,0.1332,0.0,
100000005995391100,terminal,0.506,34,0.1301,1993,Конечная точка в данных: получает от 1 плательщ. (17 тыс ₸); исходящих ≥5 тыс ₸ нет,3,False,False,1,0,1,0,1,0,17200.0,0.0,1.0,0.0,1,0,0,0,0.00028825,0.0,1,0,0,0.0,0.0,0.1332,0.0,
100000007022818100,terminal,0.506,34,0.1301,1994,Конечная точка в данных: получает от 1 плательщ. (17 тыс ₸); исходящих ≥5 тыс ₸ нет,3,False,False,1,0,1,0,1,0,17200.0,0.0,1.0,0.0,1,0,0,0,0.00028825,0.0,1,0,0,0.0,0.0,0.1332,0.0,
100000008708595100,terminal,0.506,34,0.1301,1995,Конечная точка в данных: получает от 1 плательщ. (17 тыс ₸); исходящих ≥5 тыс ₸ нет,3,False,False,1,0,1,0,1,0,17200.0,0.0,1.0,0.0,1,0,0,0,0.00028825,0.0,1,0,0,0.0,0.0,0.1332,0.0,
100000008684951100,terminal,0.506,34,0.1301,1996,Конечная точка в данных: получает от 1 плательщ. (17 тыс ₸); исходящих ≥5 тыс ₸ нет,3,False,False,1,0,1,0,1,0,17200.0,0.0,1.0,0.0,1,0,0,0,0.00028825,0.0,1,0,0,0.0,0.0,0.1332,0.0,
100000008309514100,terminal,0.506,34,0.1301,1997,Конечная точка в данных: получает от 1 плательщ. (17 тыс ₸); исходящих ≥5 тыс ₸ нет,3,False,False,1,0,1,0,1,0,17200.0,0.0,1.0,0.0,1,0,0,0,0.00028825,0.0,1,0,0,0.0,0.0,0.1332,0.0,
100000004291663100,peripheral,0.8701,3,0.13,1998,"Периферия, явных признаков нет: 4-е колено: исходящие не видны; получает от 1 плательщ. (25 тыс ₸)",4,False,True,0,0,1,0,1,0,25000.0,0.0,,0.0,1,0,0,0,0.00031117,0.0,1,0,0,0.0,,0.4266,0.0,
100000005589319100,peripheral,0.8681,3,0.13,1999,"Периферия, явных признаков нет: 4-е колено: исходящие не видны; получает от 1 плательщ. (26 тыс ₸)",4,False,True,0,0,1,0,1,0,26000.0,0.0,,0.0,1,0,0,0,0.00030996,0.0,1,0,0,0.0,,0.4402,0.0,
100000001677389100,peripheral,0.7943,10,0.1298,2000,"Периферия, явных признаков нет: получает от 1 плательщ. (11 тыс ₸); платит 1 получат. (5 тыс ₸); отдаёт дальше 49% полученного",3,False,False,1,0,1,1,1,1,11000.0,5400.0,0.5091,0.0,1,0,0,0,0.00028863,1.922e-05,1,0,0,0.0,0.6409,0.1269,0.7297,
100000008749900100,terminal,0.5053,34,0.1295,2001,Конечная точка в данных: получает от 1 плательщ. (17 тыс ₸); исходящих ≥5 тыс ₸ нет,3,False,False,1,0,1,0,1,0,17150.0,0.0,1.0,0.0,1,0,0,0,0.00028825,0.0,1,0,0,0.0,0.0,0.132,0.0,
100000008331280100,peripheral,0.8401,24,0.1295,2002,"Периферия, явных признаков нет: 4-е колено: исходящие не видны; получает от 1 плательщ. (41 тыс ₸)",4,False,True,0,0,1,0,2,0,41000.0,0.0,,0.0,1,0,0,0,0.00031807,0.0,0,0,0,0.0,,0.5418,0.0,
100000001232297100,peripheral,0.8,42,0.1294,2003,"Периферия, явных признаков нет: деньги от 2 seed; получает от 1 плательщ. (5 тыс ₸); платит 2 получат. (45 тыс ₸); отдаёт в 9.0 раза больше видимого входа",2,False,False,2,0,1,2,1,2,5000.0,45000.0,0.0,0.0,1,0,0,0,0.00029215,0.0,0,0,0,0.0,0.7614,0.3623,0.0,
100000008251939100,peripheral,0.8376,13,0.1293,2004,"Периферия, явных признаков нет: 4-е колено: исходящие не видны; получает от 1 плательщ. (44 тыс ₸)",4,False,True,0,0,1,0,1,0,44360.0,0.0,,0.0,1,0,0,0,0.00030217,0.0,1,0,0,0.0,,0.5553,0.0,
100000004981068100,peripheral,0.9,2,0.1293,2005,"Периферия, явных признаков нет: 4-е колено: исходящие не видны; получает от 1 плательщ. (10 тыс ₸)",4,False,True,0,0,1,0,1,0,10000.0,0.0,,0.0,1,0,0,0,0.00037885,0.0,0,0,0,0.0,,0.1535,0.0,
100000007382152100,terminal,0.4725,3,0.1291,2006,Конечная точка в данных: получает от 1 плательщ. (6 тыс ₸); исходящих ≥5 тыс ₸ нет,2,False,False,1,0,1,0,1,0,5860.0,0.0,1.0,0.0,1,0,0,0,0.00028648,0.0,1,0,0,0.0,0.0,0.013,0.0,
100000008764436100,terminal,0.494,35,0.1289,2007,Конечная точка в данных: получает от 1 плательщ. (13 тыс ₸); исходящих ≥5 тыс ₸ нет,2,False,False,1,0,1,0,1,0,13100.0,0.0,1.0,0.0,1,0,0,0,0.00029002,0.0,1,0,0,0.0,0.0,0.0954,0.0,
100000003838587100,peripheral,0.9,13,0.1289,2008,"Периферия, явных признаков нет: 4-е колено: исходящие не видны; получает от 1 плательщ. (6 тыс ₸)",4,False,True,0,0,1,0,1,0,6000.0,0.0,,0.0,1,0,0,0,0.00055503,0.0,0,0,0,0.0,,0.0835,0.0,
100000004988240100,peripheral,0.8854,30,0.1288,2009,"Периферия, явных признаков нет: 4-е колено: исходящие не видны; получает от 1 плательщ. (20 тыс ₸)",4,False,True,0,0,1,0,1,0,20000.0,0.0,,0.0,1,0,0,0,0.00052993,0.0,0,0,0,0.0,,0.3454,0.0,
100000006512787100,peripheral,0.8854,30,0.1288,2010,"Периферия, явных признаков нет: 4-е колено: исходящие не видны; получает от 1 плательщ. (20 тыс ₸)",4,False,True,0,0,1,0,2,0,20000.0,0.0,,0.0,1,0,0,0,0.00053005,0.0,0,0,0,0.0,,0.3454,0.0,
100000002558173100,terminal,0.4804,37,0.1287,2011,Конечная точка в данных: получает от 1 плательщ. (9 тыс ₸); исходящих ≥5 тыс ₸ нет,2,False,False,1,0,1,0,1,0,9300.0,0.0,1.0,0.0,1,0,0,0,0.00029583,0.0,1,0,0,0.0,0.0,0.0325,0.0,
100000008751349100,terminal,0.4899,24,0.1287,2012,Конечная точка в данных: получает от 1 плательщ. (12 тыс ₸); исходящих ≥5 тыс ₸ нет,3,False,False,1,0,1,0,1,0,11630.0,0.0,1.0,0.0,1,0,0,0,0.00028849,0.0,1,0,0,0.0,0.0,0.0723,0.0,
100000002320495100,peripheral,0.9,23,0.1287,2013,"Периферия, явных признаков нет: 4-е колено: исходящие не видны; получает от 1 плательщ. (14 тыс ₸)",4,False,True,0,0,1,0,1,0,13526.27,0.0,,0.0,1,0,0,0,0.00053542,0.0,0,0,0,0.0,,0.2528,0.0,
100000008672762100,terminal,0.4937,35,0.1286,2014,Конечная точка в данных: получает от 1 плательщ. (13 тыс ₸); исходящих ≥5 тыс ₸ нет,2,False,False,1,0,1,0,1,0,13000.0,0.0,1.0,0.0,1,0,0,0,0.00028998,0.0,1,0,0,0.0,0.0,0.0889,0.0,
100000008672480100,terminal,0.4937,35,0.1286,2015,Конечная точка в данных: получает от 1 плательщ. (13 тыс ₸); исходящих ≥5 тыс ₸ нет,2,False,False,1,0,1,0,1,0,13000.0,0.0,1.0,0.0,1,0,0,0,0.00028998,0.0,1,0,0,0.0,0.0,0.0889,0.0,
100000008662805100,terminal,0.5039,34,0.1286,2016,Конечная точка в данных: получает от 1 плательщ. (16 тыс ₸); исходящих ≥5 тыс ₸ нет,3,False,False,1,0,1,0,1,0,16500.0,0.0,1.0,0.0,1,0,0,0,0.00028814,0.0,1,0,0,0.0,0.0,0.1294,0.0,
100000001275557100,peripheral,0.8854,14,0.1286,2017,"Периферия, явных признаков нет: 4-е колено: исходящие не видны; получает от 1 плательщ. (20 тыс ₸)",4,False,True,0,0,1,0,1,0,20000.0,0.0,,0.0,1,0,0,0,0.00034751,0.0,0,0,0,0.0,,0.3454,0.0,
100000007173936100,terminal,0.4878,16,0.1284,2018,Конечная точка в данных: получает от 1 плательщ. (10 тыс ₸); исходящих ≥5 тыс ₸ нет,2,False,False,1,0,1,0,1,0,10000.0,0.0,1.0,0.0,1,0,0,0,0.00028682,0.0,1,0,0,0.0,0.0,0.0347,0.0,
100000005847078100,terminal,0.5033,34,0.1281,2019,Конечная точка в данных: получает от 1 плательщ. (16 тыс ₸); исходящих ≥5 тыс ₸ нет,3,False,False,1,0,1,0,1,0,16300.0,0.0,1.0,0.0,1,0,0,0,0.00028811,0.0,1,0,0,0.0,0.0,0.1244,0.0,
100000008664774100,terminal,0.5033,34,0.1281,2020,Конечная точка в данных: получает от 1 плательщ. (16 тыс ₸); исходящих ≥5 тыс ₸ нет,3,False,False,1,0,1,0,1,0,16300.0,0.0,1.0,0.0,1,0,0,0,0.00028811,0.0,1,0,0,0.0,0.0,0.1244,0.0,
100000000783406100,terminal,0.4738,20,0.1278,2021,Конечная точка в данных: получает от 1 плательщ. (6 тыс ₸); исходящих ≥5 тыс ₸ нет,3,False,False,1,0,1,0,1,0,6066.0,0.0,1.0,0.0,1,0,0,0,0.0002902,0.0,1,0,0,0.0,0.0,0.0203,0.0,
100000002184107100,terminal,0.4738,20,0.1278,2022,Конечная точка в данных: получает от 1 плательщ. (6 тыс ₸); исходящих ≥5 тыс ₸ нет,3,False,False,1,0,1,0,1,0,6066.0,0.0,1.0,0.0,1,0,0,0,0.0002902,0.0,1,0,0,0.0,0.0,0.0203,0.0,
100000008755580100,terminal,0.503,34,0.1277,2023,Конечная точка в данных: получает от 1 плательщ. (16 тыс ₸); исходящих ≥5 тыс ₸ нет,3,False,False,1,0,1,0,1,0,16000.0,0.0,1.0,0.0,1,0,0,0,0.00028807,0.0,1,0,0,0.0,0.0,0.1193,0.0,
100000008720668100,terminal,0.503,34,0.1277,2024,Конечная точка в данных: получает от 1 плательщ. (16 тыс ₸); исходящих ≥5 тыс ₸ нет,3,False,False,1,0,1,0,1,0,16000.0,0.0,1.0,0.0,1,0,0,0,0.00028807,0.0,1,0,0,0.0,0.0,0.1193,0.0,
100000002835874100,peripheral,0.8151,11,0.1277,2025,"Периферия, явных признаков нет: 4-е колено: исходящие не видны; получает от 1 плательщ. (59 тыс ₸)",4,False,True,0,0,1,0,1,0,58700.0,0.0,,0.0,1,0,0,0,0.00029329,0.0,1,0,0,0.0,,0.6275,0.0,
100000000737152100,peripheral,0.8487,30,0.1274,2026,"Периферия, явных признаков нет: 4-е колено: исходящие не видны; получает от 1 плательщ. (35 тыс ₸)",4,False,True,0,0,1,0,1,0,35000.0,0.0,,0.0,1,0,0,0,0.00034451,0.0,1,0,0,0.0,,0.5079,0.0,
100000005079473100,peripheral,0.8439,27,0.1271,2027,"Периферия, явных признаков нет: 4-е колено: исходящие не видны; получает от 1 плательщ. (39 тыс ₸)",4,False,True,0,0,1,0,1,0,39312.0,0.0,,0.0,1,0,0,0,0.00032601,0.0,0,0,0,0.0,,0.5237,0.0,
100000008686494100,terminal,0.502,34,0.1268,2028,Конечная точка в данных: получает от 1 плательщ. (16 тыс ₸); исходящих ≥5 тыс ₸ нет,3,False,False,1,0,1,0,1,0,15700.0,0.0,1.0,0.0,1,0,0,0,0.00028802,0.0,1,0,0,0.0,0.0,0.1142,0.0,
100000008668099100,terminal,0.502,34,0.1268,2029,Конечная точка в данных: получает от 1 плательщ. (16 тыс ₸); исходящих ≥5 тыс ₸ нет,3,False,False,1,0,1,0,1,0,15700.0,0.0,1.0,0.0,1,0,0,0,0.00028802,0.0,1,0,0,0.0,0.0,0.1142,0.0,
100000008663723100,terminal,0.5015,34,0.1264,2030,Конечная точка в данных: получает от 1 плательщ. (16 тыс ₸); исходящих ≥5 тыс ₸ нет,3,False,False,1,0,1,0,1,0,15600.0,0.0,1.0,0.0,1,0,0,0,0.000288,0.0,1,0,0,0.0,0.0,0.1117,0.0,
100000000661131100,terminal,0.5015,34,0.1264,2031,Конечная точка в данных: получает от 1 плательщ. (16 тыс ₸); исходящих ≥5 тыс ₸ нет,3,False,False,1,0,1,0,1,0,15600.0,0.0,1.0,0.0,1,0,0,0,0.000288,0.0,1,0,0,0.0,0.0,0.1117,0.0,
100000002728246100,peripheral,0.9,23,0.1263,2032,"Периферия, явных признаков нет: 4-е колено: исходящие не видны; получает от 1 плательщ. (10 тыс ₸)",4,False,True,0,0,1,0,1,0,10000.0,0.0,,0.0,1,0,0,0,0.00053864,0.0,0,0,0,0.0,,0.1535,0.0,
100000008708743100,terminal,0.5013,34,0.1262,2033,Конечная точка в данных: получает от 1 плательщ. (16 тыс ₸); исходящих ≥5 тыс ₸ нет,3,False,False,1,0,1,0,1,0,15550.0,0.0,1.0,0.0,1,0,0,0,0.000288,0.0,1,0,0,0.0,0.0,0.1104,0.0,
100000001202787100,peripheral,0.8,3,0.1259,2034,"Периферия, явных признаков нет: 4-е колено: исходящие не видны; получает от 2 плательщ. (15 тыс ₸); по числу плательщиков выше 97% узлов 4-го колена",4,False,True,0,0,2,0,2,0,14850.0,0.0,,0.0,1,0,0,0,0.00035114,0.0,1,0,1,0.9797,,0.2709,0.0,in_degree
100000008255655100,peripheral,0.9,10,0.1259,2035,"Периферия, явных признаков нет: 4-е колено: исходящие не видны; получает от 1 плательщ. (5 тыс ₸)",4,False,True,0,0,1,0,1,0,5400.0,0.0,,0.0,1,0,0,0,0.00053119,0.0,0,0,0,0.0,,0.0587,0.0,
100000004908173100,peripheral,0.8833,11,0.1259,2036,"Периферия, явных признаков нет: 4-е колено: исходящие не видны; получает от 1 плательщ. (21 тыс ₸)",4,False,True,0,0,1,0,1,0,21000.0,0.0,,0.0,1,0,0,0,0.00032083,0.0,0,0,0,0.0,,0.4041,0.0,
100000004386286100,peripheral,0.9,29,0.1258,2037,"Периферия, явных признаков нет: 4-е колено: исходящие не видны; получает от 1 плательщ. (12 тыс ₸)",4,False,True,0,0,1,0,1,0,12500.0,0.0,,0.0,1,0,0,0,0.00059729,0.0,0,0,0,0.0,,0.2302,0.0,
100000004232712100,peripheral,0.9,23,0.1258,2038,"Периферия, явных признаков нет: 4-е колено: исходящие не видны; получает от 1 плательщ. (12 тыс ₸)",4,False,True,0,0,1,0,1,0,12500.0,0.0,,0.0,1,0,0,0,0.00052928,0.0,0,0,0,0.0,,0.2302,0.0,
100000002896506100,peripheral,0.8352,27,0.1257,2039,"Периферия, явных признаков нет: 4-е колено: исходящие не видны; получает от 1 плательщ. (45 тыс ₸)",4,False,True,0,0,1,0,1,0,45000.0,0.0,,0.0,1,0,0,0,0.00031363,0.0,1,0,0,0.0,,0.5598,0.0,
100000004788983100,peripheral,0.8641,30,0.1256,2040,"Периферия, явных признаков нет: 4-е колено: исходящие не видны; получает от 1 плательщ. (27 тыс ₸)",4,False,True,0,0,1,0,1,0,27000.0,0.0,,0.0,1,0,0,0,0.00036947,0.0,0,0,0,0.0,,0.447,0.0,
100000003214786100,peripheral,0.9,2,0.1255,2041,"Периферия, явных признаков нет: 4-е колено: исходящие не видны; получает от 1 плательщ. (5 тыс ₸)",4,False,True,0,0,1,0,1,0,5000.0,0.0,,0.0,1,0,0,0,0.00042028,0.0,0,0,0,0.0,,0.0,0.0,
100000005209352100,peripheral,0.9,2,0.1255,2042,"Периферия, явных признаков нет: 4-е колено: исходящие не видны; получает от 1 плательщ. (5 тыс ₸)",4,False,True,0,0,1,0,1,0,5000.0,0.0,,0.0,1,0,0,0,0.00042028,0.0,0,0,0,0.0,,0.0,0.0,
100000002188586100,peripheral,0.8448,13,0.1246,2043,"Периферия, явных признаков нет: 4-е колено: исходящие не видны; получает от 1 плательщ. (38 тыс ₸)",4,False,True,0,0,1,0,1,0,38310.0,0.0,,0.0,1,0,0,0,0.00029991,0.0,1,0,0,0.0,,0.5192,0.0,
100000005782886100,peripheral,0.9,11,0.1245,2044,"Периферия, явных признаков нет: 4-е колено: исходящие не видны; получает от 1 плательщ. (14 тыс ₸)",4,False,True,0,0,1,0,1,0,14000.0,0.0,,0.0,1,0,0,0,0.00036353,0.0,0,0,0,0.0,,0.2573,0.0,
100000000981693100,peripheral,0.9,30,0.1237,2045,"Периферия, явных признаков нет: 4-е колено: исходящие не видны; получает от 1 плательщ. (16 тыс ₸)",4,False,True,0,0,1,0,1,0,16500.0,0.0,,0.0,1,0,0,0,0.00052908,0.0,0,0,0,0.0,,0.316,0.0,
100000008687733100,terminal,0.4968,34,0.1235,2046,Конечная точка в данных: получает от 1 плательщ. (15 тыс ₸); исходящих ≥5 тыс ₸ нет,3,False,False,1,0,1,0,1,0,14650.0,0.0,1.0,0.0,1,0,0,0,0.00028786,0.0,1,0,0,0.0,0.0,0.0977,0.0,
100000008612257100,terminal,0.4808,23,0.1234,2047,Конечная точка в данных: получает от 1 плательщ. (10 тыс ₸); исходящих ≥5 тыс ₸ нет,3,False,False,1,0,1,0,1,0,9500.0,0.0,1.0,0.0,1,0,0,0,0.00028786,0.0,1,0,0,0.0,0.0,0.0419,0.0,
100000003950749100,peripheral,0.9,4,0.1234,2048,"Периферия, явных признаков нет: 4-е колено: исходящие не видны; получает от 1 плательщ. (7 тыс ₸)",4,False,True,0,0,1,0,1,0,7000.0,0.0,,0.0,1,0,0,0,0.00038424,0.0,0,0,0,0.0,,0.1061,0.0,
100000004177936100,peripheral,0.9,2,0.1231,2049,"Периферия, явных признаков нет: 4-е колено: исходящие не видны; получает от 1 плательщ. (10 тыс ₸)",4,False,True,0,0,1,0,1,0,10000.0,0.0,,0.0,1,0,0,0,0.00033701,0.0,0,0,0,0.0,,0.1535,0.0,
100000008706846100,terminal,0.4963,34,0.123,2050,Конечная точка в данных: получает от 1 плательщ. (14 тыс ₸); исходящих ≥5 тыс ₸ нет,3,False,False,1,0,1,0,1,0,14200.0,0.0,1.0,0.0,1,0,0,0,0.00028779,0.0,1,0,0,0.0,0.0,0.0926,0.0,
100000008548853100,terminal,0.4958,34,0.1227,2051,Конечная точка в данных: получает от 1 плательщ. (14 тыс ₸); исходящих ≥5 тыс ₸ нет,3,False,False,1,0,1,0,1,0,14000.0,0.0,1.0,0.0,1,0,0,0,0.00028775,0.0,1,0,0,0.0,0.0,0.0876,0.0,
100000008672493100,terminal,0.4958,34,0.1227,2052,Конечная точка в данных: получает от 1 плательщ. (14 тыс ₸); исходящих ≥5 тыс ₸ нет,3,False,False,1,0,1,0,1,0,14000.0,0.0,1.0,0.0,1,0,0,0,0.00028775,0.0,1,0,0,0.0,0.0,0.0876,0.0,
100000007997939100,peripheral,0.9,11,0.1226,2053,"Периферия, явных признаков нет: 4-е колено: исходящие не видны; получает от 1 плательщ. (13 тыс ₸)",4,False,True,0,0,1,0,1,0,13000.0,0.0,,0.0,1,0,0,0,0.00035796,0.0,0,0,0,0.0,,0.2393,0.0,
100000000500040100,peripheral,0.8854,3,0.1225,2054,"Периферия, явных признаков нет: 4-е колено: исходящие не видны; получает от 1 плательщ. (20 тыс ₸)",4,False,True,0,0,1,0,1,0,20000.0,0.0,,0.0,1,0,0,0,0.00030605,0.0,1,0,0,0.0,,0.3454,0.0,
100000000625169100,terminal,0.4878,35,0.1224,2055,Конечная точка в данных: получает от 1 плательщ. (10 тыс ₸); исходящих ≥5 тыс ₸ нет,2,False,False,1,0,1,0,1,0,10000.0,0.0,1.0,0.0,1,0,0,0,0.00028897,0.0,1,0,0,0.0,0.0,0.0347,0.0,
100000008478414100,terminal,0.4878,35,0.1224,2056,Конечная точка в данных: получает от 1 плательщ. (10 тыс ₸); исходящих ≥5 тыс ₸ нет,2,False,False,1,0,1,0,1,0,10000.0,0.0,1.0,0.0,1,0,0,0,0.00028897,0.0,1,0,0,0.0,0.0,0.0347,0.0,
100000008767027100,terminal,0.4701,11,0.1223,2057,Конечная точка в данных: получает от 1 плательщ. (5 тыс ₸); исходящих ≥5 тыс ₸ нет,3,False,False,1,0,1,0,1,0,5000.0,0.0,1.0,0.0,1,0,0,0,0.00028633,0.0,1,0,0,0.0,0.0,0.0,0.0,
100000008715513100,peripheral,0.8529,16,0.1221,2058,"Периферия, явных признаков нет: 4-е колено: исходящие не видны; получает от 1 плательщ. (32 тыс ₸)",4,False,True,0,0,1,0,1,0,32500.0,0.0,,0.0,1,0,0,0,0.00030296,0.0,1,0,0,0.0,,0.4944,0.0,
100000008349740100,peripheral,0.8063,23,0.1218,2059,"Периферия, явных признаков нет: 4-е колено: исходящие не видны; получает от 1 плательщ. (70 тыс ₸)",4,False,True,0,0,1,0,2,0,70000.0,0.0,,0.0,1,0,0,0,0.00029253,0.0,1,0,0,0.0,,0.6591,0.0,
100000004971871100,peripheral,0.45,43,0.1215,2060,"Периферия, явных признаков нет: получает от 1 плательщ. (25 тыс ₸); платит 1 получат. (6 тыс ₸); 100% уходит ≤2 дн. после поступления; seed, входящие занижены",0,True,False,0,0,1,1,3,1,25400.0,5650.0,,1.0,1,0,0,0,0.00074303,0.0,0,0,0,0.525,0.3875,0.325,0.0,
100000006918814100,peripheral,0.8854,3,0.1215,2061,"Периферия, явных признаков нет: 4-е колено: исходящие не видны; получает от 1 плательщ. (20 тыс ₸)",4,False,True,0,0,1,0,2,0,20000.0,0.0,,0.0,1,0,0,0,0.00030433,0.0,1,0,0,0.0,,0.3454,0.0,
100000002299948100,terminal,0.4747,37,0.1214,2062,Конечная точка в данных: получает от 1 плательщ. (7 тыс ₸); исходящих ≥5 тыс ₸ нет,2,False,False,1,0,1,0,1,0,6750.0,0.0,1.0,0.0,1,0,0,0,0.00029302,0.0,1,0,0,0.0,0.0,0.0195,0.0,
100000004403548100,peripheral,0.9,2,0.1212,2063,"Периферия, явных признаков нет: 4-е колено: исходящие не видны; получает от 1 плательщ. (5 тыс ₸)",4,False,True,0,0,1,0,1,0,5000.0,0.0,,0.0,1,0,0,0,0.00036787,0.0,0,0,0,0.0,,0.0,0.0,
100000008190442100,terminal,0.4937,34,0.1211,2064,Конечная точка в данных: получает от 1 плательщ. (13 тыс ₸); исходящих ≥5 тыс ₸ нет,3,False,False,1,0,1,0,1,0,13000.0,0.0,1.0,0.0,1,0,0,0,0.0002876,0.0,1,0,0,0.0,0.0,0.085,0.0,
100000008629504100,peripheral,0.8854,2,0.1211,2065,"Периферия, явных признаков нет: 4-е колено: исходящие не видны; получает от 1 плательщ. (20 тыс ₸)",4,False,True,0,0,1,0,1,0,20000.0,0.0,,0.0,1,0,0,0,0.00030201,0.0,1,0,0,0.0,,0.3454,0.0,
100000002670463100,peripheral,0.8544,16,0.1209,2066,"Периферия, явных признаков нет: 4-е колено: исходящие не видны; получает от 1 плательщ. (32 тыс ₸)",4,False,True,0,0,1,0,1,0,31500.0,0.0,,0.0,1,0,0,0,0.00030243,0.0,1,0,0,0.0,,0.4876,0.0,
100000005010159100,peripheral,0.9,27,0.1209,2067,"Периферия, явных признаков нет: 4-е колено: исходящие не видны; получает от 1 плательщ. (7 тыс ₸)",4,False,True,0,0,1,0,1,0,7092.0,0.0,,0.0,1,0,0,0,0.00061437,0.0,0,0,0,0.0,,0.1174,0.0,
100000008688109100,terminal,0.4928,34,0.1206,2068,Конечная точка в данных: получает от 1 плательщ. (13 тыс ₸); исходящих ≥5 тыс ₸ нет,3,False,False,1,0,1,0,1,0,12800.0,0.0,1.0,0.0,1,0,0,0,0.00028757,0.0,1,0,0,0.0,0.0,0.0838,0.0,
100000001065481100,peripheral,0.9,27,0.1205,2069,"Периферия, явных признаков нет: 4-е колено: исходящие не видны; получает от 1 плательщ. (16 тыс ₸)",4,False,True,0,0,1,0,2,0,16000.0,0.0,,0.0,1,0,0,0,0.00043227,0.0,0,0,0,0.0,,0.307,0.0,
100000003078839100,peripheral,0.9,2,0.1204,2070,"Периферия, явных признаков нет: 4-е колено: исходящие не видны; получает от 1 плательщ. (14 тыс ₸)",4,False,True,0,0,1,0,2,0,14000.0,0.0,,0.0,1,0,0,0,0.00031479,0.0,0,0,0,0.0,,0.2573,0.0,
100000008744799100,terminal,0.4926,34,0.1203,2071,Конечная точка в данных: получает от 1 плательщ. (13 тыс ₸); исходящих ≥5 тыс ₸ нет,3,False,False,1,0,1,0,1,0,12600.0,0.0,1.0,0.0,1,0,0,0,0.00028754,0.0,1,0,0,0.0,0.0,0.0825,0.0,
100000004800452100,peripheral,0.9,27,0.12,2072,"Периферия, явных признаков нет: 4-е колено: исходящие не видны; получает от 1 плательщ. (7 тыс ₸)",4,False,True,0,0,1,0,1,0,6544.53,0.0,,0.0,1,0,0,0,0.00060798,0.0,1,0,0,0.0,,0.0971,0.0,
100000002646745100,terminal,0.4921,34,0.1199,2073,Конечная точка в данных: получает от 1 плательщ. (12 тыс ₸); исходящих ≥5 тыс ₸ нет,3,False,False,1,0,1,0,1,0,12300.0,0.0,1.0,0.0,1,0,0,0,0.00028749,0.0,1,0,0,0.0,0.0,0.0787,0.0,
100000005089460100,terminal,0.4921,34,0.1199,2074,Конечная точка в данных: получает от 1 плательщ. (12 тыс ₸); исходящих ≥5 тыс ₸ нет,3,False,False,1,0,1,0,1,0,12300.0,0.0,1.0,0.0,1,0,0,0,0.00028749,0.0,1,0,0,0.0,0.0,0.0787,0.0,
100000008754608100,terminal,0.4921,34,0.1199,2075,Конечная точка в данных: получает от 1 плательщ. (12 тыс ₸); исходящих ≥5 тыс ₸ нет,3,False,False,1,0,1,0,1,0,12300.0,0.0,1.0,0.0,1,0,0,0,0.00028749,0.0,1,0,0,0.0,0.0,0.0787,0.0,
100000002653187100,peripheral,0.9,29,0.1198,2076,"Периферия, явных признаков нет: 4-е колено: исходящие не видны; получает от 1 плательщ. (15 тыс ₸)",4,False,True,0,0,1,0,1,0,15000.0,0.0,,0.0,1,0,0,0,0.00047328,0.0,0,0,0,0.0,,0.2731,0.0,
100000003047800100,peripheral,0.9,16,0.1198,2077,"Периферия, явных признаков нет: 4-е колено: исходящие не видны; получает от 1 плательщ. (12 тыс ₸)",4,False,True,0,0,1,0,1,0,12212.0,0.0,,0.0,1,0,0,0,0.00037457,0.0,0,0,0,0.0,,0.228,0.0,
100000008716072100,terminal,0.4912,34,0.1194,2078,Конечная точка в данных: получает от 1 плательщ. (12 тыс ₸); исходящих ≥5 тыс ₸ нет,3,False,False,1,0,1,0,1,0,12100.0,0.0,1.0,0.0,1,0,0,0,0.00028746,0.0,1,0,0,0.0,0.0,0.0774,0.0,
100000001149815100,terminal,0.4911,34,0.1192,2079,Конечная точка в данных: получает от 1 плательщ. (12 тыс ₸); исходящих ≥5 тыс ₸ нет,3,False,False,1,0,1,0,1,0,12000.0,0.0,1.0,0.0,1,0,0,0,0.00028744,0.0,1,0,0,0.0,0.0,0.0736,0.0,
100000008151098100,peripheral,0.8565,24,0.119,2080,"Периферия, явных признаков нет: 4-е колено: исходящие не видны; получает от 1 плательщ. (30 тыс ₸)",4,False,True,0,0,1,0,1,0,30000.0,0.0,,0.0,1,0,0,0,0.00030935,0.0,0,0,0,0.0,,0.4605,0.0,
100000003632533100,peripheral,0.9,23,0.119,2081,"Периферия, явных признаков нет: 4-е колено: исходящие не видны; получает от 1 плательщ. (10 тыс ₸)",4,False,True,0,0,1,0,1,0,10000.0,0.0,,0.0,1,0,0,0,0.00042895,0.0,1,0,0,0.0,,0.1535,0.0,
100000008649416100,peripheral,0.9,23,0.1185,2082,"Периферия, явных признаков нет: 4-е колено: исходящие не видны; получает от 1 плательщ. (5 тыс ₸)",4,False,True,0,0,1,0,1,0,5000.0,0.0,,0.0,1,0,0,0,0.00053373,0.0,0,0,0,0.0,,0.0,0.0,
100000005621418100,peripheral,0.8565,24,0.1184,2083,"Периферия, явных признаков нет: 4-е колено: исходящие не видны; получает от 1 плательщ. (30 тыс ₸)",4,False,True,0,0,1,0,1,0,30000.0,0.0,,0.0,1,0,0,0,0.00030783,0.0,1,0,0,0.0,,0.4605,0.0,
100000008489604100,terminal,0.4894,34,0.1181,2084,Конечная точка в данных: получает от 1 плательщ. (11 тыс ₸); исходящих ≥5 тыс ₸ нет,3,False,False,1,0,1,0,1,0,11000.0,0.0,1.0,0.0,1,0,0,0,0.00028729,0.0,1,0,0,0.0,0.0,0.0698,0.0,
100000000369781100,peripheral,0.9,23,0.1181,2085,"Периферия, явных признаков нет: 4-е колено: исходящие не видны; получает от 1 плательщ. (5 тыс ₸)",4,False,True,0,0,1,0,1,0,5000.0,0.0,,0.0,1,0,0,0,0.00053248,0.0,0,0,0,0.0,,0.0,0.0,
100000001256409100,peripheral,0.9,27,0.118,2086,"Периферия, явных признаков нет: 4-е колено: исходящие не видны; получает от 1 плательщ. (8 тыс ₸)",4,False,True,0,0,1,0,1,0,8000.0,0.0,,0.0,1,0,0,0,0.00054716,0.0,0,0,0,0.0,,0.1242,0.0,
100000000572276100,peripheral,0.776,34,0.1178,2087,"Периферия, явных признаков нет: получает от 1 плательщ. (13 тыс ₸); платит 1 получат. (35 тыс ₸); отдаёт в 2.6 раза больше видимого входа",3,False,False,1,0,1,1,1,1,13075.0,34547.0,0.0,0.0,1,0,0,0,0.00028761,1.39e-06,1,0,0,0.0,0.6409,0.3896,0.6992,
100000002748040100,peripheral,0.8942,13,0.1178,2088,"Периферия, явных признаков нет: 4-е колено: исходящие не видны; получает от 1 плательщ. (18 тыс ₸); повтор. маршрутов: 1",4,False,True,0,0,1,0,1,0,18000.0,0.0,,0.0,1,0,0,1,0.00029231,0.0,1,0,0,0.0,,0.3363,0.0,
100000003904497100,peripheral,0.9,11,0.1177,2089,"Периферия, явных признаков нет: 4-е колено: исходящие не видны; получает от 1 плательщ. (10 тыс ₸)",4,False,True,0,0,1,0,1,0,10000.0,0.0,,0.0,1,0,0,0,0.00034126,0.0,0,0,0,0.0,,0.1535,0.0,
100000001089055100,peripheral,0.9,10,0.1175,2090,"Периферия, явных признаков нет: 4-е колено: исходящие не видны; получает от 1 плательщ. (13 тыс ₸)",4,False,True,0,0,1,0,1,0,13000.0,0.0,,0.0,1,0,0,0,0.00032931,0.0,0,0,0,0.0,,0.2393,0.0,
100000002660298100,peripheral,0.8555,13,0.1175,2091,"Периферия, явных признаков нет: 4-е колено: исходящие не видны; получает от 1 плательщ. (31 тыс ₸)",4,False,True,0,0,1,0,1,0,30900.0,0.0,,0.0,1,0,0,0,0.00029714,0.0,1,0,0,0.0,,0.4831,0.0,
100000004502048100,peripheral,0.9,15,0.117,2092,"Периферия, явных признаков нет: 4-е колено: исходящие не видны; получает от 1 плательщ. (14 тыс ₸)",4,False,True,0,0,1,0,1,0,13888.0,0.0,,0.0,1,0,0,0,0.00033971,0.0,0,0,0,0.0,,0.2551,0.0,
100000008463968100,terminal,0.4878,34,0.1167,2093,Конечная точка в данных: получает от 1 плательщ. (10 тыс ₸); исходящих ≥5 тыс ₸ нет,3,False,False,1,0,1,0,1,0,10000.0,0.0,1.0,0.0,1,0,0,0,0.00028713,0.0,1,0,0,0.0,0.0,0.0457,0.0,
100000006171671100,peripheral,0.9,30,0.1164,2094,"Периферия, явных признаков нет: 4-е колено: исходящие не видны; получает от 1 плательщ. (10 тыс ₸)",4,False,True,0,0,1,0,1,0,10000.0,0.0,,0.0,1,0,0,0,0.00052907,0.0,0,0,0,0.0,,0.1535,0.0,
100000005395727100,terminal,0.5047,4,0.1161,2095,"Конечная точка в данных: получает от 1 плательщ. (17 тыс ₸); исходящих ≥5 тыс ₸ нет; seed, входящие занижены",0,True,False,1,0,1,0,1,0,17000.0,0.0,,0.0,1,0,0,0,0.00037121,0.0,0,0,0,0.525,0.0,0.2625,0.0,
100000003986141100,terminal,0.4707,23,0.116,2096,Конечная точка в данных: получает от 1 плательщ. (5 тыс ₸); исходящих ≥5 тыс ₸ нет,3,False,False,1,0,1,0,1,0,5286.32,0.0,1.0,0.0,1,0,0,0,0.00028685,0.0,1,0,0,0.0,0.0,0.0102,0.0,
100000003177533100,peripheral,0.8854,27,0.1157,2097,"Периферия, явных признаков нет: 4-е колено: исходящие не видны; получает от 1 плательщ. (20 тыс ₸)",4,False,True,0,0,1,0,3,0,20000.0,0.0,,0.0,1,0,0,0,0.0003382,0.0,1,0,0,0.0,,0.3454,0.0,
100000000018102100,peripheral,0.9,2,0.1149,2098,"Периферия, явных признаков нет: 4-е колено: исходящие не видны; получает от 1 плательщ. (7 тыс ₸)",4,False,True,0,0,1,0,1,0,7000.0,0.0,,0.0,1,0,0,0,0.0003204,0.0,0,0,0,0.0,,0.1061,0.0,
100000003040087100,peripheral,0.8614,13,0.1148,2099,"Периферия, явных признаков нет: 4-е колено: исходящие не видны; получает от 1 плательщ. (29 тыс ₸)",4,False,True,0,0,1,0,1,0,29000.0,0.0,,0.0,1,0,0,0,0.00029642,0.0,1,0,0,0.0,,0.4582,0.0,
100000004377043100,peripheral,0.9,12,0.1146,2100,"Периферия, явных признаков нет: 4-е колено: исходящие не видны; получает от 1 плательщ. (6 тыс ₸)",4,False,True,0,0,1,0,1,0,5700.0,0.0,,0.0,1,0,0,0,0.00036355,0.0,0,0,0,0.0,,0.0767,0.0,
100000007960337100,peripheral,0.8482,27,0.1144,2101,"Периферия, явных признаков нет: 4-е колено: исходящие не видны; получает от 1 плательщ. (36 тыс ₸)",4,False,True,0,0,1,0,1,0,35500.0,0.0,,0.0,1,0,0,0,0.00030277,0.0,0,0,0,0.0,,0.5147,0.0,
100000002227989100,peripheral,0.8854,39,0.1143,2102,"Периферия, явных признаков нет: 4-е колено: исходящие не видны; получает от 1 плательщ. (20 тыс ₸)",4,False,True,0,0,1,0,1,0,20000.0,0.0,,0.0,1,0,0,0,0.00039446,0.0,0,0,0,0.0,,0.3454,0.0,
100000004850609100,peripheral,0.9,3,0.1143,2103,"Периферия, явных признаков нет: 4-е колено: исходящие не видны; получает от 1 плательщ. (10 тыс ₸)",4,False,True,0,0,1,0,1,0,10000.0,0.0,,0.0,1,0,0,0,0.00031303,0.0,1,0,0,0.0,,0.1535,0.0,
100000002723674100,peripheral,0.8565,39,0.1137,2104,"Периферия, явных признаков нет: 4-е колено: исходящие не видны; получает от 1 плательщ. (30 тыс ₸)",4,False,True,0,0,1,0,1,0,30000.0,0.0,,0.0,1,0,0,0,0.00032717,0.0,1,0,0,0.0,,0.4605,0.0,
100000003146511100,peripheral,0.9,3,0.1136,2105,"Периферия, явных признаков нет: 4-е колено: исходящие не видны; получает от 1 плательщ. (10 тыс ₸)",4,False,True,0,0,1,0,1,0,10000.0,0.0,,0.0,1,0,0,0,0.00031181,0.0,1,0,0,0.0,,0.1535,0.0,
100000002506987100,peripheral,0.8631,13,0.1136,2106,"Периферия, явных признаков нет: 4-е колено: исходящие не видны; получает от 1 плательщ. (28 тыс ₸)",4,False,True,0,0,1,0,1,0,28200.0,0.0,,0.0,1,0,0,0,0.00029613,0.0,1,0,0,0.0,,0.4537,0.0,
100000003792647100,peripheral,0.9,23,0.1134,2107,"Периферия, явных признаков нет: 4-е колено: исходящие не видны; получает от 1 плательщ. (8 тыс ₸)",4,False,True,0,0,1,0,1,0,8000.0,0.0,,0.0,1,0,0,0,0.00040027,0.0,1,0,0,0.0,,0.1242,0.0,
100000004856746100,peripheral,0.8854,12,0.1123,2108,"Периферия, явных признаков нет: 4-е колено: исходящие не видны; получает от 1 плательщ. (20 тыс ₸)",4,False,True,0,0,1,0,1,0,20000.0,0.0,,0.0,1,0,0,0,0.00030005,0.0,1,0,0,0.0,,0.3454,0.0,
100000003646145100,peripheral,0.9,37,0.1122,2109,"Периферия, явных признаков нет: 4-е колено: исходящие не видны; получает от 1 плательщ. (5 тыс ₸)",4,False,True,0,0,1,0,1,0,5000.0,0.0,,0.0,1,0,0,0,0.00065368,0.0,0,0,0,0.0,,0.0,0.0,
100000000957746100,peripheral,0.9,10,0.1122,2110,"Периферия, явных признаков нет: 4-е колено: исходящие не видны; получает от 1 плательщ. (5 тыс ₸)",4,False,True,0,0,1,0,1,0,5300.0,0.0,,0.0,1,0,0,0,0.00034731,0.0,1,0,0,0.0,,0.0542,0.0,
100000000581662100,peripheral,0.8831,16,0.1121,2111,"Периферия, явных признаков нет: 4-е колено: исходящие не видны; получает от 1 плательщ. (21 тыс ₸)",4,False,True,0,0,1,0,1,0,21160.0,0.0,,0.0,1,0,0,0,0.00030292,0.0,0,0,0,0.0,,0.4086,0.0,
100000001429930100,terminal,0.5305,27,0.1119,2112,"Конечная точка в данных: получает от 1 плательщ. (26 тыс ₸); исходящих ≥5 тыс ₸ нет; seed, входящие занижены",0,True,False,1,0,1,0,1,0,26000.0,0.0,,0.0,1,0,0,0,0.0003508,0.0,1,0,0,0.525,0.0,0.2875,0.0,
100000008708061100,terminal,0.4791,34,0.1119,2113,Конечная точка в данных: получает от 1 плательщ. (9 тыс ₸); исходящих ≥5 тыс ₸ нет,3,False,False,1,0,1,0,1,0,8650.0,0.0,1.0,0.0,1,0,0,0,0.00028692,0.0,1,0,0,0.0,0.0,0.0368,0.0,
100000008750464100,terminal,0.4789,34,0.1116,2114,Конечная точка в данных: получает от 1 плательщ. (8 тыс ₸); исходящих ≥5 тыс ₸ нет,3,False,False,1,0,1,0,1,0,8500.0,0.0,1.0,0.0,1,0,0,0,0.0002869,0.0,1,0,0,0.0,0.0,0.0343,0.0,
100000008734279100,peripheral,0.854,27,0.1111,2115,"Периферия, явных признаков нет: 4-е колено: исходящие не видны; получает от 1 плательщ. (32 тыс ₸)",4,False,True,0,0,1,0,1,0,31650.0,0.0,,0.0,1,0,0,0,0.00030133,0.0,0,0,0,0.0,,0.4921,0.0,
100000008537380100,terminal,0.4782,34,0.111,2116,Конечная точка в данных: получает от 1 плательщ. (8 тыс ₸); исходящих ≥5 тыс ₸ нет,3,False,False,1,0,1,0,1,0,8000.0,0.0,1.0,0.0,1,0,0,0,0.00028682,0.0,1,0,0,0.0,0.0,0.0317,0.0,
100000004049912100,peripheral,0.9,15,0.1108,2117,"Периферия, явных признаков нет: 4-е колено: исходящие не видны; получает от 1 плательщ. (10 тыс ₸)",4,False,True,0,0,1,0,1,0,10000.0,0.0,,0.0,1,0,0,0,0.00032456,0.0,0,0,0,0.0,,0.1535,0.0,
100000000718427100,terminal,0.4735,35,0.1104,2118,Конечная точка в данных: получает от 1 плательщ. (6 тыс ₸); исходящих ≥5 тыс ₸ нет,2,False,False,1,0,1,0,1,0,6000.0,0.0,1.0,0.0,1,0,0,0,0.00028761,0.0,1,0,0,0.0,0.0,0.0152,0.0,
100000005370580100,terminal,0.5253,27,0.1099,2119,"Конечная точка в данных: получает от 1 плательщ. (24 тыс ₸); исходящих ≥5 тыс ₸ нет; seed, входящие занижены",0,True,False,1,0,1,0,1,0,24075.0,0.0,,0.0,1,0,0,0,0.00034597,0.0,1,0,0,0.525,0.0,0.275,0.0,
100000003084870100,peripheral,0.9,16,0.109,2120,"Периферия, явных признаков нет: 4-е колено: исходящие не видны; получает от 1 плательщ. (6 тыс ₸)",4,False,True,0,0,1,0,1,0,6500.0,0.0,,0.0,1,0,0,0,0.00034518,0.0,0,0,0,0.0,,0.0926,0.0,
100000008071749100,peripheral,0.8737,13,0.1086,2121,"Периферия, явных признаков нет: 4-е колено: исходящие не видны; получает от 1 плательщ. (25 тыс ₸)",4,False,True,0,0,1,0,1,0,24943.0,0.0,,0.0,1,0,0,0,0.00029491,0.0,1,0,0,0.0,,0.4244,0.0,
100000002346166100,terminal,0.4735,34,0.1081,2122,Конечная точка в данных: получает от 1 плательщ. (6 тыс ₸); исходящих ≥5 тыс ₸ нет,3,False,False,1,0,1,0,1,0,6000.0,0.0,1.0,0.0,1,0,0,0,0.00028651,0.0,1,0,0,0.0,0.0,0.0152,0.0,
100000004526651100,peripheral,0.8525,11,0.1076,2123,"Периферия, явных признаков нет: 4-е колено: исходящие не видны; получает от 1 плательщ. (33 тыс ₸)",4,False,True,0,0,1,0,1,0,33000.0,0.0,,0.0,1,0,0,0,0.00028991,0.0,1,0,0,0.0,,0.4989,0.0,
100000008488166100,terminal,0.4721,34,0.1072,2124,Конечная точка в данных: получает от 1 плательщ. (6 тыс ₸); исходящих ≥5 тыс ₸ нет,3,False,False,1,0,1,0,1,0,5600.0,0.0,1.0,0.0,1,0,0,0,0.00028644,0.0,1,0,0,0.0,0.0,0.014,0.0,
100000000424935100,peripheral,0.9,12,0.107,2125,"Периферия, явных признаков нет: 4-е колено: исходящие не видны; получает от 1 плательщ. (15 тыс ₸)",4,False,True,0,0,1,0,1,0,15000.0,0.0,,0.0,1,0,0,0,0.00030145,0.0,1,0,0,0.0,,0.2731,0.0,
100000002614095100,terminal,0.4711,34,0.1065,2126,Конечная точка в данных: получает от 1 плательщ. (5 тыс ₸); исходящих ≥5 тыс ₸ нет,3,False,False,1,0,1,0,1,0,5300.0,0.0,1.0,0.0,1,0,0,0,0.0002864,0.0,1,0,0,0.0,0.0,0.0114,0.0,
100000008524903100,peripheral,0.9,30,0.1059,2127,"Периферия, явных признаков нет: 4-е колено: исходящие не видны; получает от 1 плательщ. (15 тыс ₸)",4,False,True,0,0,1,0,1,0,15000.0,0.0,,0.0,1,0,0,0,0.00033177,0.0,0,0,0,0.0,,0.2731,0.0,
100000006903193100,peripheral,0.9,2,0.1056,2128,"Периферия, явных признаков нет: 4-е колено: исходящие не видны; получает от 1 плательщ. (9 тыс ₸)",4,False,True,0,0,1,0,1,0,9000.0,0.0,,0.0,1,0,0,0,0.0003016,0.0,1,0,0,0.0,,0.1377,0.0,
100000001991973100,peripheral,0.8844,16,0.1053,2129,"Периферия, явных признаков нет: 4-е колено: исходящие не видны; получает от 1 плательщ. (21 тыс ₸)",4,False,True,0,0,1,0,1,0,20800.0,0.0,,0.0,1,0,0,0,0.0002967,0.0,1,0,0,0.0,,0.4018,0.0,
100000006288612100,peripheral,0.8557,29,0.1053,2130,"Периферия, явных признаков нет: 4-е колено: исходящие не видны; получает от 1 плательщ. (31 тыс ₸)",4,False,True,0,0,1,0,3,0,30805.0,0.0,,0.0,1,0,0,0,0.00029762,0.0,1,0,0,0.0,,0.4808,0.0,
100000004723755100,peripheral,0.8562,9,0.1049,2131,"Периферия, явных признаков нет: платит 1 получат. (95 тыс ₸); повтор. маршрутов: 4; seed, входящие занижены",0,True,False,0,0,0,1,0,5,0.0,95000.0,,0.0,0,0,0,4,0.00028557,0.0,0,1,0,0.0,0.3875,0.525,0.0,
100000002231144100,peripheral,0.9,39,0.1046,2132,"Периферия, явных признаков нет: 4-е колено: исходящие не видны; получает от 1 плательщ. (15 тыс ₸)",4,False,True,0,0,1,0,1,0,15000.0,0.0,,0.0,1,0,0,0,0.00036724,0.0,0,0,0,0.0,,0.2731,0.0,
100000007381662100,peripheral,0.9,3,0.1029,2133,"Периферия, явных признаков нет: 4-е колено: исходящие не видны; получает от 1 плательщ. (11 тыс ₸)",4,False,True,0,0,1,0,1,0,11000.0,0.0,,0.0,1,0,0,0,0.00029683,0.0,1,0,0,0.0,,0.2167,0.0,
100000008074304100,peripheral,0.9,23,0.1019,2134,"Периферия, явных признаков нет: 4-е колено: исходящие не видны; получает от 1 плательщ. (6 тыс ₸)",4,False,True,0,0,1,0,1,0,5500.0,0.0,,0.0,1,0,0,0,0.00033242,0.0,0,0,0,0.0,,0.0632,0.0,
100000008710913100,peripheral,0.9,11,0.1018,2135,"Периферия, явных признаков нет: 4-е колено: исходящие не видны; получает от 1 плательщ. (14 тыс ₸); повтор. маршрутов: 1",4,False,True,0,0,1,0,1,0,14000.0,0.0,,0.0,1,0,0,1,0.00028811,0.0,1,0,0,0.0,,0.2573,0.0,
100000008321975100,peripheral,0.9,9,0.1002,2136,"Периферия, явных признаков нет: 4-е колено: исходящие не видны; получает от 1 плательщ. (6 тыс ₸)",4,False,True,0,0,1,0,1,0,5900.0,0.0,,0.0,1,0,0,0,0.00030323,0.0,1,0,0,0.0,,0.0813,0.0,
100000001297206100,peripheral,0.9,2,0.1001,2137,"Периферия, явных признаков нет: 4-е колено: исходящие не видны; получает от 1 плательщ. (7 тыс ₸)",4,False,True,0,0,1,0,1,0,6758.0,0.0,,0.0,1,0,0,0,0.00029851,0.0,0,0,0,0.0,,0.1016,0.0,
100000002305477100,peripheral,0.8854,39,0.0993,2138,"Периферия, явных признаков нет: 4-е колено: исходящие не видны; получает от 1 плательщ. (20 тыс ₸)",4,False,True,0,0,1,0,1,0,20000.0,0.0,,0.0,1,0,0,0,0.00031331,0.0,1,0,0,0.0,,0.3454,0.0,
100000006351075100,peripheral,0.8414,30,0.0992,2139,"Периферия, явных признаков нет: 4-е колено: исходящие не видны; получает от 1 плательщ. (40 тыс ₸)",4,False,True,0,0,1,0,2,0,40000.0,0.0,,0.0,1,0,0,0,0.00029109,0.0,1,0,0,0.0,,0.5282,0.0,
100000004674178100,peripheral,0.8854,33,0.099,2140,"Периферия, явных признаков нет: 4-е колено: исходящие не видны; получает от 1 плательщ. (20 тыс ₸)",4,False,True,0,0,1,0,1,0,20000.0,0.0,,0.0,1,0,0,0,0.00030274,0.0,1,0,0,0.0,,0.3454,0.0,
100000004911971100,peripheral,0.8487,23,0.0984,2141,"Периферия, явных признаков нет: 4-е колено: исходящие не видны; получает от 1 плательщ. (35 тыс ₸)",4,False,True,0,0,1,0,3,0,35000.0,0.0,,0.0,1,0,0,0,0.00028905,0.0,1,0,0,0.0,,0.5079,0.0,
100000008759795100,peripheral,0.9,16,0.0976,2142,"Периферия, явных признаков нет: 4-е колено: исходящие не видны; получает от 1 плательщ. (17 тыс ₸)",4,False,True,0,0,1,0,1,0,17000.0,0.0,,0.0,1,0,0,0,0.00029467,0.0,1,0,0,0.0,,0.3205,0.0,
100000005370558100,peripheral,0.9,3,0.0976,2143,"Периферия, явных признаков нет: 4-е колено: исходящие не видны; получает от 1 плательщ. (5 тыс ₸)",4,False,True,0,0,1,0,1,0,5000.0,0.0,,0.0,1,0,0,0,0.0002993,0.0,1,0,0,0.0,,0.0,0.0,
100000006491963100,peripheral,0.9,16,0.0961,2144,"Периферия, явных признаков нет: 4-е колено: исходящие не видны; получает от 1 плательщ. (16 тыс ₸)",4,False,True,0,0,1,0,3,0,16000.0,0.0,,0.0,1,0,0,0,0.00029413,0.0,1,0,0,0.0,,0.307,0.0,
100000001249054100,peripheral,0.8985,13,0.096,2145,"Периферия, явных признаков нет: 4-е колено: исходящие не видны; получает от 1 плательщ. (17 тыс ₸)",4,False,True,0,0,1,0,1,0,17375.0,0.0,,0.0,1,0,0,0,0.00029207,0.0,1,0,0,0.0,,0.3251,0.0,
100000005025629100,peripheral,0.9,23,0.0955,2146,"Периферия, явных признаков нет: 4-е колено: исходящие не видны; получает от 1 плательщ. (5 тыс ₸)",4,False,True,0,0,1,0,1,0,5227.0,0.0,,0.0,1,0,0,0,0.00031415,0.0,1,0,0,0.0,,0.0519,0.0,
100000002726055100,peripheral,0.9,39,0.0952,2147,"Периферия, явных признаков нет: 4-е колено: исходящие не видны; получает от 1 плательщ. (10 тыс ₸)",4,False,True,0,0,1,0,1,0,10000.0,0.0,,0.0,1,0,0,0,0.00034001,0.0,0,0,0,0.0,,0.1535,0.0,
100000004780083100,peripheral,0.9,3,0.0944,2148,"Периферия, явных признаков нет: 4-е колено: исходящие не видны; получает от 1 плательщ. (10 тыс ₸)",4,False,True,0,0,1,0,1,0,9999.0,0.0,,0.0,1,0,0,0,0.00029339,0.0,0,0,0,0.0,,0.1512,0.0,
100000003096787100,peripheral,0.9,13,0.0942,2149,"Периферия, явных признаков нет: 4-е колено: исходящие не видны; получает от 1 плательщ. (16 тыс ₸)",4,False,True,0,0,1,0,1,0,16400.0,0.0,,0.0,1,0,0,0,0.00029171,0.0,1,0,0,0.0,,0.3138,0.0,
100000004041294100,peripheral,0.8965,33,0.0941,2150,"Периферия, явных признаков нет: 4-е колено: исходящие не видны; получает от 1 плательщ. (18 тыс ₸)",4,False,True,0,0,1,0,2,0,17800.0,0.0,,0.0,1,0,0,0,0.00030085,0.0,1,0,0,0.0,,0.3318,0.0,
100000006412162100,peripheral,0.9,16,0.0936,2151,"Периферия, явных признаков нет: 4-е колено: исходящие не видны; получает от 1 плательщ. (15 тыс ₸)",4,False,True,0,0,1,0,2,0,15000.0,0.0,,0.0,1,0,0,0,0.0002936,0.0,1,0,0,0.0,,0.2731,0.0,
100000002528978100,peripheral,0.9,13,0.0931,2152,"Периферия, явных признаков нет: 4-е колено: исходящие не видны; получает от 1 плательщ. (16 тыс ₸)",4,False,True,0,0,1,0,1,0,15900.0,0.0,,0.0,1,0,0,0,0.00029152,0.0,1,0,0,0.0,,0.3047,0.0,
100000002733083100,peripheral,0.9,13,0.0917,2153,"Периферия, явных признаков нет: 4-е колено: исходящие не видны; получает от 1 плательщ. (15 тыс ₸)",4,False,True,0,0,1,0,1,0,15200.0,0.0,,0.0,1,0,0,0,0.00029126,0.0,1,0,0,0.0,,0.3002,0.0,
100000004047887100,peripheral,0.8565,23,0.0916,2154,"Периферия, явных признаков нет: 4-е колено: исходящие не видны; получает от 1 плательщ. (30 тыс ₸)",4,False,True,0,0,1,0,1,0,30000.0,0.0,,0.0,1,0,0,0,0.00028801,0.0,1,0,0,0.0,,0.4605,0.0,
100000004616845100,peripheral,0.8851,13,0.0916,2155,"Периферия, явных признаков нет: 4-е колено: исходящие не видны; получает от 1 плательщ. (20 тыс ₸)",4,False,True,0,0,1,0,2,0,20200.0,0.0,,0.0,1,0,0,0,0.00028882,0.0,0,0,0,0.0,,0.395,0.0,
100000003083865100,peripheral,0.9,13,0.0912,2156,"Периферия, явных признаков нет: 4-е колено: исходящие не видны; получает от 1 плательщ. (15 тыс ₸)",4,False,True,0,0,1,0,1,0,15000.0,0.0,,0.0,1,0,0,0,0.00029118,0.0,1,0,0,0.0,,0.2731,0.0,
100000003166017100,peripheral,0.9,13,0.0912,2157,"Периферия, явных признаков нет: 4-е колено: исходящие не видны; получает от 1 плательщ. (15 тыс ₸)",4,False,True,0,0,1,0,1,0,15000.0,0.0,,0.0,1,0,0,0,0.00029118,0.0,1,0,0,0.0,,0.2731,0.0,
100000002130400100,peripheral,0.9,37,0.091,2158,"Периферия, явных признаков нет: 4-е колено: исходящие не видны; получает от 1 плательщ. (10 тыс ₸)",4,False,True,0,0,1,0,1,0,10000.0,0.0,,0.0,1,0,0,0,0.00031755,0.0,0,0,0,0.0,,0.1535,0.0,
100000008554390100,peripheral,0.9,16,0.0908,2159,"Периферия, явных признаков нет: 4-е колено: исходящие не видны; получает от 1 плательщ. (14 тыс ₸)",4,False,True,0,0,1,0,1,0,14000.0,0.0,,0.0,1,0,0,0,0.00029306,0.0,1,0,0,0.0,,0.2573,0.0,
100000006735545100,peripheral,0.9,3,0.0899,2160,"Периферия, явных признаков нет: 4-е колено: исходящие не видны; получает от 1 плательщ. (5 тыс ₸)",4,False,True,0,0,1,0,1,0,5000.0,0.0,,0.0,1,0,0,0,0.00029327,0.0,1,0,0,0.0,,0.0,0.0,
100000003786516100,peripheral,0.9,3,0.0897,2161,"Периферия, явных признаков нет: 4-е колено: исходящие не видны; получает от 1 плательщ. (5 тыс ₸)",4,False,True,0,0,1,0,1,0,5000.0,0.0,,0.0,1,0,0,0,0.00029316,0.0,1,0,0,0.0,,0.0,0.0,
100000002597074100,peripheral,0.9,30,0.0889,2162,"Периферия, явных признаков нет: 4-е колено: исходящие не видны; получает от 1 плательщ. (8 тыс ₸)",4,False,True,0,0,1,0,1,0,8000.0,0.0,,0.0,1,0,0,0,0.00031043,0.0,0,0,0,0.0,,0.1242,0.0,
100000008525136100,peripheral,0.9,3,0.0886,2163,"Периферия, явных признаков нет: 4-е колено: исходящие не видны; получает от 1 плательщ. (14 тыс ₸)",4,False,True,0,0,1,0,1,0,14100.0,0.0,,0.0,1,0,0,0,0.00028852,0.0,1,0,0,0.0,,0.2664,0.0,
100000002304943100,peripheral,0.9,39,0.0885,2164,"Периферия, явных признаков нет: 4-е колено: исходящие не видны; получает от 1 плательщ. (15 тыс ₸)",4,False,True,0,0,1,0,1,0,15000.0,0.0,,0.0,1,0,0,0,0.00030637,0.0,1,0,0,0.0,,0.2731,0.0,
100000005553088100,peripheral,0.898,27,0.0885,2165,"Периферия, явных признаков нет: 4-е колено: исходящие не видны; получает от 1 плательщ. (18 тыс ₸)",4,False,True,0,0,1,0,1,0,17500.0,0.0,,0.0,1,0,0,0,0.00029429,0.0,0,0,0,0.0,,0.3273,0.0,
100000008631800100,peripheral,0.9,16,0.0884,2166,"Периферия, явных признаков нет: 4-е колено: исходящие не видны; получает от 1 плательщ. (13 тыс ₸)",4,False,True,0,0,1,0,1,0,12850.0,0.0,,0.0,1,0,0,0,0.00029245,0.0,1,0,0,0.0,,0.237,0.0,
100000004848236100,peripheral,0.9,30,0.0874,2167,"Периферия, явных признаков нет: 4-е колено: исходящие не видны; получает от 1 плательщ. (8 тыс ₸)",4,False,True,0,0,1,0,1,0,7500.0,0.0,,0.0,1,0,0,0,0.00030887,0.0,0,0,0,0.0,,0.1196,0.0,
100000005485830100,distributor,0.2537,40,0.0868,2168,"Признаки веерной раздачи: платит 5 получат. (276 тыс ₸); seed, входящие занижены",0,True,False,0,0,0,5,0,9,0.0,275885.0,,0.0,0,0,0,0,0.00028557,0.0,0,0,0,0.0,0.8625,0.65,0.0,
100000004433250100,peripheral,0.9,30,0.0867,2169,"Периферия, явных признаков нет: 4-е колено: исходящие не видны; получает от 1 плательщ. (8 тыс ₸)",4,False,True,0,0,1,0,1,0,8000.0,0.0,,0.0,1,0,0,0,0.00030657,0.0,0,0,0,0.0,,0.1242,0.0,
100000004780327100,peripheral,0.9,16,0.0866,2170,"Периферия, явных признаков нет: 4-е колено: исходящие не видны; получает от 1 плательщ. (12 тыс ₸)",4,False,True,0,0,1,0,1,0,12000.0,0.0,,0.0,1,0,0,0,0.00029199,0.0,1,0,0,0.0,,0.2212,0.0,
100000002876914100,peripheral,0.9,16,0.0866,2171,"Периферия, явных признаков нет: 4-е колено: исходящие не видны; получает от 1 плательщ. (12 тыс ₸)",4,False,True,0,0,1,0,1,0,12000.0,0.0,,0.0,1,0,0,0,0.00029199,0.0,1,0,0,0.0,,0.2212,0.0,
100000002645046100,peripheral,0.9,16,0.0866,2172,"Периферия, явных признаков нет: 4-е колено: исходящие не видны; получает от 1 плательщ. (12 тыс ₸)",4,False,True,0,0,1,0,1,0,12000.0,0.0,,0.0,1,0,0,0,0.00029199,0.0,1,0,0,0.0,,0.2212,0.0,
100000004272302100,peripheral,0.9,3,0.0825,2173,"Периферия, явных признаков нет: 4-е колено: исходящие не видны; получает от 1 плательщ. (10 тыс ₸)",4,False,True,0,0,1,0,1,0,10000.0,0.0,,0.0,1,0,0,0,0.00028774,0.0,0,0,0,0.0,,0.1535,0.0,
100000000673915100,peripheral,0.8851,23,0.0816,2174,"Периферия, явных признаков нет: 4-е колено: исходящие не видны; получает от 1 плательщ. (20 тыс ₸)",4,False,True,0,0,1,0,1,0,20200.0,0.0,,0.0,1,0,0,0,0.00028758,0.0,1,0,0,0.0,,0.395,0.0,
100000004813068100,peripheral,0.7753,5,0.0814,2175,"Периферия, явных признаков нет: платит 3 получат. (297 тыс ₸); seed, входящие занижены",0,True,False,0,0,0,3,0,5,0.0,297000.0,,0.0,0,0,0,0,0.00028557,0.0,0,0,0,0.0,0.725,0.6625,0.0,
100000001286703100,peripheral,0.8847,23,0.0808,2176,"Периферия, явных признаков нет: 4-е колено: исходящие не видны; получает от 1 плательщ. (20 тыс ₸)",4,False,True,0,0,1,0,1,0,20500.0,0.0,,0.0,1,0,0,0,0.00028724,0.0,1,0,0,0.0,,0.3995,0.0,
100000004070530100,peripheral,0.8854,23,0.0804,2177,"Периферия, явных признаков нет: 4-е колено: исходящие не видны; получает от 1 плательщ. (20 тыс ₸)",4,False,True,0,0,1,0,1,0,20000.0,0.0,,0.0,1,0,0,0,0.0002872,0.0,1,0,0,0.0,,0.3454,0.0,
100000004107228100,peripheral,0.9,2,0.0801,2178,"Периферия, явных признаков нет: 4-е колено: исходящие не видны; получает от 1 плательщ. (5 тыс ₸)",4,False,True,0,0,1,0,1,0,5000.0,0.0,,0.0,1,0,0,0,0.00028871,0.0,1,0,0,0.0,,0.0,0.0,
100000000581682100,peripheral,0.9,12,0.0794,2179,"Периферия, явных признаков нет: 4-е колено: исходящие не видны; получает от 1 плательщ. (5 тыс ₸)",4,False,True,0,0,1,0,1,0,5000.0,0.0,,0.0,1,0,0,0,0.00029086,0.0,1,0,0,0.0,,0.0,0.0,
100000001325618100,peripheral,0.9,16,0.0792,2180,"Периферия, явных признаков нет: 4-е колено: исходящие не видны; получает от 1 плательщ. (9 тыс ₸)",4,False,True,0,0,1,0,1,0,9300.0,0.0,,0.0,1,0,0,0,0.00029055,0.0,1,0,0,0.0,,0.149,0.0,
100000002707106100,peripheral,0.9,13,0.0784,2181,"Периферия, явных признаков нет: 4-е колено: исходящие не видны; получает от 1 плательщ. (15 тыс ₸)",4,False,True,0,0,1,0,2,0,15000.0,0.0,,0.0,1,0,0,0,0.00028661,0.0,1,0,0,0.0,,0.2731,0.0,
100000004263867100,peripheral,0.9,16,0.0784,2182,"Периферия, явных признаков нет: 4-е колено: исходящие не видны; получает от 1 плательщ. (9 тыс ₸)",4,False,True,0,0,1,0,1,0,9000.0,0.0,,0.0,1,0,0,0,0.00029039,0.0,1,0,0,0.0,,0.1377,0.0,
100000004449824100,peripheral,0.9,16,0.0784,2183,"Периферия, явных признаков нет: 4-е колено: исходящие не видны; получает от 1 плательщ. (9 тыс ₸)",4,False,True,0,0,1,0,1,0,9000.0,0.0,,0.0,1,0,0,0,0.00029039,0.0,1,0,0,0.0,,0.1377,0.0,
100000002227960100,peripheral,0.9,39,0.0776,2184,"Периферия, явных признаков нет: 4-е колено: исходящие не видны; получает от 1 плательщ. (10 тыс ₸)",4,False,True,0,0,1,0,1,0,10000.0,0.0,,0.0,1,0,0,0,0.00029944,0.0,1,0,0,0.0,,0.1535,0.0,
100000003105089100,peripheral,0.9,39,0.0776,2185,"Периферия, явных признаков нет: 4-е колено: исходящие не видны; получает от 1 плательщ. (10 тыс ₸)",4,False,True,0,0,1,0,1,0,10000.0,0.0,,0.0,1,0,0,0,0.00029944,0.0,1,0,0,0.0,,0.1535,0.0,
100000003194831100,peripheral,0.9,16,0.0773,2186,"Периферия, явных признаков нет: 4-е колено: исходящие не видны; получает от 1 плательщ. (6 тыс ₸)",4,False,True,0,0,1,0,1,0,6265.0,0.0,,0.0,1,0,0,0,0.00029083,0.0,0,0,0,0.0,,0.0903,0.0,
100000008778753100,peripheral,0.9,33,0.0772,2187,"Периферия, явных признаков нет: 4-е колено: исходящие не видны; получает от 1 плательщ. (10 тыс ₸)",4,False,True,0,0,1,0,1,0,10000.0,0.0,,0.0,1,0,0,0,0.00029416,0.0,1,0,0,0.0,,0.1535,0.0,
100000001299443100,peripheral,0.9,16,0.0765,2188,"Периферия, явных признаков нет: 4-е колено: исходящие не видны; получает от 1 плательщ. (8 тыс ₸)",4,False,True,0,0,1,0,1,0,8000.0,0.0,,0.0,1,0,0,0,0.00028985,0.0,1,0,0,0.0,,0.1242,0.0,
100000008761220100,peripheral,0.9,11,0.0755,2189,"Периферия, явных признаков нет: 4-е колено: исходящие не видны; получает от 1 плательщ. (10 тыс ₸)",4,False,True,0,0,1,0,1,0,10000.0,0.0,,0.0,1,0,0,0,0.00028688,0.0,1,0,0,0.0,,0.1535,0.0,
100000008761132100,peripheral,0.9,11,0.0755,2190,"Периферия, явных признаков нет: 4-е колено: исходящие не видны; получает от 1 плательщ. (10 тыс ₸)",4,False,True,0,0,1,0,1,0,10000.0,0.0,,0.0,1,0,0,0,0.00028688,0.0,1,0,0,0.0,,0.1535,0.0,
100000008758106100,peripheral,0.9,11,0.0755,2191,"Периферия, явных признаков нет: 4-е колено: исходящие не видны; получает от 1 плательщ. (10 тыс ₸)",4,False,True,0,0,1,0,1,0,10000.0,0.0,,0.0,1,0,0,0,0.00028688,0.0,1,0,0,0.0,,0.1535,0.0,
100000007018630100,peripheral,0.8234,38,0.075,2192,"Периферия, явных признаков нет: платит 1 получат. (200 тыс ₸); повтор. маршрутов: 1; seed, входящие занижены",0,True,False,0,0,0,1,0,5,0.0,200000.0,,0.0,0,0,0,1,0.00028557,0.0,0,0,0,0.0,0.3875,0.625,0.0,
100000008770483100,peripheral,0.9,11,0.0746,2193,"Периферия, явных признаков нет: 4-е колено: исходящие не видны; получает от 1 плательщ. (5 тыс ₸)",4,False,True,0,0,1,0,1,0,5000.0,0.0,,0.0,1,0,0,0,0.00028889,0.0,1,0,0,0.0,,0.0,0.0,
100000003005167100,peripheral,0.9,16,0.0742,2194,"Периферия, явных признаков нет: 4-е колено: исходящие не видны; получает от 1 плательщ. (7 тыс ₸)",4,False,True,0,0,1,0,1,0,7000.0,0.0,,0.0,1,0,0,0,0.00028932,0.0,1,0,0,0.0,,0.1061,0.0,
100000001714883100,peripheral,0.9,16,0.0736,2195,"Периферия, явных признаков нет: 4-е колено: исходящие не видны; получает от 1 плательщ. (7 тыс ₸)",4,False,True,0,0,1,0,1,0,6900.0,0.0,,0.0,1,0,0,0,0.00028926,0.0,1,0,0,0.0,,0.1038,0.0,
100000002474570100,peripheral,0.9,16,0.0731,2196,"Периферия, явных признаков нет: 4-е колено: исходящие не видны; получает от 1 плательщ. (7 тыс ₸)",4,False,True,0,0,1,0,1,0,6750.0,0.0,,0.0,1,0,0,0,0.00028918,0.0,1,0,0,0.0,,0.0993,0.0,
100000008762885100,peripheral,0.9,11,0.0718,2197,"Периферия, явных признаков нет: 4-е колено: исходящие не видны; получает от 1 плательщ. (7 тыс ₸)",4,False,True,0,0,1,0,1,0,7000.0,0.0,,0.0,1,0,0,0,0.00028726,0.0,1,0,0,0.0,,0.1061,0.0,
100000008762843100,peripheral,0.9,11,0.0718,2198,"Периферия, явных признаков нет: 4-е колено: исходящие не видны; получает от 1 плательщ. (7 тыс ₸)",4,False,True,0,0,1,0,1,0,7000.0,0.0,,0.0,1,0,0,0,0.00028726,0.0,1,0,0,0.0,,0.1061,0.0,
100000008522127100,peripheral,0.84,11,0.0717,2199,"Периферия, явных признаков нет: платит 1 получат. (145 тыс ₸); seed, входящие занижены",0,True,False,0,0,0,1,0,3,0.0,145000.0,,0.0,0,0,0,0,0.00028557,0.0,0,1,0,0.0,0.3875,0.575,0.0,
100000002981489100,peripheral,0.9,23,0.0716,2200,"Периферия, явных признаков нет: 4-е колено: исходящие не видны; получает от 1 плательщ. (10 тыс ₸)",4,False,True,0,0,1,0,1,0,10000.0,0.0,,0.0,1,0,0,0,0.00028833,0.0,1,0,0,0.0,,0.1535,0.0,
100000002878483100,peripheral,0.9,16,0.0712,2201,"Периферия, явных признаков нет: 4-е колено: исходящие не видны; получает от 1 плательщ. (6 тыс ₸)",4,False,True,0,0,1,0,1,0,6000.0,0.0,,0.0,1,0,0,0,0.00028878,0.0,1,0,0,0.0,,0.0835,0.0,
100000002512742100,peripheral,0.9,16,0.0712,2202,"Периферия, явных признаков нет: 4-е колено: исходящие не видны; получает от 1 плательщ. (6 тыс ₸)",4,False,True,0,0,1,0,1,0,6000.0,0.0,,0.0,1,0,0,0,0.00028878,0.0,1,0,0,0.0,,0.0835,0.0,
100000002986245100,peripheral,0.9,16,0.0702,2203,"Периферия, явных признаков нет: 4-е колено: исходящие не видны; получает от 1 плательщ. (6 тыс ₸)",4,False,True,0,0,1,0,1,0,5750.0,0.0,,0.0,1,0,0,0,0.00028865,0.0,1,0,0,0.0,,0.079,0.0,
100000004268036100,peripheral,0.9,16,0.0696,2204,"Периферия, явных признаков нет: 4-е колено: исходящие не видны; получает от 1 плательщ. (6 тыс ₸)",4,False,True,0,0,1,0,1,0,5500.0,0.0,,0.0,1,0,0,0,0.00028851,0.0,1,0,0,0.0,,0.0632,0.0,
100000002999140100,peripheral,0.9,29,0.069,2205,"Периферия, явных признаков нет: 4-е колено: исходящие не видны; получает от 1 плательщ. (10 тыс ₸)",4,False,True,0,0,1,0,2,0,10000.0,0.0,,0.0,1,0,0,0,0.00028948,0.0,1,0,0,0.0,,0.1535,0.0,
100000002635746100,peripheral,0.9,16,0.0689,2206,"Периферия, явных признаков нет: 4-е колено: исходящие не видны; получает от 1 плательщ. (5 тыс ₸)",4,False,True,0,0,1,0,1,0,5300.0,0.0,,0.0,1,0,0,0,0.00028841,0.0,1,0,0,0.0,,0.0542,0.0,
100000008648783100,peripheral,0.9,16,0.0686,2207,"Периферия, явных признаков нет: 4-е колено: исходящие не видны; получает от 1 плательщ. (5 тыс ₸)",4,False,True,0,0,1,0,1,0,5200.0,0.0,,0.0,1,0,0,0,0.00028835,0.0,1,0,0,0.0,,0.0497,0.0,
100000008762005100,peripheral,0.9,11,0.0682,2208,"Периферия, явных признаков нет: 4-е колено: исходящие не видны; получает от 1 плательщ. (5 тыс ₸)",4,False,True,0,0,1,0,1,0,5000.0,0.0,,0.0,1,0,0,0,0.00028678,0.0,1,0,0,0.0,,0.0,0.0,
100000001590795100,peripheral,0.9,16,0.068,2209,"Периферия, явных признаков нет: 4-е колено: исходящие не видны; получает от 1 плательщ. (5 тыс ₸)",4,False,True,0,0,1,0,1,0,5060.0,0.0,,0.0,1,0,0,0,0.00028828,0.0,1,0,0,0.0,,0.0451,0.0,
100000008766031100,peripheral,0.9,11,0.0676,2210,"Периферия, явных признаков нет: 4-е колено: исходящие не видны; получает от 1 плательщ. (5 тыс ₸)",4,False,True,0,0,1,0,1,0,5000.0,0.0,,0.0,1,0,0,0,0.00028648,0.0,1,0,0,0.0,,0.0,0.0,
100000005744674100,peripheral,0.8893,4,0.0674,2211,"Периферия, явных признаков нет: платит 1 получат. (50 тыс ₸); seed, входящие занижены",0,True,False,0,0,0,1,0,2,0.0,50066.0,,0.0,0,2,0,0,0.00028557,0.0,0,1,0,0.0,0.3875,0.375,0.0,
100000008766764100,peripheral,0.9,11,0.0671,2212,"Периферия, явных признаков нет: 4-е колено: исходящие не видны; получает от 1 плательщ. (5 тыс ₸)",4,False,True,0,0,1,0,1,0,5000.0,0.0,,0.0,1,0,0,0,0.00028623,0.0,1,0,0,0.0,,0.0,0.0,
100000008758607100,peripheral,0.9,11,0.0671,2213,"Периферия, явных признаков нет: 4-е колено: исходящие не видны; получает от 1 плательщ. (5 тыс ₸)",4,False,True,0,0,1,0,1,0,5000.0,0.0,,0.0,1,0,0,0,0.00028623,0.0,1,0,0,0.0,,0.0,0.0,
100000008775747100,peripheral,0.9,11,0.0671,2214,"Периферия, явных признаков нет: 4-е колено: исходящие не видны; получает от 1 плательщ. (5 тыс ₸)",4,False,True,0,0,1,0,1,0,5000.0,0.0,,0.0,1,0,0,0,0.00028623,0.0,1,0,0,0.0,,0.0,0.0,
100000005417257100,peripheral,0.8341,15,0.0667,2215,"Периферия, явных признаков нет: платит 2 получат. (106 тыс ₸); seed, входящие занижены",0,True,False,0,0,0,2,0,2,0.0,106000.0,,0.0,0,0,0,0,0.00028557,0.0,0,0,0,0.0,0.625,0.5375,0.0,
100000005146665100,peripheral,0.9,13,0.0667,2216,"Периферия, явных признаков нет: 4-е колено: исходящие не видны; получает от 1 плательщ. (6 тыс ₸)",4,False,True,0,0,1,0,1,0,5500.0,0.0,,0.0,1,0,0,0,0.00028645,0.0,0,0,0,0.0,,0.0632,0.0,
100000001498732100,peripheral,0.9,25,0.0646,2217,"Периферия, явных признаков нет: 4-е колено: исходящие не видны; получает от 1 плательщ. (6 тыс ₸)",4,False,True,0,0,1,0,1,0,5500.0,0.0,,0.0,1,0,0,0,0.00028941,0.0,1,0,0,0.0,,0.0632,0.0,
100000004388983100,peripheral,0.7732,44,0.0642,2218,"Периферия, явных признаков нет: платит 2 получат. (451 тыс ₸); seed, входящие занижены",0,True,False,0,0,0,2,0,23,0.0,450816.0,,0.0,0,0,0,0,0.00028557,0.0,0,0,0,0.0,0.625,0.7,0.0,
100000008654653100,peripheral,0.8864,4,0.0639,2219,"Периферия, явных признаков нет: платит 1 получат. (54 тыс ₸); seed, входящие занижены",0,True,False,0,0,0,1,0,1,0.0,54000.0,,0.0,0,0,0,0,0.00028557,0.0,0,1,0,0.0,0.3875,0.4,0.0,
100000000542087100,peripheral,0.9,23,0.0631,2220,"Периферия, явных признаков нет: 4-е колено: исходящие не видны; получает от 1 плательщ. (9 тыс ₸)",4,False,True,0,0,1,0,1,0,8506.91,0.0,,0.0,1,0,0,0,0.00028641,0.0,1,0,0,0.0,,0.1354,0.0,
100000000627521100,peripheral,0.9,23,0.0606,2221,"Периферия, явных признаков нет: 4-е колено: исходящие не видны; получает от 1 плательщ. (6 тыс ₸)",4,False,True,0,0,1,0,1,0,6500.0,0.0,,0.0,1,0,0,0,0.0002861,0.0,1,0,0,0.0,,0.0926,0.0,
100000002916006100,peripheral,0.9,15,0.054,2222,"Периферия, явных признаков нет: платит 1 получат. (32 тыс ₸); seed, входящие занижены",0,True,False,0,0,0,1,0,1,0.0,32000.0,,0.0,0,1,0,0,0.00028557,0.0,0,1,0,0.0,0.3875,0.3375,0.0,
100000004714705100,peripheral,0.9,15,0.053,2223,"Периферия, явных признаков нет: платит 1 получат. (37 тыс ₸); seed, входящие занижены",0,True,False,0,0,0,1,0,1,0.0,36550.0,,0.0,0,0,0,0,0.00028557,0.0,0,0,0,0.0,0.3875,0.35,0.0,
100000008575624100,peripheral,0.8272,41,0.0505,2224,"Периферия, явных признаков нет: платит 3 получат. (90 тыс ₸); seed, входящие занижены",0,True,False,0,0,0,3,0,5,0.0,89500.0,,0.0,0,1,0,0,0.00028557,0.0,0,0,0,0.0,0.725,0.475,0.0,
100000006249740100,peripheral,0.8232,45,0.047,2225,"Периферия, явных признаков нет: платит 3 получат. (93 тыс ₸); seed, входящие занижены",0,True,False,0,0,0,3,0,5,0.0,93007.0,,0.0,0,0,0,0,0.00028557,0.0,0,0,0,0.0,0.725,0.5,0.0,
100000005392290100,peripheral,0.8645,46,0.0451,2226,"Периферия, явных признаков нет: платит 1 получат. (81 тыс ₸); seed, входящие занижены",0,True,False,0,0,0,1,0,1,0.0,81465.0,,0.0,0,0,0,0,0.00028557,0.0,0,0,0,0.0,0.3875,0.4625,0.0,
100000003200071100,peripheral,0.9,47,0.0329,2227,"Периферия, явных признаков нет: платит 1 получат. (30 тыс ₸); seed, входящие занижены",0,True,False,0,0,0,1,0,1,0.0,30000.0,,0.0,0,0,0,0,0.00028557,0.0,0,0,0,0.0,0.3875,0.3125,0.0,
100000005543136100,peripheral,0.9,27,0.0313,2228,"Периферия, явных признаков нет: платит 1 получат. (10 тыс ₸); seed, входящие занижены",0,True,False,0,0,0,1,0,1,0.0,10000.0,,0.0,0,0,0,0,0.00028557,0.0,0,1,0,0.0,0.3875,0.2375,0.0,
100000006831291100,peripheral,0.9,45,0.0231,2229,"Периферия, явных признаков нет: платит 1 получат. (15 тыс ₸); seed, входящие занижены",0,True,False,0,0,0,1,0,3,0.0,15000.0,,0.0,0,0,0,0,0.00028557,0.0,0,0,0,0.0,0.3875,0.25,0.0,
100000000456947100,peripheral,0.9,48,0.0143,2230,"Периферия, явных признаков нет: seed, входящие занижены",0,True,False,0,0,0,0,0,0,0.0,0.0,,0.0,0,0,0,0,0.00028557,0.0,0,0,0,0.0,0.0,0.0,0.0,
100000003265658100,peripheral,0.9,49,0.0143,2231,"Периферия, явных признаков нет: seed, входящие занижены",0,True,False,0,0,0,0,0,0,0.0,0.0,,0.0,0,0,0,0,0.00028557,0.0,0,0,0,0.0,0.0,0.0,0.0,
100000003349739100,peripheral,0.9,50,0.0143,2232,"Периферия, явных признаков нет: seed, входящие занижены",0,True,False,0,0,0,0,0,0,0.0,0.0,,0.0,0,0,0,0,0.00028557,0.0,0,0,0,0.0,0.0,0.0,0.0,
100000003770083100,peripheral,0.9,51,0.0143,2233,"Периферия, явных признаков нет: seed, входящие занижены",0,True,False,0,0,0,0,0,0,0.0,0.0,,0.0,0,0,0,0,0.00028557,0.0,0,0,0,0.0,0.0,0.0,0.0,
100000004021459100,peripheral,0.9,52,0.0143,2234,"Периферия, явных признаков нет: seed, входящие занижены",0,True,False,0,0,0,0,0,0,0.0,0.0,,0.0,0,0,0,0,0.00028557,0.0,0,0,0,0.0,0.0,0.0,0.0,
100000004174835100,peripheral,0.9,53,0.0143,2235,"Периферия, явных признаков нет: seed, входящие занижены",0,True,False,0,0,0,0,0,0,0.0,0.0,,0.0,0,0,0,0,0.00028557,0.0,0,0,0,0.0,0.0,0.0,0.0,
100000005017150100,peripheral,0.9,54,0.0143,2236,"Периферия, явных признаков нет: seed, входящие занижены",0,True,False,0,0,0,0,0,0,0.0,0.0,,0.0,0,0,0,0,0.00028557,0.0,0,0,0,0.0,0.0,0.0,0.0,
100000005087431100,peripheral,0.9,55,0.0143,2237,"Периферия, явных признаков нет: seed, входящие занижены",0,True,False,0,0,0,0,0,0,0.0,0.0,,0.0,0,0,0,0,0.00028557,0.0,0,0,0,0.0,0.0,0.0,0.0,
100000005235389100,peripheral,0.9,56,0.0143,2238,"Периферия, явных признаков нет: seed, входящие занижены",0,True,False,0,0,0,0,0,0,0.0,0.0,,0.0,0,0,0,0,0.00028557,0.0,0,0,0,0.0,0.0,0.0,0.0,
100000005480435100,peripheral,0.9,57,0.0143,2239,"Периферия, явных признаков нет: seed, входящие занижены",0,True,False,0,0,0,0,0,0,0.0,0.0,,0.0,0,0,0,0,0.00028557,0.0,0,0,0,0.0,0.0,0.0,0.0,
100000005495722100,peripheral,0.9,58,0.0143,2240,"Периферия, явных признаков нет: seed, входящие занижены",0,True,False,0,0,0,0,0,0,0.0,0.0,,0.0,0,0,0,0,0.00028557,0.0,0,0,0,0.0,0.0,0.0,0.0,
100000005550592100,peripheral,0.9,59,0.0143,2241,"Периферия, явных признаков нет: seed, входящие занижены",0,True,False,0,0,0,0,0,0,0.0,0.0,,0.0,0,0,0,0,0.00028557,0.0,0,0,0,0.0,0.0,0.0,0.0,
100000005560900100,peripheral,0.9,60,0.0143,2242,"Периферия, явных признаков нет: seed, входящие занижены",0,True,False,0,0,0,0,0,0,0.0,0.0,,0.0,0,0,0,0,0.00028557,0.0,0,0,0,0.0,0.0,0.0,0.0,
100000005568407100,peripheral,0.9,61,0.0143,2243,"Периферия, явных признаков нет: seed, входящие занижены",0,True,False,0,0,0,0,0,0,0.0,0.0,,0.0,0,0,0,0,0.00028557,0.0,0,0,0,0.0,0.0,0.0,0.0,
100000008117324100,peripheral,0.9,62,0.0143,2244,"Периферия, явных признаков нет: seed, входящие занижены",0,True,False,0,0,0,0,0,0,0.0,0.0,,0.0,0,0,0,0,0.00028557,0.0,0,0,0,0.0,0.0,0.0,0.0,
100000008205000100,peripheral,0.9,63,0.0143,2245,"Периферия, явных признаков нет: seed, входящие занижены",0,True,False,0,0,0,0,0,0,0.0,0.0,,0.0,0,0,0,0,0.00028557,0.0,0,0,0,0.0,0.0,0.0,0.0,
100000008513251100,peripheral,0.9,64,0.0143,2246,"Периферия, явных признаков нет: seed, входящие занижены",0,True,False,0,0,0,0,0,0,0.0,0.0,,0.0,0,0,0,0,0.00028557,0.0,0,0,0,0.0,0.0,0.0,0.0,
100000008669037100,peripheral,0.9,65,0.0143,2247,"Периферия, явных признаков нет: seed, входящие занижены",0,True,False,0,0,0,0,0,0,0.0,0.0,,0.0,0,0,0,0,0.00028557,0.0,0,0,0,0.0,0.0,0.0,0.0,
100000008701222100,peripheral,0.9,66,0.0143,2248,"Периферия, явных признаков нет: seed, входящие занижены",0,True,False,0,0,0,0,0,0,0.0,0.0,,0.0,0,0,0,0,0.00028557,0.0,0,0,0,0.0,0.0,0.0,0.0,
